{"version":"2.5","namedParts":{},"animationObjects":{"Z9":"A8","Z8":"A7","Z11":"A10","Z10":"A9","Z7":"A6","Z6":"A5","Z5":"A4","Z4":"A3","Z3":"A2","Z2":"A1","Z1":"A0","Z12":"A11"},"animationFrameCount":47,"textureAtlas":[{"elements":[{"pivotY":5,"scale":1,"x":84,"height":56,"y":0,"pivotX":6,"name":"A0","atlasID":1,"width":93},{"pivotY":-24,"scale":1,"x":177,"height":51,"y":0,"pivotX":-21,"name":"A1","atlasID":1,"width":51},{"pivotY":2,"scale":1,"x":0,"height":111,"y":580,"pivotX":2,"name":"A2","atlasID":1,"width":88},{"pivotY":2,"scale":1,"x":376,"height":37,"y":0,"pivotX":2,"name":"A3","atlasID":1,"width":30},{"pivotY":2,"scale":1,"x":62,"height":11,"y":22,"pivotX":3,"name":"A4","atlasID":1,"width":11},{"pivotY":2,"scale":1,"x":228,"height":18,"y":39,"pivotX":2,"name":"A5","atlasID":1,"width":25},{"pivotY":2,"scale":1,"x":259,"height":27,"y":34,"pivotX":2,"name":"A6","atlasID":1,"width":26},{"pivotY":2,"scale":1,"x":259,"height":34,"y":0,"pivotX":2,"name":"A7","atlasID":1,"width":27},{"pivotY":2,"scale":1,"x":286,"height":33,"y":0,"pivotX":2,"name":"A8","atlasID":1,"width":28},{"pivotY":2,"scale":1,"x":0,"height":90,"y":490,"pivotX":2,"name":"A9","atlasID":1,"width":78},{"pivotY":4,"scale":1,"x":314,"height":62,"y":0,"pivotX":4,"name":"A10","atlasID":1,"width":62},{"pivotY":2,"scale":1,"x":0,"height":111,"y":580,"pivotX":2,"name":"A11","atlasID":1,"width":88}],"atlases":[{"id":1,"sources":[{"csf":1,"source":"atlas1.png"},{"csf":2,"source":"atlas2.png"}]}],"scale":1}],"animationConfigFrames":[{"state":{"Z5":{"st":"4,{0.99,0,0,0.82,45.97,69.72},0.5"},"Z4":{"st":"3,{1,0,0,0.89,37.37,60.15},1"},"Z3":{"st":"2,{1,0,0,0.95,7.83,1.35},1"},"Z2":{"st":"1,{1.23,0,0,1.17,5.05,15.83},0.5","e":[{"y":"7","t":"Fblur","x":"7"}]},"Z7":{"st":"6,{1,0,0,0.95,38.35,32.7},1"},"Z1":{"st":"0,{0.99,0,0,0.82,7.83,68.85},1","e":[{"y":"5","t":"Fblur","x":"5"}]},"Z6":{"st":"5,{0.99,0,0,0.82,40.36,61.31},1"}},"frameNumber":1},{"state":{"Z6":{"st":"5,{0.99,0,0,0.82,40.36,61.31},0"},"Z8":{"st":"5,{1,0,0,0.84,38.96,61.37},1"}},"frameNumber":23},{"state":{"Z9":{"st":"5,{1,0,0,0.86,37.95,61.37},1"},"Z8":{"st":"5,{1,0,0,0.84,38.96,61.37},0"}},"frameNumber":24},{"state":{"Z9":{"st":"5,{1,0,0,0.86,37.95,61.37},0"},"Z8":{"st":"5,{1,0,0,0.84,38.96,61.37},1"}},"frameNumber":28},{"state":{"Z6":{"st":"5,{0.99,0,0,0.82,40.36,61.31},1"},"Z8":{"st":"5,{1,0,0,0.84,38.96,61.37},0"}},"frameNumber":29},{"state":{"Z5":{"st":"4,{0.99,0,0,0.82,45.87,69.67},0.5"},"Z4":{"st":"3,{1,0,0,0.89,37.27,60.1},1"},"Z3":{"st":"2,{1,0,0,0.95,7.73,1.3},1"},"Z2":{"st":"1,{1.23,0,0,1.17,4.95,15.78},0.5","e":[{"y":"7","t":"Fblur","x":"7"}]},"Z7":{"st":"6,{1,0,0,0.95,38.25,32.65},1"},"Z1":{"st":"0,{0.99,0,0,0.82,7.73,68.8},1","e":[{"y":"5","t":"Fblur","x":"5"}]},"Z6":{"st":"5,{0.99,0,0,0.82,40.26,61.26},1"}},"frameNumber":32},{"state":{"Z5":{"st":"4,{0.91,0,0,0.84,46.19,68.83},0.5"},"Z4":{"st":"3,{0.92,0,0,0.91,38.3,59.01},1"},"Z3":{"st":"2,{0.92,0,0,0.98,11.16,-1.32},1"},"Z2":{"st":"1,{1.13,0,0,1.2,8.62,13.53},0.5","e":[{"y":"7","t":"Fblur","x":"7"}]},"Z7":{"st":"6,{0.92,0,0,0.98,39.2,30.84},1"},"Z1":{"st":"0,{0.91,0,0,0.84,11.16,67.94},1","e":[{"y":"5","t":"Fblur","x":"5"}]},"Z6":{"st":"5,{0.91,0,0,0.84,41.04,60.2},1"}},"frameNumber":33},{"state":{"Z5":{"st":"4,{0.83,0,0,0.86,46.47,67.94},0.5"},"Z4":{"st":"3,{0.84,0,0,0.93,39.27,57.87},1"},"Z3":{"st":"2,{0.84,0,0,1,14.55,-4},1"},"Z2":{"st":"1,{1.03,0,0,1.23,12.23,11.23},0.5","e":[{"y":"7","t":"Fblur","x":"7"}]},"Z7":{"st":"6,{0.84,0,0,1,40.09,28.99},1"},"Z1":{"st":"0,{0.83,0,0,0.86,14.55,67.02},1","e":[{"y":"5","t":"Fblur","x":"5"}]},"Z6":{"st":"5,{0.83,0,0,0.86,41.77,59.09},1"}},"frameNumber":34},{"state":{"Z5":{"st":"4,{0.86,0,0,0.77,48.11,71.66},0.5"},"Z4":{"st":"3,{0.87,0,0,0.83,40.62,62.67},1"},"Z3":{"st":"2,{0.87,0,0,0.89,14.86,7.42},1"},"Z2":{"st":"1,{1.08,0,0,1.1,12.44,21.02},0.5","e":[{"y":"7","t":"Fblur","x":"7"}]},"Z7":{"st":"6,{0.87,0,0,0.89,41.47,36.87},1"},"Z1":{"st":"0,{0.86,0,0,0.77,14.86,70.84},1","e":[{"y":"5","t":"Fblur","x":"5"}]},"Z6":{"st":"5,{0.86,0,0,0.77,43.22,63.75},1"}},"frameNumber":35},{"state":{"Z5":{"st":"3,{0.9,0,0,0.67,46.52,74.48},0.5"},"Z10":{"st":"1,{0.91,0,0,0.73,16.76,39.83},1"},"Z4":{"st":"2,{0.91,0,0,0.73,38.73,66.56},1"},"Z3":{"st":"2,{0.87,0,0,0.89,14.86,7.42},0"},"Z2":{"st":"0,{1.12,0,0,0.97,10.71,30.83},0.5","e":[{"y":"7","t":"Fblur","x":"7"}]},"Z7":{"st":"6,{0.87,0,0,0.89,41.47,36.87},0"},"Z1":{"st":"0,{0.86,0,0,0.77,14.86,70.84},0","e":[{"y":"5","t":"Fblur","x":"5"}]},"Z6":{"st":"4,{0.9,0,0,0.67,41.43,67.52},1"}},"frameNumber":36},{"state":{"Z5":{"st":"3,{0.9,0,0,0.67,46.52,74.48},0"},"Z10":{"st":"1,{0.91,0,0,0.73,16.76,39.83},0"},"Z4":{"st":"2,{0.91,0,0,0.73,38.73,66.56},0"},"Z11":{"st":"1,{1,0,0,1,21.6,43.3},1"},"Z2":{"st":"0,{0.94,0,0,0.89,18.75,33.7},0.5","e":[{"y":"7","t":"Fblur","x":"7"}]},"Z6":{"st":"4,{0.9,0,0,0.67,41.43,67.52},0"}},"frameNumber":37},{"state":{"Z11":{"st":"1,{1,0,0,1,21.6,36.8},1"},"Z2":{"st":"0,{0.94,0,0,0.89,18.75,27.2},0.5","e":[{"y":"7","t":"Fblur","x":"7"}]}},"frameNumber":38},{"state":{"Z5":{"st":"3,{0.82,0,0,0.69,44.52,70.15},0.5"},"Z10":{"st":"1,{0.83,0,0,0.75,17.21,34.46},1"},"Z4":{"st":"2,{0.83,0,0,0.75,37.37,61.99},1"},"Z11":{"st":"1,{1,0,0,1,21.6,36.8},0"},"Z2":{"st":"0,{1.03,0,0,0.99,11.65,25.2},0.5","e":[{"y":"7","t":"Fblur","x":"7"}]},"Z6":{"st":"4,{0.82,0,0,0.69,39.85,62.98},1"}},"frameNumber":39},{"state":{"Z5":{"st":"3,{0.83,0,0,0.78,44.1,68.42},0.5"},"Z2":{"st":"0,{1.03,0,0,1.11,11.15,18.19},0.5","e":[{"y":"7","t":"Fblur","x":"7"}]},"Z10":{"st":"1,{0.83,0,0,0.84,16.72,28.54},1"},"Z4":{"st":"2,{0.83,0,0,0.84,36.93,59.31},1"},"Z6":{"st":"4,{0.83,0,0,0.78,39.42,60.42},1"}},"frameNumber":40},{"state":{"Z5":{"st":"4,{0.83,0,0,0.86,46.47,67.79},0.5"},"Z10":{"st":"1,{0.83,0,0,0.84,16.72,28.54},0"},"Z4":{"st":"3,{0.84,0,0,0.93,39.27,57.72},1"},"Z6":{"st":"5,{0.83,0,0,0.86,41.77,58.94},1"},"Z2":{"st":"1,{1.03,0,0,1.23,12.23,11.08},0.5","e":[{"y":"7","t":"Fblur","x":"7"}]},"Z7":{"st":"6,{0.84,0,0,1,40.09,28.84},1"},"Z1":{"st":"0,{0.83,0,0,0.86,14.55,66.87},1","e":[{"y":"5","t":"Fblur","x":"5"}]},"Z12":{"st":"2,{0.84,0,0,1,14.55,-4.15},1"}},"frameNumber":41},{"state":{"Z5":{"st":"4,{0.91,0,0,0.84,46.19,68.68},0.5"},"Z4":{"st":"3,{0.92,0,0,0.91,38.3,58.86},1"},"Z6":{"st":"5,{0.91,0,0,0.84,41.04,60.05},1"},"Z2":{"st":"1,{1.13,0,0,1.2,8.62,13.38},0.5","e":[{"y":"7","t":"Fblur","x":"7"}]},"Z7":{"st":"6,{0.92,0,0,0.98,39.2,30.69},1"},"Z1":{"st":"0,{0.91,0,0,0.84,11.16,67.79},1","e":[{"y":"5","t":"Fblur","x":"5"}]},"Z12":{"st":"2,{0.92,0,0,0.98,11.16,-1.47},1"}},"frameNumber":42},{"state":{"Z5":{"st":"4,{0.99,0,0,0.82,45.87,69.57},0.5"},"Z4":{"st":"3,{1,0,0,0.89,37.27,60},1"},"Z6":{"st":"5,{0.99,0,0,0.82,40.26,61.16},1"},"Z2":{"st":"1,{1.23,0,0,1.17,4.95,15.68},0.5","e":[{"y":"7","t":"Fblur","x":"7"}]},"Z7":{"st":"6,{1,0,0,0.95,38.25,32.55},1"},"Z1":{"st":"0,{0.99,0,0,0.82,7.73,68.7},1","e":[{"y":"5","t":"Fblur","x":"5"}]},"Z12":{"st":"2,{1,0,0,0.95,7.73,1.2},1"}},"frameNumber":43},{"state":{"Z5":{"st":"4,{0.99,0,0,0.77,45.87,71.2},0.5"},"Z4":{"st":"3,{1,0,0,0.84,37.27,62.12},1"},"Z6":{"st":"5,{0.99,0,0,0.77,40.26,63.21},1"},"Z2":{"st":"1,{1.23,0,0,1.11,4.95,20.03},0.5","e":[{"y":"7","t":"Fblur","x":"7"}]},"Z7":{"st":"6,{1,0,0,0.9,38.25,36.05},1"},"Z1":{"st":"0,{0.99,0,0,0.77,7.73,70.38},1","e":[{"y":"5","t":"Fblur","x":"5"}]},"Z12":{"st":"2,{1,0,0,0.9,7.73,6.28},1"}},"frameNumber":44},{"state":{"Z5":{"st":"4,{0.99,0,0,0.73,45.87,72.88},0.5"},"Z4":{"st":"3,{1,0,0,0.8,37.27,64.28},1"},"Z6":{"st":"5,{0.99,0,0,0.73,40.26,65.32},1"},"Z2":{"st":"1,{1.23,0,0,1.05,4.95,24.43},0.5","e":[{"y":"7","t":"Fblur","x":"7"}]},"Z7":{"st":"6,{1,0,0,0.85,38.25,39.6},1"},"Z1":{"st":"0,{0.99,0,0,0.73,7.73,72.1},1","e":[{"y":"5","t":"Fblur","x":"5"}]},"Z12":{"st":"2,{1,0,0,0.85,7.73,11.41},1"}},"frameNumber":45},{"state":{"Z5":{"st":"4,{0.99,0,0,0.77,45.87,71.2},0.5"},"Z4":{"st":"3,{1,0,0,0.84,37.27,62.12},1"},"Z6":{"st":"5,{0.99,0,0,0.77,40.26,63.21},1"},"Z2":{"st":"1,{1.23,0,0,1.11,4.95,20.03},0.5","e":[{"y":"7","t":"Fblur","x":"7"}]},"Z7":{"st":"6,{1,0,0,0.9,38.25,36.05},1"},"Z1":{"st":"0,{0.99,0,0,0.77,7.73,70.38},1","e":[{"y":"5","t":"Fblur","x":"5"}]},"Z12":{"st":"2,{1,0,0,0.9,7.73,6.28},1"}},"frameNumber":46},{"state":{"Z5":{"st":"4,{0.99,0,0,0.82,45.87,69.57},0.5"},"Z4":{"st":"3,{1,0,0,0.89,37.27,60},1"},"Z6":{"st":"5,{0.99,0,0,0.82,40.26,61.16},1"},"Z2":{"st":"1,{1.23,0,0,1.17,4.95,15.68},0.5","e":[{"y":"7","t":"Fblur","x":"7"}]},"Z7":{"st":"6,{1,0,0,0.95,38.25,32.55},1"},"Z1":{"st":"0,{0.99,0,0,0.82,7.73,68.7},1","e":[{"y":"5","t":"Fblur","x":"5"}]},"Z12":{"st":"2,{1,0,0,0.95,7.73,1.2},1"}},"frameNumber":47}],"animationSequences":[{"endFrameNo":31,"id":"idle","startFrameNo":1},{"endFrameNo":37,"id":"move_start","startFrameNo":32},{"endFrameNo":46,"id":"move_end","startFrameNo":38}],"animationMasks":{}}