{"version":"2.5","namedParts":{},"animationObjects":{"Z5":"A4","Z4":"A3","Z9":"A8","Z3":"A2","Z8":"A7","Z2":"A1","Z7":"A6","Z1":"A0","Z6":"A5"},"animationFrameCount":72,"textureAtlas":[{"elements":[{"pivotY":5,"scale":1,"x":84,"height":56,"y":0,"pivotX":6,"name":"A0","atlasID":1,"width":93},{"pivotY":-24,"scale":1,"x":177,"height":51,"y":0,"pivotX":-21,"name":"A1","atlasID":1,"width":51},{"pivotY":2,"scale":1,"x":0,"height":65,"y":425,"pivotX":2,"name":"A2","atlasID":1,"width":83},{"pivotY":2,"scale":1,"x":228,"height":39,"y":0,"pivotX":2,"name":"A3","atlasID":1,"width":31},{"pivotY":2,"scale":1,"x":62,"height":11,"y":22,"pivotX":3,"name":"A4","atlasID":1,"width":11},{"pivotY":2,"scale":1,"x":228,"height":18,"y":39,"pivotX":2,"name":"A5","atlasID":1,"width":25},{"pivotY":2,"scale":1,"x":259,"height":34,"y":0,"pivotX":2,"name":"A6","atlasID":1,"width":27},{"pivotY":2,"scale":1,"x":286,"height":33,"y":0,"pivotX":2,"name":"A7","atlasID":1,"width":28},{"pivotY":4,"scale":1,"x":314,"height":62,"y":0,"pivotX":4,"name":"A8","atlasID":1,"width":62}],"atlases":[{"id":1,"sources":[{"csf":1,"source":"atlas1.png"},{"csf":2,"source":"atlas2.png"}]}],"scale":1}],"animationConfigFrames":[{"state":{"Z5":{"st":"4,{0.99,0,0,0.82,43.64,46.57},0.5"},"Z4":{"st":"3,{0.99,0,0,0.82,35.08,37.03},1"},"Z3":{"st":"2,{0.99,0,0,0.82,9.55,25.15},1"},"Z2":{"st":"1,{0.99,0,0,0.82,20.57,10.97},0.5","e":[{"y":"7","t":"Fblur","x":"7"}]},"Z1":{"st":"0,{0.99,0,0,0.82,8.13,45.03},1","e":[{"y":"5","t":"Fblur","x":"5"}]},"Z6":{"st":"5,{0.99,0,0,0.82,38.04,38.13},1"}},"frameNumber":1},{"state":{"Z6":{"st":"5,{0.99,0,0,0.82,38.04,38.13},0"},"Z7":{"st":"5,{1,0,0,0.84,36.63,38.19},1"}},"frameNumber":4},{"state":{"Z7":{"st":"5,{1,0,0,0.84,36.63,38.19},0"},"Z8":{"st":"5,{1,0,0,0.86,35.63,38.19},1"}},"frameNumber":5},{"state":{"Z7":{"st":"5,{1,0,0,0.84,36.63,38.19},1"},"Z8":{"st":"5,{1,0,0,0.86,35.63,38.19},0"}},"frameNumber":7},{"state":{"Z6":{"st":"5,{0.99,0,0,0.82,38.04,38.13},1"},"Z7":{"st":"5,{1,0,0,0.84,36.63,38.19},0"}},"frameNumber":8},{"state":{"Z5":{"st":"4,{0.99,0,0,0.82,43.54,46.77},0.5"},"Z4":{"st":"3,{0.99,0,0,0.82,34.98,37.23},1"},"Z3":{"st":"2,{0.99,0,0,0.82,9.45,25.35},1"},"Z2":{"st":"1,{0.99,0,0,0.82,20.48,11.17},0.5","e":[{"y":"7","t":"Fblur","x":"7"}]},"Z1":{"st":"0,{0.99,0,0,0.82,8.03,45.23},1","e":[{"y":"5","t":"Fblur","x":"5"}]},"Z6":{"st":"5,{0.99,0,0,0.82,37.94,38.33},1"}},"frameNumber":61},{"state":{"Z5":{"st":"4,{0.99,0,0,0.91,43.54,43.53},0.5"},"Z4":{"st":"3,{0.99,0,0,0.91,34.98,32.91},1"},"Z3":{"st":"2,{0.99,0,0,0.91,9.45,19.69},1"},"Z2":{"st":"1,{0.99,0,0,0.91,20.48,3.91},0.5","e":[{"y":"7","t":"Fblur","x":"7"}]},"Z1":{"st":"0,{0.99,0,0,0.91,8.03,41.81},1","e":[{"y":"5","t":"Fblur","x":"5"}]},"Z6":{"st":"5,{0.99,0,0,0.91,37.94,34.14},1"}},"frameNumber":62},{"state":{"Z5":{"st":"4,{0.99,0,0,1,43.54,40.39},0.5"},"Z4":{"st":"3,{0.99,0,0,1,34.98,28.7},1"},"Z3":{"st":"2,{0.99,0,0,1,9.45,14.13},1"},"Z2":{"st":"1,{0.99,0,0,1,20.48,-3.25},0.5","e":[{"y":"7","t":"Fblur","x":"7"}]},"Z1":{"st":"0,{0.99,0,0,1,8.03,38.5},1","e":[{"y":"5","t":"Fblur","x":"5"}]},"Z6":{"st":"5,{0.99,0,0,1,37.94,30.04},1"}},"frameNumber":63},{"state":{"Z5":{"st":"4,{0.89,0,0,0.98,44.14,41.17},0.5"},"Z4":{"st":"3,{0.89,0,0,0.98,36.41,29.76},1"},"Z3":{"st":"2,{0.89,0,0,0.98,13.36,15.54},1"},"Z2":{"st":"1,{0.89,0,0,0.98,23.31,-1.42},0.5","e":[{"y":"7","t":"Fblur","x":"7"}]},"Z7":{"st":"5,{0.9,0,0,1,37.81,31.14},1"},"Z1":{"st":"0,{0.89,0,0,0.98,12.07,39.33},1","e":[{"y":"5","t":"Fblur","x":"5"}]},"Z6":{"st":"5,{0.99,0,0,1,37.94,30.04},0"}},"frameNumber":64},{"state":{"Z5":{"st":"4,{0.8,0,0,0.95,44.79,42.05},0.5"},"Z4":{"st":"3,{0.8,0,0,0.95,37.89,30.92},1"},"Z3":{"st":"2,{0.8,0,0,0.95,17.32,17.05},1"},"Z8":{"st":"5,{0.81,0,0,1,38.33,32.27},1"},"Z2":{"st":"1,{0.8,0,0,0.95,26.2,0.51},0.5","e":[{"y":"7","t":"Fblur","x":"7"}]},"Z7":{"st":"5,{0.9,0,0,1,37.81,31.14},0"},"Z1":{"st":"0,{0.8,0,0,0.95,16.17,40.25},1","e":[{"y":"5","t":"Fblur","x":"5"}]}},"frameNumber":65},{"state":{"Z5":{"st":"4,{0.8,0,0,0.95,44.79,42.05},0"},"Z4":{"st":"3,{0.8,0,0,0.95,37.89,30.92},0"},"Z9":{"st":"1,{1,0,0,1,21.15,21.15},1"},"Z3":{"st":"2,{0.8,0,0,0.95,17.32,17.05},0"},"Z8":{"st":"5,{0.81,0,0,1,38.33,32.27},0"},"Z2":{"st":"0,{0.94,0,0,0.89,18.3,11.55},0.5","e":[{"y":"7","t":"Fblur","x":"7"}]},"Z1":{"st":"0,{0.8,0,0,0.95,16.17,40.25},0","e":[{"y":"5","t":"Fblur","x":"5"}]}},"frameNumber":66},{"state":{"Z9":{"st":"1,{1,0,0,1,21.15,15.65},1"},"Z2":{"st":"0,{0.94,0,0,0.89,18.3,6.05},0.5","e":[{"y":"7","t":"Fblur","x":"7"}]}},"frameNumber":67},{"state":{"Z5":{"st":"4,{0.8,0,0,0.95,44.79,42.55},0.5"},"Z4":{"st":"3,{0.8,0,0,0.95,37.89,31.42},1"},"Z9":{"st":"1,{1,0,0,1,21.15,15.65},0"},"Z3":{"st":"2,{0.8,0,0,0.95,17.32,17.55},1"},"Z2":{"st":"1,{0.8,0,0,0.95,26.2,1.01},0.5","e":[{"y":"7","t":"Fblur","x":"7"}]},"Z1":{"st":"0,{0.8,0,0,0.95,16.17,40.75},1","e":[{"y":"5","t":"Fblur","x":"5"}]},"Z6":{"st":"5,{0.8,0,0,0.95,40.27,32.7},1"}},"frameNumber":68},{"state":{"Z5":{"st":"4,{0.9,0,0,0.83,44.19,46.43},0.5"},"Z4":{"st":"3,{0.9,0,0,0.83,36.42,36.67},1"},"Z3":{"st":"2,{0.9,0,0,0.83,13.25,24.51},1"},"Z2":{"st":"1,{0.9,0,0,0.83,23.26,10.01},0.5","e":[{"y":"7","t":"Fblur","x":"7"}]},"Z1":{"st":"0,{0.9,0,0,0.83,11.96,44.85},1","e":[{"y":"5","t":"Fblur","x":"5"}]},"Z6":{"st":"5,{0.9,0,0,0.83,39.1,37.79},1"}},"frameNumber":69},{"state":{"Z5":{"st":"4,{1,0,0,0.72,43.55,50.31},0.5"},"Z4":{"st":"3,{1,0,0,0.72,34.9,41.92},1"},"Z3":{"st":"2,{1,0,0,0.72,9.13,31.48},1"},"Z2":{"st":"1,{1,0,0,0.72,20.26,19.01},0.5","e":[{"y":"7","t":"Fblur","x":"7"}]},"Z1":{"st":"0,{1,0,0,0.72,7.7,48.95},1","e":[{"y":"5","t":"Fblur","x":"5"}]},"Z6":{"st":"5,{1,0,0,0.72,37.89,42.89},1"}},"frameNumber":70},{"state":{"Z5":{"st":"4,{1,0,0,0.77,43.65,48.64},0.5"},"Z4":{"st":"3,{1,0,0,0.77,35.04,39.68},1"},"Z3":{"st":"2,{1,0,0,0.77,9.39,28.51},1"},"Z2":{"st":"1,{1,0,0,0.77,20.47,15.19},0.5","e":[{"y":"7","t":"Fblur","x":"7"}]},"Z7":{"st":"5,{1,0,0,0.79,36.6,40.77},1"},"Z1":{"st":"0,{1,0,0,0.77,7.96,47.19},1","e":[{"y":"5","t":"Fblur","x":"5"}]},"Z6":{"st":"5,{1,0,0,0.72,37.89,42.89},0"}},"frameNumber":71},{"state":{"Z5":{"st":"4,{0.99,0,0,0.82,43.54,46.92},0.5"},"Z4":{"st":"3,{0.99,0,0,0.82,34.98,37.38},1"},"Z3":{"st":"2,{0.99,0,0,0.82,9.45,25.5},1"},"Z8":{"st":"5,{1,0,0,0.86,35.53,38.54},1"},"Z2":{"st":"1,{0.99,0,0,0.82,20.48,11.32},0.5","e":[{"y":"7","t":"Fblur","x":"7"}]},"Z7":{"st":"5,{1,0,0,0.79,36.6,40.77},0"},"Z1":{"st":"0,{0.99,0,0,0.82,8.03,45.38},1","e":[{"y":"5","t":"Fblur","x":"5"}]}},"frameNumber":72}],"animationSequences":[{"endFrameNo":60,"id":"idle","startFrameNo":1},{"endFrameNo":66,"id":"move_start","startFrameNo":61},{"endFrameNo":71,"id":"move_end","startFrameNo":67}],"animationMasks":{}}