{"version":"2.5","namedParts":{},"animationObjects":{"Z30":"A9","Z35":"A9","Z9":"A8","Z36":"A12","Z8":"A7","Z11":"A9","Z34":"A9","Z7":"A6","Z21":"A9","Z6":"A5","Z22":"A9","Z5":"A4","Z4":"A3","Z32":"A9","Z3":"A2","Z33":"A9","Z2":"A1","Z23":"A9","Z20":"A11","Z15":"A9","Z24":"A9","Z31":"A9","Z1":"A0","Z14":"A9","Z26":"A9","Z10":"A9","Z25":"A9","Z18":"A9","Z13":"A9","Z16":"A9","Z17":"A9","Z27":"A9","Z28":"A9","Z12":"A9","Z19":"A10","Z29":"A9"},"animationFrameCount":51,"textureAtlas":[{"elements":[{"pivotY":-24,"scale":1,"x":177,"height":51,"y":0,"pivotX":-21,"name":"A0","atlasID":1,"width":51},{"pivotY":-1,"scale":1,"x":0,"height":84,"y":819,"pivotX":0,"name":"A1","atlasID":1,"width":92},{"pivotY":2,"scale":1,"x":376,"height":37,"y":0,"pivotX":2,"name":"A2","atlasID":1,"width":30},{"pivotY":2,"scale":1,"x":62,"height":11,"y":22,"pivotX":3,"name":"A3","atlasID":1,"width":11},{"pivotY":2,"scale":1,"x":228,"height":18,"y":39,"pivotX":2,"name":"A4","atlasID":1,"width":25},{"pivotY":2,"scale":1,"x":0,"height":64,"y":903,"pivotX":2,"name":"A5","atlasID":1,"width":65},{"pivotY":4,"scale":1,"x":0,"height":62,"y":0,"pivotX":5,"name":"A6","atlasID":1,"width":62},{"pivotY":2,"scale":1,"x":0,"height":95,"y":62,"pivotX":2,"name":"A7","atlasID":1,"width":95},{"pivotY":5,"scale":1,"x":0,"height":64,"y":220,"pivotX":5,"name":"A8","atlasID":1,"width":63},{"pivotY":5,"scale":1,"x":62,"height":22,"y":0,"pivotX":6,"name":"A9","atlasID":1,"width":22},{"pivotY":13,"scale":1,"x":0,"height":74,"y":284,"pivotX":11,"name":"A10","atlasID":1,"width":79},{"pivotY":7,"scale":1,"x":0,"height":67,"y":358,"pivotX":7,"name":"A11","atlasID":1,"width":69},{"pivotY":5,"scale":1,"x":406,"height":40,"y":0,"pivotX":5,"name":"A12","atlasID":1,"width":76}],"atlases":[{"id":1,"sources":[{"csf":1,"source":"atlas1.png"},{"csf":2,"source":"atlas2.png"}]}],"scale":1}],"animationConfigFrames":[{"state":{"Z5":{"st":"4,{1.14,0,0,0.94,35.4,36.15},1"},"Z2":{"st":"1,{1,0,0,1,2.65,7},1"},"Z4":{"st":"3,{1.14,0,0,0.94,45.25,47.15},0.5"},"Z1":{"st":"0,{1.31,0,0,1.07,-8.65,13.75},0.5","e":[{"y":"7","t":"Fblur","x":"7"}]},"Z3":{"st":"2,{1.15,0,0,1.02,35.4,36.15},1"}},"frameNumber":1},{"state":{"Z5":{"st":"4,{1.14,0,0,0.94,35.4,36.15},0"},"Z4":{"st":"3,{1.14,0,0,0.94,45.25,47.15},0"},"Z3":{"st":"2,{1.15,0,0,1.02,35.4,36.15},0"},"Z2":{"st":"1,{1,0,0,1,2.65,7},0"},"Z1":{"st":"0,{1.31,0,0,1.07,-8.65,13.75},0","e":[{"y":"7","t":"Fblur","x":"7"}]},"Z6":{"st":"0,{0.49,0,0,0.55,35.65,40.75},1"}},"frameNumber":2},{"state":{"Z7":{"st":"0,{1.2,0,0,1.2,16.75,21.2},1","c":"0,0.4,0.08,0.3,0.12,0.5,0.12"},"Z6":{"st":"2,{0.49,0,0,0.55,35.65,40.75},1"},"Z8":{"st":"1,{0.63,0,0,0.63,20.3,30.9},0","c":"0,0.4,0.08,0.3,0.12,0.5,0.12"}},"frameNumber":5},{"state":{"Z9":{"st":"0,{1.2,0,0,1.2,16.75,21.2},1","c":"0,0.4,0.08,0.3,0.12,0.5,0.12"},"Z14":{"st":"5,{1.03,0,0,1.03,54.65,73.4},1","c":"0,0.4,0.08,0.3,0.12,0.5,0.12"},"Z8":{"st":"10,{0.75,0,0,0.75,15,25.6},0.5","c":"0,0.4,0.08,0.3,0.12,0.5,0.12"},"Z11":{"st":"2,{1.03,0,0,1.03,64.8,27.9},1","c":"0,0.4,0.08,0.3,0.12,0.5,0.12"},"Z17":{"st":"8,{1.03,0,0,1.03,17.3,49.6},1","c":"0,0.4,0.08,0.3,0.12,0.5,0.12"},"Z7":{"st":"0,{1.2,0,0,1.2,16.75,21.2},0","c":"0,0.4,0.08,0.3,0.12,0.5,0.12"},"Z18":{"st":"9,{1.03,0,0,1.03,23,32.05},1","c":"0,0.4,0.08,0.3,0.12,0.5,0.12"},"Z6":{"st":"11,{0.77,0,0,0.8,27,18.45},1"},"Z13":{"st":"4,{1.03,0,0,1.03,64.55,64.65},1","c":"0,0.4,0.08,0.3,0.12,0.5,0.12"},"Z16":{"st":"7,{1.03,0,0,1.03,21.95,65},1","c":"0,0.4,0.08,0.3,0.12,0.5,0.12"},"Z10":{"st":"1,{1.2,0,0,1.2,39.2,19.6},1","c":"0,0.4,0.08,0.3,0.12,0.5,0.12"},"Z12":{"st":"3,{1.03,0,0,1.03,71.3,48.15},1","c":"0,0.4,0.08,0.3,0.12,0.5,0.12"},"Z15":{"st":"6,{1.03,0,0,1.03,36.65,74.3},1","c":"0,0.4,0.08,0.3,0.12,0.5,0.12"}},"frameNumber":6},{"state":{"Z9":{"st":"0,{1.2,0,0,1.2,16.75,21.2},0","c":"0,0.4,0.08,0.3,0.12,0.5,0.12"},"Z14":{"st":"5,{0.83,0,0,0.83,56.4,81.3},1","c":"0,0.4,0.08,0.3,0.12,0.5,0.12"},"Z8":{"st":"10,{0.87,0,0,0.87,9.65,20.35},1","c":"0,0.4,0.08,0.3,0.12,0.5,0.12"},"Z11":{"st":"2,{0.83,0,0,0.83,71.4,21.1},1","c":"0,0.4,0.08,0.3,0.12,0.5,0.12"},"Z17":{"st":"8,{0.83,0,0,0.83,8.05,50.6},1","c":"0,0.4,0.08,0.3,0.12,0.5,0.12"},"Z18":{"st":"9,{0.83,0,0,0.83,17.75,27.15},1","c":"0,0.4,0.08,0.3,0.12,0.5,0.12"},"Z6":{"st":"11,{0.94,0,0,0.95,21.85,5.1},1"},"Z13":{"st":"4,{0.83,0,0,0.83,74.15,67.2},1","c":"0,0.4,0.08,0.3,0.12,0.5,0.12"},"Z16":{"st":"7,{0.83,0,0,0.83,14.35,71.35},1","c":"0,0.4,0.08,0.3,0.12,0.5,0.12"},"Z10":{"st":"1,{0.96,0,0,0.96,39.15,10.15},1","c":"0,0.4,0.08,0.3,0.12,0.5,0.12"},"Z12":{"st":"3,{0.83,0,0,0.83,85.35,46.7},1","c":"0,0.4,0.08,0.3,0.12,0.5,0.12"},"Z19":{"st":"0,{1.2,0,0,1.2,16.75,21.2},1","c":"0,0.4,0.08,0.3,0.12,0.5,0.12"},"Z15":{"st":"6,{0.83,0,0,0.83,32.6,81.9},1","c":"0,0.4,0.08,0.3,0.12,0.5,0.12"}},"frameNumber":7},{"state":{"Z24":{"st":"13,{-0.01,-0.57,0.57,-0.01,12.35,82.35},1","c":"0,0.4,0.08,0.3,0.12,0.5,0.12"},"Z14":{"st":"5,{-0.1,-0.56,0.56,-0.11,20.4,77.45},1","c":"0,0.4,0.08,0.3,0.12,0.5,0.12"},"Z26":{"st":"15,{0.29,-0.38,-0.38,-0.29,63.7,96.35},1","c":"0,0.4,0.08,0.3,0.12,0.5,0.12"},"Z11":{"st":"2,{0.62,-0.2,0.19,0.63,28.75,23.35},1","c":"0,0.4,0.08,0.3,0.12,0.5,0.12"},"Z17":{"st":"8,{0.1,-0.66,-0.65,-0.1,82.55,74},1","c":"0,0.4,0.08,0.3,0.12,0.5,0.12"},"Z25":{"st":"14,{-0.29,-0.38,0.38,-0.29,32.1,96.35},1","c":"0,0.4,0.08,0.3,0.12,0.5,0.12"},"Z21":{"st":"10,{0.85,0,0,0.85,38.2,7.85},1","c":"0,0.4,0.08,0.3,0.12,0.5,0.12"},"Z6":{"st":"20,{1,0,0,1,20.1,0.55},1"},"Z13":{"st":"4,{0.24,-0.52,0.51,0.24,12.2,60.35},1","c":"0,0.4,0.08,0.3,0.12,0.5,0.12"},"Z22":{"st":"11,{0.52,-0.5,0.5,0.52,11.35,29},1","c":"0,0.4,0.08,0.3,0.12,0.5,0.12"},"Z29":{"st":"18,{-0.52,-0.5,-0.5,0.52,86.8,23.2},1","c":"0,0.4,0.08,0.3,0.12,0.5,0.12"},"Z10":{"st":"1,{0.59,0.3,-0.29,0.59,55.25,16.4},1","c":"0,0.4,0.08,0.3,0.12,0.5,0.12"},"Z18":{"st":"9,{-0.22,-0.63,-0.62,0.22,84.8,45.9},1","c":"0,0.4,0.08,0.3,0.12,0.5,0.12"},"Z27":{"st":"16,{0.01,-0.57,-0.57,-0.01,88.9,78.85},1","c":"0,0.4,0.08,0.3,0.12,0.5,0.12"},"Z16":{"st":"7,{0.27,-0.5,-0.5,-0.27,66.65,84.8},1","c":"0,0.4,0.08,0.3,0.12,0.5,0.12"},"Z8":{"st":"19,{0.91,0,0,0.91,7.8,18.45},0.89","c":"0,0.4,0.08,0.3,0.12,0.5,0.12"},"Z28":{"st":"17,{-0.26,-0.81,-0.81,0.26,101.45,57.05},1","c":"0,0.4,0.08,0.3,0.12,0.5,0.12"},"Z23":{"st":"12,{0.26,-0.81,0.81,0.26,1.45,58.3},1","c":"0,0.4,0.08,0.3,0.12,0.5,0.12"},"Z20":{"st":"0,{1.2,0,0,1.2,16.75,21.2},1","c":"0,0.4,0.08,0.3,0.12,0.5,0.12"},"Z12":{"st":"3,{0.38,-0.4,0.39,0.39,14.25,41.4},1","c":"0,0.4,0.08,0.3,0.12,0.5,0.12"},"Z19":{"st":"0,{1.2,0,0,1.2,16.75,21.2},0","c":"0,0.4,0.08,0.3,0.12,0.5,0.12"},"Z15":{"st":"6,{0.5,-0.25,-0.25,-0.51,42.15,88.85},1","c":"0,0.4,0.08,0.3,0.12,0.5,0.12"}},"frameNumber":8},{"state":{"Z30":{"st":"18,{-0.01,-0.46,0.46,-0.01,9.25,83.7},1","c":"0,0.4,0.08,0.3,0.12,0.5,0.12"},"Z35":{"st":"23,{-0.42,-0.41,-0.41,0.42,90.75,21.45},1","c":"0,0.4,0.08,0.3,0.12,0.5,0.12"},"Z8":{"st":"24,{0.95,0,0,0.95,5.95,16.65},0.78","c":"0,0.4,0.08,0.3,0.12,0.5,0.12"},"Z11":{"st":"1,{-0.51,0.31,-0.31,-0.51,67.1,60.8},1","c":"0,0.4,0.08,0.3,0.12,0.5,0.12"},"Z34":{"st":"22,{-0.21,-0.66,-0.66,0.21,106.5,57.4},1","c":"0,0.4,0.08,0.3,0.12,0.5,0.12"},"Z21":{"st":"9,{0.19,-0.42,0.42,0.2,8.85,60.15},1","c":"0,0.4,0.08,0.3,0.12,0.5,0.12"},"Z6":{"st":"25,{0.91,0,0,0.91,22.95,1.05},1"},"Z33":{"st":"21,{0.01,-0.46,-0.46,-0.01,92,80.2},1","c":"0,0.4,0.08,0.3,0.12,0.5,0.12"},"Z32":{"st":"20,{0.23,-0.31,-0.31,-0.23,65.2,98.7},1","c":"0,0.4,0.08,0.3,0.12,0.5,0.12"},"Z22":{"st":"10,{-0.09,-0.46,0.45,-0.09,17.6,79.3},1","c":"0,0.4,0.08,0.3,0.12,0.5,0.12"},"Z31":{"st":"19,{-0.23,-0.31,0.31,-0.23,30.6,98.7},1","c":"0,0.4,0.08,0.3,0.12,0.5,0.12"},"Z20":{"st":"0,{1.2,0,0,1.2,16.75,21.2},0","c":"0,0.4,0.08,0.3,0.12,0.5,0.12"},"Z15":{"st":"5,{-0.01,-0.59,0.59,-0.01,36.4,65.05},1","c":"0,0.4,0.08,0.3,0.12,0.5,0.12"},"Z24":{"st":"12,{0.22,-0.41,-0.4,-0.22,68.9,87.4},1","c":"0,0.4,0.08,0.3,0.12,0.5,0.12"},"Z23":{"st":"11,{0.41,-0.2,-0.2,-0.41,42.4,92.25},1","c":"0,0.4,0.08,0.3,0.12,0.5,0.12"},"Z14":{"st":"4,{0.57,0.16,-0.16,0.57,34.35,44.25},1","c":"0,0.4,0.08,0.3,0.12,0.5,0.12"},"Z26":{"st":"14,{-0.18,-0.51,-0.51,0.18,88.7,46.1},1","c":"0,0.4,0.08,0.3,0.12,0.5,0.12"},"Z17":{"st":"7,{0.51,-0.16,0.16,0.51,26.35,20.25},1","c":"0,0.4,0.08,0.3,0.12,0.5,0.12"},"Z25":{"st":"13,{0.08,-0.54,-0.53,-0.08,85.95,76},1","c":"0,0.4,0.08,0.3,0.12,0.5,0.12"},"Z18":{"st":"8,{0.31,-0.32,0.32,0.31,11.2,40.1},1","c":"0,0.4,0.08,0.3,0.12,0.5,0.12"},"Z13":{"st":"3,{-0.46,0.38,0.38,0.46,50.5,36.15},1","c":"0,0.4,0.08,0.3,0.12,0.5,0.12"},"Z16":{"st":"6,{0.48,0.24,-0.24,0.48,55.55,12.45},1","c":"0,0.4,0.08,0.3,0.12,0.5,0.12"},"Z10":{"st":"0,{-0.58,-0.13,0.13,-0.58,53.15,71.6},1","c":"0,0.4,0.08,0.3,0.12,0.5,0.12"},"Z27":{"st":"15,{0.69,0,0,0.69,36.35,3.15},1","c":"0,0.4,0.08,0.3,0.12,0.5,0.12"},"Z28":{"st":"16,{0.42,-0.41,0.41,0.42,7.4,27.25},1","c":"0,0.4,0.08,0.3,0.12,0.5,0.12"},"Z12":{"st":"2,{-0.56,-0.2,-0.2,0.56,65.15,43.75},1","c":"0,0.4,0.08,0.3,0.12,0.5,0.12"},"Z29":{"st":"17,{0.21,-0.66,0.66,0.21,-3.6,58.65},1","c":"0,0.4,0.08,0.3,0.12,0.5,0.12"}},"frameNumber":9},{"state":{"Z30":{"st":"18,{0,-0.38,0.38,0,7.2,84.9},1","c":"0,0.4,0.08,0.3,0.12,0.5,0.12"},"Z35":{"st":"23,{-0.35,-0.34,-0.34,0.35,93.6,20.65},1","c":"0,0.4,0.08,0.3,0.12,0.5,0.12"},"Z8":{"st":"24,{0.99,0,0,0.99,4.05,14.75},0.67","c":"0,0.4,0.08,0.3,0.12,0.5,0.12"},"Z11":{"st":"1,{-0.41,0.25,-0.25,-0.41,69.95,62.9},1","c":"0,0.4,0.08,0.3,0.12,0.5,0.12"},"Z34":{"st":"22,{-0.17,-0.55,-0.55,0.17,109.95,58.15},1","c":"0,0.4,0.08,0.3,0.12,0.5,0.12"},"Z21":{"st":"9,{0.16,-0.35,0.35,0.16,6.5,60.4},1","c":"0,0.4,0.08,0.3,0.12,0.5,0.12"},"Z6":{"st":"25,{0.81,0,0,0.81,25.75,1.55},1"},"Z33":{"st":"21,{0,-0.38,-0.38,0,94.05,81.4},1","c":"0,0.4,0.08,0.3,0.12,0.5,0.12"},"Z32":{"st":"20,{0.19,-0.25,-0.25,-0.19,65.9,100.6},1","c":"0,0.4,0.08,0.3,0.12,0.5,0.12"},"Z22":{"st":"10,{-0.07,-0.38,0.38,-0.07,15.75,80.8},1","c":"0,0.4,0.08,0.3,0.12,0.5,0.12"},"Z31":{"st":"19,{-0.19,-0.25,0.25,-0.19,29.9,100.6},1","c":"0,0.4,0.08,0.3,0.12,0.5,0.12"},"Z15":{"st":"5,{0,-0.48,0.48,0,33.1,66.45},1","c":"0,0.4,0.08,0.3,0.12,0.5,0.12"},"Z24":{"st":"12,{0.18,-0.34,-0.34,-0.18,70.1,89.45},1","c":"0,0.4,0.08,0.3,0.12,0.5,0.12"},"Z23":{"st":"11,{0.34,-0.17,-0.17,-0.34,42.2,94.65},1","c":"0,0.4,0.08,0.3,0.12,0.5,0.12"},"Z14":{"st":"4,{0.47,0.13,-0.13,0.47,33.95,40.7},1","c":"0,0.4,0.08,0.3,0.12,0.5,0.12"},"Z26":{"st":"14,{-0.15,-0.43,-0.42,0.15,91.45,46.6},1","c":"0,0.4,0.08,0.3,0.12,0.5,0.12"},"Z17":{"st":"7,{0.42,-0.13,0.13,0.43,24.35,18.45},1","c":"0,0.4,0.08,0.3,0.12,0.5,0.12"},"Z25":{"st":"13,{0.07,-0.45,-0.44,-0.07,88.05,77.75},1","c":"0,0.4,0.08,0.3,0.12,0.5,0.12"},"Z18":{"st":"8,{0.26,-0.27,0.27,0.26,9.05,39.55},1","c":"0,0.4,0.08,0.3,0.12,0.5,0.12"},"Z13":{"st":"3,{-0.37,0.31,0.31,0.37,49.3,32.75},1","c":"0,0.4,0.08,0.3,0.12,0.5,0.12"},"Z16":{"st":"6,{0.4,0.2,-0.2,0.4,55.4,9.7},1","c":"0,0.4,0.08,0.3,0.12,0.5,0.12"},"Z10":{"st":"0,{-0.47,-0.11,0.11,-0.47,53.7,75.15},1","c":"0,0.4,0.08,0.3,0.12,0.5,0.12"},"Z27":{"st":"15,{0.57,0,0,0.57,34.55,0.1},1","c":"0,0.4,0.08,0.3,0.12,0.5,0.12"},"Z28":{"st":"16,{0.35,-0.34,0.34,0.35,4.55,26.45},1","c":"0,0.4,0.08,0.3,0.12,0.5,0.12"},"Z12":{"st":"2,{-0.45,-0.17,-0.17,0.45,67.5,41.1},1","c":"0,0.4,0.08,0.3,0.12,0.5,0.12"},"Z29":{"st":"17,{0.17,-0.55,0.55,0.17,-7.05,59.4},1","c":"0,0.4,0.08,0.3,0.12,0.5,0.12"}},"frameNumber":10},{"state":{"Z30":{"st":"18,{0,-0.33,0.33,0,6.15,86},1","c":"0,0.4,0.08,0.3,0.12,0.5,0.12"},"Z35":{"st":"23,{-0.31,-0.3,-0.3,0.31,95.5,20.4},1","c":"0,0.4,0.08,0.3,0.12,0.5,0.12"},"Z8":{"st":"24,{1.03,0,0,1.03,2.2,12.9},0.55","c":"0,0.4,0.08,0.3,0.12,0.5,0.12"},"Z11":{"st":"1,{-0.34,0.21,-0.21,-0.34,72.1,64.1},1","c":"0,0.4,0.08,0.3,0.12,0.5,0.12"},"Z34":{"st":"22,{-0.15,-0.48,-0.48,0.15,111.95,59.05},1","c":"0,0.4,0.08,0.3,0.12,0.5,0.12"},"Z21":{"st":"9,{0.14,-0.31,0.3,0.14,5.05,60.8},1","c":"0,0.4,0.08,0.3,0.12,0.5,0.12"},"Z6":{"st":"25,{0.72,0,0,0.72,28.65,2.1},1"},"Z33":{"st":"21,{0,-0.33,-0.33,0,95.1,82.5},1","c":"0,0.4,0.08,0.3,0.12,0.5,0.12"},"Z32":{"st":"20,{0.17,-0.22,-0.22,-0.17,66.15,101.75},1","c":"0,0.4,0.08,0.3,0.12,0.5,0.12"},"Z22":{"st":"10,{-0.06,-0.33,0.33,-0.06,14.8,82.05},1","c":"0,0.4,0.08,0.3,0.12,0.5,0.12"},"Z31":{"st":"19,{-0.17,-0.22,0.22,-0.17,29.65,101.75},1","c":"0,0.4,0.08,0.3,0.12,0.5,0.12"},"Z15":{"st":"5,{0,-0.4,0.4,0,31,67.75},1","c":"0,0.4,0.08,0.3,0.12,0.5,0.12"},"Z24":{"st":"12,{0.16,-0.3,-0.29,-0.16,70.6,90.75},1","c":"0,0.4,0.08,0.3,0.12,0.5,0.12"},"Z23":{"st":"11,{0.3,-0.15,-0.15,-0.3,41.9,96.05},1","c":"0,0.4,0.08,0.3,0.12,0.5,0.12"},"Z14":{"st":"4,{0.39,0.11,-0.11,0.39,33.3,38.4},1","c":"0,0.4,0.08,0.3,0.12,0.5,0.12"},"Z26":{"st":"14,{-0.13,-0.37,-0.37,0.13,93,47.25},1","c":"0,0.4,0.08,0.3,0.12,0.5,0.12"},"Z17":{"st":"7,{0.37,-0.12,0.11,0.37,22.85,17.5},1","c":"0,0.4,0.08,0.3,0.12,0.5,0.12"},"Z25":{"st":"13,{0.06,-0.39,-0.39,-0.06,89.2,79.05},1","c":"0,0.4,0.08,0.3,0.12,0.5,0.12"},"Z18":{"st":"8,{0.23,-0.24,0.23,0.23,7.55,39.5},1","c":"0,0.4,0.08,0.3,0.12,0.5,0.12"},"Z13":{"st":"3,{-0.31,0.26,0.26,0.31,48.95,30.35},1","c":"0,0.4,0.08,0.3,0.12,0.5,0.12"},"Z16":{"st":"6,{0.35,0.18,-0.17,0.35,55,8},1","c":"0,0.4,0.08,0.3,0.12,0.5,0.12"},"Z10":{"st":"0,{-0.39,-0.09,0.09,-0.39,54.45,77.55},1","c":"0,0.4,0.08,0.3,0.12,0.5,0.12"},"Z27":{"st":"15,{0.5,0,0,0.5,33.1,-1.6},1","c":"0,0.4,0.08,0.3,0.12,0.5,0.12"},"Z28":{"st":"16,{0.31,-0.3,0.3,0.31,2.65,26.2},1","c":"0,0.4,0.08,0.3,0.12,0.5,0.12"},"Z12":{"st":"2,{-0.38,-0.14,-0.14,0.38,69.4,39.5},1","c":"0,0.4,0.08,0.3,0.12,0.5,0.12"},"Z29":{"st":"17,{0.15,-0.48,0.48,0.15,-9.05,60.3},1","c":"0,0.4,0.08,0.3,0.12,0.5,0.12"}},"frameNumber":11},{"state":{"Z30":{"st":"18,{0,-0.32,0.32,0,5.75,86.35},1","c":"0,0.4,0.08,0.3,0.12,0.5,0.12"},"Z35":{"st":"23,{-0.29,-0.28,-0.28,0.29,96.2,20.4},1","c":"0,0.4,0.08,0.3,0.12,0.5,0.12"},"Z8":{"st":"24,{1.08,0,0,1.08,0.25,10.95},0.45","c":"0,0.4,0.08,0.3,0.12,0.5,0.12"},"Z11":{"st":"1,{-0.3,0.18,-0.18,-0.3,73.6,64.6},1","c":"0,0.4,0.08,0.3,0.12,0.5,0.12"},"Z34":{"st":"22,{-0.14,-0.45,-0.45,0.14,112.8,59.4},1","c":"0,0.4,0.08,0.3,0.12,0.5,0.12"},"Z21":{"st":"9,{0.13,-0.29,0.29,0.14,4.5,61},1","c":"0,0.4,0.08,0.3,0.12,0.5,0.12"},"Z6":{"st":"25,{0.62,0,0,0.62,31.45,2.6},1"},"Z33":{"st":"21,{0,-0.32,-0.32,0,95.5,82.85},1","c":"0,0.4,0.08,0.3,0.12,0.5,0.12"},"Z32":{"st":"20,{0.16,-0.21,-0.21,-0.16,66.25,102.3},1","c":"0,0.4,0.08,0.3,0.12,0.5,0.12"},"Z22":{"st":"10,{-0.06,-0.32,0.31,-0.06,14.5,82.55},1","c":"0,0.4,0.08,0.3,0.12,0.5,0.12"},"Z31":{"st":"19,{-0.16,-0.21,0.21,-0.16,29.55,102.3},1","c":"0,0.4,0.08,0.3,0.12,0.5,0.12"},"Z15":{"st":"5,{0,-0.35,0.35,0,29.8,68.8},1","c":"0,0.4,0.08,0.3,0.12,0.5,0.12"},"Z24":{"st":"12,{0.15,-0.28,-0.28,-0.15,70.8,91.35},1","c":"0,0.4,0.08,0.3,0.12,0.5,0.12"},"Z23":{"st":"11,{0.28,-0.14,-0.14,-0.29,41.65,96.65},1","c":"0,0.4,0.08,0.3,0.12,0.5,0.12"},"Z14":{"st":"4,{0.34,0.09,-0.09,0.34,32.6,36.9},1","c":"0,0.4,0.08,0.3,0.12,0.5,0.12"},"Z26":{"st":"14,{-0.12,-0.35,-0.35,0.12,93.7,47.55},1","c":"0,0.4,0.08,0.3,0.12,0.5,0.12"},"Z17":{"st":"7,{0.35,-0.11,0.11,0.35,22.3,17.15},1","c":"0,0.4,0.08,0.3,0.12,0.5,0.12"},"Z25":{"st":"13,{0.06,-0.37,-0.37,-0.06,89.6,79.65},1","c":"0,0.4,0.08,0.3,0.12,0.5,0.12"},"Z18":{"st":"8,{0.21,-0.22,0.22,0.22,7,39.45},1","c":"0,0.4,0.08,0.3,0.12,0.5,0.12"},"Z13":{"st":"3,{-0.27,0.23,0.23,0.27,49,28.75},1","c":"0,0.4,0.08,0.3,0.12,0.5,0.12"},"Z16":{"st":"6,{0.33,0.17,-0.16,0.33,54.75,7.35},1","c":"0,0.4,0.08,0.3,0.12,0.5,0.12"},"Z10":{"st":"0,{-0.34,-0.08,0.08,-0.34,55.15,78.9},1","c":"0,0.4,0.08,0.3,0.12,0.5,0.12"},"Z27":{"st":"15,{0.48,0,0,0.48,32.5,-2.25},1","c":"0,0.4,0.08,0.3,0.12,0.5,0.12"},"Z28":{"st":"16,{0.29,-0.28,0.28,0.29,1.95,26.2},1","c":"0,0.4,0.08,0.3,0.12,0.5,0.12"},"Z12":{"st":"2,{-0.33,-0.12,-0.12,0.33,70.7,38.7},1","c":"0,0.4,0.08,0.3,0.12,0.5,0.12"},"Z29":{"st":"17,{0.14,-0.45,0.45,0.14,-9.9,60.65},1","c":"0,0.4,0.08,0.3,0.12,0.5,0.12"}},"frameNumber":12},{"state":{"Z30":{"st":"18,{0,-0.25,0.25,0,4.65,88},0.5","c":"0,0.4,0.08,0.3,0.12,0.5,0.12"},"Z35":{"st":"23,{-0.23,-0.23,-0.23,0.23,98.75,20.85},0.5","c":"0,0.4,0.08,0.3,0.12,0.5,0.12"},"Z8":{"st":"24,{1.12,0,0,1.12,-1.55,9.1},0.33","c":"0,0.4,0.08,0.3,0.12,0.5,0.12"},"Z11":{"st":"1,{-0.29,0.17,-0.17,-0.29,74.15,64.8},1","c":"0,0.4,0.08,0.3,0.12,0.5,0.12"},"Z34":{"st":"22,{-0.12,-0.36,-0.36,0.12,115.1,61.2},0.5","c":"0,0.4,0.08,0.3,0.12,0.5,0.12"},"Z21":{"st":"9,{0.11,-0.23,0.23,0.11,2.8,62},0.5","c":"0,0.4,0.08,0.3,0.12,0.5,0.12"},"Z6":{"st":"25,{0.59,0,0,0.59,32.35,13.7},1"},"Z33":{"st":"21,{0,-0.25,-0.25,0,96.6,84.5},0.5","c":"0,0.4,0.08,0.3,0.12,0.5,0.12"},"Z32":{"st":"20,{0.13,-0.17,-0.17,-0.13,66.15,103.95},0.5","c":"0,0.4,0.08,0.3,0.12,0.5,0.12"},"Z22":{"st":"10,{-0.05,-0.25,0.25,-0.05,13.7,84.35},0.5","c":"0,0.4,0.08,0.3,0.12,0.5,0.12"},"Z31":{"st":"19,{-0.13,-0.17,0.17,-0.13,29.65,103.95},0.5","c":"0,0.4,0.08,0.3,0.12,0.5,0.12"},"Z15":{"st":"5,{0,-0.33,0.33,0,29.35,69.2},1","c":"0,0.4,0.08,0.3,0.12,0.5,0.12"},"Z24":{"st":"12,{0.12,-0.23,-0.22,-0.12,71,93.35},0.5","c":"0,0.4,0.08,0.3,0.12,0.5,0.12"},"Z23":{"st":"11,{0.23,-0.11,-0.11,-0.23,40.7,98.35},0.5","c":"0,0.4,0.08,0.3,0.12,0.5,0.12"},"Z14":{"st":"4,{0.32,0.09,-0.09,0.32,32.35,36.4},1","c":"0,0.4,0.08,0.3,0.12,0.5,0.12"},"Z26":{"st":"14,{-0.1,-0.28,-0.28,0.1,95.55,48.95},0.5","c":"0,0.4,0.08,0.3,0.12,0.5,0.12"},"Z17":{"st":"7,{0.28,-0.09,0.09,0.28,20.1,16.55},0.5","c":"0,0.4,0.08,0.3,0.12,0.5,0.12"},"Z25":{"st":"13,{0.05,-0.3,-0.29,-0.05,90.6,81.75},0.5","c":"0,0.4,0.08,0.3,0.12,0.5,0.12"},"Z18":{"st":"8,{0.17,-0.18,0.18,0.17,5.1,39.85},0.5","c":"0,0.4,0.08,0.3,0.12,0.5,0.12"},"Z13":{"st":"3,{-0.26,0.21,0.21,0.26,49,28.2},1","c":"0,0.4,0.08,0.3,0.12,0.5,0.12"},"Z16":{"st":"6,{0.26,0.13,-0.13,0.27,53.65,5.35},0.5","c":"0,0.4,0.08,0.3,0.12,0.5,0.12"},"Z10":{"st":"0,{-0.33,-0.07,0.07,-0.33,55.45,79.45},1","c":"0,0.4,0.08,0.3,0.12,0.5,0.12"},"Z27":{"st":"15,{0.38,0,0,0.38,30.05,-3.95},0.5","c":"0,0.4,0.08,0.3,0.12,0.5,0.12"},"Z28":{"st":"16,{0.23,-0.23,0.23,0.23,-0.6,26.65},0.5","c":"0,0.4,0.08,0.3,0.12,0.5,0.12"},"Z12":{"st":"2,{-0.31,-0.11,-0.11,0.31,71.35,38.5},1","c":"0,0.4,0.08,0.3,0.12,0.5,0.12"},"Z29":{"st":"17,{0.12,-0.36,0.36,0.12,-12.2,62.45},0.5","c":"0,0.4,0.08,0.3,0.12,0.5,0.12"}},"frameNumber":13},{"state":{"Z30":{"st":"18,{0,-0.19,0.19,0,3.95,89.85},0","c":"0,0.4,0.08,0.3,0.12,0.5,0.12"},"Z35":{"st":"23,{-0.18,-0.17,-0.17,0.18,101.15,21.75},0","c":"0,0.4,0.08,0.3,0.12,0.5,0.12"},"Z8":{"st":"24,{1.16,0,0,1.16,-3.45,7.25},0.22","c":"0,0.4,0.08,0.3,0.12,0.5,0.12"},"Z11":{"st":"1,{-0.23,0.14,-0.14,-0.23,76.2,64.85},0.5","c":"0,0.4,0.08,0.3,0.12,0.5,0.12"},"Z34":{"st":"22,{-0.09,-0.28,-0.28,0.09,117.1,63.55},0","c":"0,0.4,0.08,0.3,0.12,0.5,0.12"},"Z21":{"st":"9,{0.08,-0.18,0.17,0.08,1.3,63.35},0","c":"0,0.4,0.08,0.3,0.12,0.5,0.12"},"Z6":{"st":"25,{0.57,0,0,0.57,33.2,24.85},1"},"Z33":{"st":"21,{0,-0.19,-0.19,0,97.3,86.35},0","c":"0,0.4,0.08,0.3,0.12,0.5,0.12"},"Z32":{"st":"20,{0.1,-0.13,-0.13,-0.1,65.75,105.55},0","c":"0,0.4,0.08,0.3,0.12,0.5,0.12"},"Z22":{"st":"10,{-0.04,-0.19,0.19,-0.04,13.3,86.35},0","c":"0,0.4,0.08,0.3,0.12,0.5,0.12"},"Z31":{"st":"19,{-0.1,-0.13,0.13,-0.1,30.05,105.55},0","c":"0,0.4,0.08,0.3,0.12,0.5,0.12"},"Z15":{"st":"5,{0,-0.27,0.27,0,28.2,70.95},0.5","c":"0,0.4,0.08,0.3,0.12,0.5,0.12"},"Z24":{"st":"12,{0.09,-0.17,-0.17,-0.09,70.85,95.35},0","c":"0,0.4,0.08,0.3,0.12,0.5,0.12"},"Z23":{"st":"11,{0.17,-0.08,-0.08,-0.17,39.4,99.85},0","c":"0,0.4,0.08,0.3,0.12,0.5,0.12"},"Z14":{"st":"4,{0.26,0.07,-0.07,0.26,31,34.8},0.5","c":"0,0.4,0.08,0.3,0.12,0.5,0.12"},"Z26":{"st":"14,{-0.07,-0.21,-0.21,0.08,97.15,50.65},0","c":"0,0.4,0.08,0.3,0.12,0.5,0.12"},"Z17":{"st":"7,{0.21,-0.07,0.07,0.21,17.8,16.25},0","c":"0,0.4,0.08,0.3,0.12,0.5,0.12"},"Z25":{"st":"13,{0.03,-0.22,-0.22,-0.04,91.2,84.05},0","c":"0,0.4,0.08,0.3,0.12,0.5,0.12"},"Z18":{"st":"8,{0.13,-0.14,0.13,0.13,3.3,40.6},0","c":"0,0.4,0.08,0.3,0.12,0.5,0.12"},"Z13":{"st":"3,{-0.21,0.17,0.17,0.21,49.55,26.2},0.5","c":"0,0.4,0.08,0.3,0.12,0.5,0.12"},"Z16":{"st":"6,{0.2,0.1,-0.1,0.2,52.15,3.55},0","c":"0,0.4,0.08,0.3,0.12,0.5,0.12"},"Z10":{"st":"0,{-0.26,-0.06,0.06,-0.26,56.85,80.95},0.5","c":"0,0.4,0.08,0.3,0.12,0.5,0.12"},"Z27":{"st":"15,{0.29,0,0,0.29,27.25,-5.1},0","c":"0,0.4,0.08,0.3,0.12,0.5,0.12"},"Z28":{"st":"16,{0.18,-0.17,0.17,0.18,-3,27.55},0","c":"0,0.4,0.08,0.3,0.12,0.5,0.12"},"Z12":{"st":"2,{-0.25,-0.09,-0.09,0.25,73.3,38},0.5","c":"0,0.4,0.08,0.3,0.12,0.5,0.12"},"Z29":{"st":"17,{0.09,-0.28,0.28,0.09,-14.2,64.8},0","c":"0,0.4,0.08,0.3,0.12,0.5,0.12"}},"frameNumber":14},{"state":{"Z6":{"st":"25,{0.54,0,0,0.54,34.1,35.95},1"},"Z14":{"st":"4,{0.2,0.05,-0.05,0.2,29.35,33.5},0","c":"0,0.4,0.08,0.3,0.12,0.5,0.12"},"Z8":{"st":"24,{1.2,0,0,1.2,-5.3,5.35},0.11","c":"0,0.4,0.08,0.3,0.12,0.5,0.12"},"Z11":{"st":"1,{-0.17,0.1,-0.1,-0.17,78.35,64.6},0","c":"0,0.4,0.08,0.3,0.12,0.5,0.12"},"Z10":{"st":"0,{-0.2,-0.04,0.04,-0.2,58.6,82.15},0","c":"0,0.4,0.08,0.3,0.12,0.5,0.12"},"Z12":{"st":"2,{-0.19,-0.07,-0.07,0.19,75.45,37.85},0","c":"0,0.4,0.08,0.3,0.12,0.5,0.12"},"Z13":{"st":"3,{-0.16,0.13,0.13,0.16,50.5,24.3},0","c":"0,0.4,0.08,0.3,0.12,0.5,0.12"},"Z15":{"st":"5,{0,-0.2,0.2,0,27.5,72.85},0","c":"0,0.4,0.08,0.3,0.12,0.5,0.12"}},"frameNumber":15},{"state":{"Z6":{"st":"25,{0.51,0,0,0.51,34.85,47.05},1"},"Z8":{"st":"24,{1.24,0,0,1.24,-7.2,3.5},0","c":"0,0.4,0.08,0.3,0.12,0.5,0.12"}},"frameNumber":16},{"state":{"Z6":{"st":"24,{0.68,0,0,0.4,29.9,53.6},1"},"Z8":{"st":"24,{1.24,0,0,1.24,-7.2,3.5},0","c":"0,0.4,0.08,0.3,0.12,0.5,0.12"}},"frameNumber":17},{"state":{"Z30":{"st":"19,{0,-0.19,0.19,0,3.95,89.85},0","c":"0,0.4,0.08,0.3,0.12,0.5,0.12"},"Z35":{"st":"24,{-0.18,-0.17,-0.17,0.18,101.15,21.75},0","c":"0,0.4,0.08,0.3,0.12,0.5,0.12"},"Z36":{"st":"0,{0.27,0,0,0.63,43.15,57.85},1","e":[{"y":"3","t":"Fblur","x":"3"}]},"Z11":{"st":"2,{-0.17,0.1,-0.1,-0.17,78.35,64.6},0","c":"0,0.4,0.08,0.3,0.12,0.5,0.12"},"Z34":{"st":"23,{-0.09,-0.28,-0.28,0.09,117.1,63.55},0","c":"0,0.4,0.08,0.3,0.12,0.5,0.12"},"Z21":{"st":"10,{0.08,-0.18,0.17,0.08,1.3,63.35},0","c":"0,0.4,0.08,0.3,0.12,0.5,0.12"},"Z6":{"st":"25,{0.73,0,0,0.37,28.15,55.7},1"},"Z33":{"st":"22,{0,-0.19,-0.19,0,97.3,86.35},0","c":"0,0.4,0.08,0.3,0.12,0.5,0.12"},"Z32":{"st":"21,{0.1,-0.13,-0.13,-0.1,65.75,105.55},0","c":"0,0.4,0.08,0.3,0.12,0.5,0.12"},"Z22":{"st":"11,{-0.04,-0.19,0.19,-0.04,13.3,86.35},0","c":"0,0.4,0.08,0.3,0.12,0.5,0.12"},"Z31":{"st":"20,{-0.1,-0.13,0.13,-0.1,30.05,105.55},0","c":"0,0.4,0.08,0.3,0.12,0.5,0.12"},"Z15":{"st":"6,{0,-0.2,0.2,0,27.5,72.85},0","c":"0,0.4,0.08,0.3,0.12,0.5,0.12"},"Z24":{"st":"13,{0.09,-0.17,-0.17,-0.09,70.85,95.35},0","c":"0,0.4,0.08,0.3,0.12,0.5,0.12"},"Z23":{"st":"12,{0.17,-0.08,-0.08,-0.17,39.4,99.85},0","c":"0,0.4,0.08,0.3,0.12,0.5,0.12"},"Z14":{"st":"5,{0.2,0.05,-0.05,0.2,29.35,33.5},0","c":"0,0.4,0.08,0.3,0.12,0.5,0.12"},"Z26":{"st":"15,{-0.07,-0.21,-0.21,0.08,97.15,50.65},0","c":"0,0.4,0.08,0.3,0.12,0.5,0.12"},"Z17":{"st":"8,{0.21,-0.07,0.07,0.21,17.8,16.25},0","c":"0,0.4,0.08,0.3,0.12,0.5,0.12"},"Z25":{"st":"14,{0.03,-0.22,-0.22,-0.04,91.2,84.05},0","c":"0,0.4,0.08,0.3,0.12,0.5,0.12"},"Z18":{"st":"9,{0.13,-0.14,0.13,0.13,3.3,40.6},0","c":"0,0.4,0.08,0.3,0.12,0.5,0.12"},"Z13":{"st":"4,{-0.16,0.13,0.13,0.16,50.5,24.3},0","c":"0,0.4,0.08,0.3,0.12,0.5,0.12"},"Z16":{"st":"7,{0.2,0.1,-0.1,0.2,52.15,3.55},0","c":"0,0.4,0.08,0.3,0.12,0.5,0.12"},"Z10":{"st":"1,{-0.2,-0.04,0.04,-0.2,58.6,82.15},0","c":"0,0.4,0.08,0.3,0.12,0.5,0.12"},"Z27":{"st":"16,{0.29,0,0,0.29,27.25,-5.1},0","c":"0,0.4,0.08,0.3,0.12,0.5,0.12"},"Z28":{"st":"17,{0.18,-0.17,0.17,0.18,-3,27.55},0","c":"0,0.4,0.08,0.3,0.12,0.5,0.12"},"Z12":{"st":"3,{-0.19,-0.07,-0.07,0.19,75.45,37.85},0","c":"0,0.4,0.08,0.3,0.12,0.5,0.12"},"Z29":{"st":"18,{0.09,-0.28,0.28,0.09,-14.2,64.8},0","c":"0,0.4,0.08,0.3,0.12,0.5,0.12"}},"frameNumber":18},{"state":{"Z36":{"st":"0,{0.51,0,0,0.75,34.8,59.1},1","e":[{"y":"3","t":"Fblur","x":"3"}]},"Z6":{"st":"25,{0.67,0,0,0.66,30.2,41.3},1"}},"frameNumber":19},{"state":{"Z36":{"st":"0,{0.76,0,0,0.88,26.55,60.35},1","e":[{"y":"3","t":"Fblur","x":"3"}]},"Z6":{"st":"25,{0.65,0,0,0.76,30.95,36.5},1"}},"frameNumber":20},{"state":{"Z36":{"st":"0,{1,0,0,1,18.2,61.55},1","e":[{"y":"3","t":"Fblur","x":"3"}]},"Z6":{"st":"25,{0.65,0,0,0.7,31.1,40.25},1"}},"frameNumber":21},{"state":{"Z36":{"st":"0,{1,0,0,1,18.2,61.55},1","e":[{"y":"3","t":"Fblur","x":"3"}]},"Z6":{"st":"25,{0.65,0,0,0.66,31.15,42.5},1"}},"frameNumber":22},{"state":{"Z6":{"st":"25,{0.65,0,0,0.65,31.2,43.2},1"}},"frameNumber":23},{"state":{"Z6":{"st":"25,{0.84,0,0,0.3,25.45,66.45},1","c":"0,0.25,0.21,0.25,0.2,0.25,0.26"}},"frameNumber":46},{"state":{"Z36":{"st":"0,{1,0,0,1,18.2,61.55},1","e":[{"y":"3","t":"Fblur","x":"3"}]},"Z6":{"st":"25,{0.9,0,0,0.19,23.5,74.15},1","c":"0,0,0.27,0,0.26,0,0.35"}},"frameNumber":47},{"state":{"Z36":{"st":"0,{1,0,0,1,18.2,61.55},0.75","e":[{"y":"3","t":"Fblur","x":"3"}]},"Z6":{"st":"25,{0.9,0,0,0.19,23.5,74.15},0.56","c":"0,0,0.29,0,0.28,0,0.38"}},"frameNumber":48},{"state":{"Z36":{"st":"0,{1,0,0,1,18.2,61.55},0.5","e":[{"y":"3","t":"Fblur","x":"3"}]},"Z6":{"st":"25,{0.9,0,0,0.19,23.5,74.15},0.25","c":"0,0,0.29,0,0.29,0,0.4"}},"frameNumber":49},{"state":{"Z36":{"st":"0,{1,0,0,1,18.2,61.55},0.25","e":[{"y":"3","t":"Fblur","x":"3"}]},"Z6":{"st":"25,{0.9,0,0,0.19,23.5,74.15},0.06","c":"0,0,0.3,0,0.29,0,0.42"}},"frameNumber":50},{"state":{"Z36":{"st":"0,{1,0,0,1,18.2,61.55},0","e":[{"y":"3","t":"Fblur","x":"3"}]},"Z6":{"st":"25,{0.9,0,0,0.19,23.5,74.15},0","c":"0,0,0.3,0,0.3,0,0.42"}},"frameNumber":51}],"animationSequences":[{"endFrameNo":1,"id":"idle","startFrameNo":1},{"endFrameNo":50,"id":"vanish","startFrameNo":2}],"animationMasks":{}}