{"version":"2.5","namedParts":{},"animationObjects":{"Z2":"A1","Z4":"A3","Z1":"A0","Z3":"A2"},"animationFrameCount":5,"textureAtlas":[{"elements":[{"pivotY":-24,"scale":1,"x":177,"height":51,"y":0,"pivotX":-21,"name":"A0","atlasID":1,"width":51},{"pivotY":4,"scale":1,"x":314,"height":62,"y":0,"pivotX":4,"name":"A1","atlasID":1,"width":62},{"pivotY":4,"scale":1,"x":0,"height":63,"y":691,"pivotX":5,"name":"A2","atlasID":1,"width":65},{"pivotY":4,"scale":1,"x":0,"height":65,"y":754,"pivotX":8,"name":"A3","atlasID":1,"width":68}],"atlases":[{"id":1,"sources":[{"csf":1,"source":"atlas1.png"},{"csf":2,"source":"atlas2.png"}]}],"scale":1}],"animationConfigFrames":[{"state":{"Z1":{"st":"0,{0.94,0,0,0.89,16.9,14.85},0.5","e":[{"y":"7","t":"Fblur","x":"7"}]},"Z2":{"st":"1,{1,0,0,1,19.75,24.45},1"}},"frameNumber":1},{"state":{"Z2":{"st":"1,{1,0,0,1,19.75,24.45},0"},"Z3":{"st":"1,{1,0,0,1,19.75,24.45},1"}},"frameNumber":2},{"state":{"Z3":{"st":"1,{1,0,0,1,19.75,24.45},0"},"Z4":{"st":"1,{1,0,0,1,19.75,24.45},1"}},"frameNumber":3},{"state":{"Z3":{"st":"1,{1,0,0,1,19.75,24.45},1"},"Z4":{"st":"1,{1,0,0,1,19.75,24.45},0"}},"frameNumber":4},{"state":{"Z2":{"st":"1,{1,0,0,1,19.75,24.45},1"},"Z3":{"st":"1,{1,0,0,1,19.75,24.45},0"}},"frameNumber":5}],"animationMasks":{}}