{"version":"2.5","namedParts":{},"animationObjects":{"Z5":"A4","Z4":"A3","Z9":"A8","Z3":"A2","Z8":"A7","Z2":"A1","Z7":"A6","Z1":"A0","Z6":"A5"},"animationFrameCount":74,"textureAtlas":[{"elements":[{"pivotY":5,"scale":1,"x":84,"height":56,"y":0,"pivotX":6,"name":"A0","atlasID":1,"width":93},{"pivotY":-24,"scale":1,"x":177,"height":51,"y":0,"pivotX":-21,"name":"A1","atlasID":1,"width":51},{"pivotY":2,"scale":1,"x":0,"height":90,"y":490,"pivotX":2,"name":"A2","atlasID":1,"width":78},{"pivotY":2,"scale":1,"x":376,"height":37,"y":0,"pivotX":2,"name":"A3","atlasID":1,"width":30},{"pivotY":2,"scale":1,"x":62,"height":11,"y":22,"pivotX":3,"name":"A4","atlasID":1,"width":11},{"pivotY":2,"scale":1,"x":228,"height":18,"y":39,"pivotX":2,"name":"A5","atlasID":1,"width":25},{"pivotY":2,"scale":1,"x":259,"height":34,"y":0,"pivotX":2,"name":"A6","atlasID":1,"width":27},{"pivotY":2,"scale":1,"x":286,"height":33,"y":0,"pivotX":2,"name":"A7","atlasID":1,"width":28},{"pivotY":4,"scale":1,"x":314,"height":62,"y":0,"pivotX":4,"name":"A8","atlasID":1,"width":62}],"atlases":[{"id":1,"sources":[{"csf":1,"source":"atlas1.png"},{"csf":2,"source":"atlas2.png"}]}],"scale":1}],"animationConfigFrames":[{"state":{"Z5":{"st":"4,{0.99,0,0,0.82,42.64,53.94},0.5"},"Z4":{"st":"3,{1,0,0,0.89,34.05,44.38},1"},"Z3":{"st":"2,{1,0,0,0.89,9.9,12.05},1"},"Z2":{"st":"1,{1.23,0,0,1.17,3.15,1.18},0.5","e":[{"y":"7","t":"Fblur","x":"7"}]},"Z1":{"st":"0,{0.99,0,0,0.82,4.88,58.03},1","e":[{"y":"5","t":"Fblur","x":"5"}]},"Z6":{"st":"5,{0.99,0,0,0.82,37.04,45.53},1"}},"frameNumber":1},{"state":{"Z6":{"st":"5,{0.99,0,0,0.82,37.04,45.53},0"},"Z7":{"st":"5,{1,0,0,0.84,35.63,45.59},1"}},"frameNumber":24},{"state":{"Z7":{"st":"5,{1,0,0,0.84,35.63,45.59},0"},"Z8":{"st":"5,{1,0,0,0.86,34.63,45.59},1"}},"frameNumber":25},{"state":{"Z7":{"st":"5,{1,0,0,0.84,35.63,45.59},1"},"Z8":{"st":"5,{1,0,0,0.86,34.63,45.59},0"}},"frameNumber":29},{"state":{"Z6":{"st":"5,{0.99,0,0,0.82,37.04,45.53},1"},"Z7":{"st":"5,{1,0,0,0.84,35.63,45.59},0"}},"frameNumber":30},{"state":{"Z6":{"st":"5,{0.99,0,0,0.82,37.04,45.53},0"},"Z7":{"st":"5,{1,0,0,0.84,35.63,45.59},1"}},"frameNumber":41},{"state":{"Z7":{"st":"5,{1,0,0,0.84,35.63,45.59},0"},"Z8":{"st":"5,{1,0,0,0.86,34.63,45.59},1"}},"frameNumber":42},{"state":{"Z7":{"st":"5,{1,0,0,0.84,35.63,45.59},1"},"Z8":{"st":"5,{1,0,0,0.86,34.63,45.59},0"}},"frameNumber":46},{"state":{"Z6":{"st":"5,{0.99,0,0,0.82,37.04,45.53},1"},"Z7":{"st":"5,{1,0,0,0.84,35.63,45.59},0"}},"frameNumber":47},{"state":{"Z5":{"st":"4,{0.99,0,0,0.87,42.64,51.8},0.5"},"Z4":{"st":"3,{1,0,0,0.94,34.05,41.61},1"},"Z3":{"st":"2,{1,0,0,0.94,9.9,7.21},1"},"Z2":{"st":"1,{1.23,0,0,1.24,3.15,-4.36},0.5","e":[{"y":"7","t":"Fblur","x":"7"}]},"Z1":{"st":"0,{0.99,0,0,0.87,4.88,56.14},1","e":[{"y":"5","t":"Fblur","x":"5"}]},"Z6":{"st":"5,{0.99,0,0,0.87,37.04,42.85},1"}},"frameNumber":63},{"state":{"Z5":{"st":"4,{0.99,0,0,0.92,42.64,49.55},0.5"},"Z4":{"st":"3,{1,0,0,1,34.05,38.75},1"},"Z3":{"st":"2,{1,0,0,1,9.9,2.27},1"},"Z2":{"st":"1,{1.23,0,0,1.32,3.15,-10},0.5","e":[{"y":"7","t":"Fblur","x":"7"}]},"Z1":{"st":"0,{0.99,0,0,0.92,4.88,54.16},1","e":[{"y":"5","t":"Fblur","x":"5"}]},"Z6":{"st":"5,{0.99,0,0,0.92,37.04,40.06},1"}},"frameNumber":64},{"state":{"Z5":{"st":"4,{0.94,0,0,0.8,43.01,54.69},0.5"},"Z4":{"st":"3,{0.95,0,0,0.87,34.81,45.33},1"},"Z3":{"st":"2,{0.95,0,0,0.87,11.79,13.73},1"},"Z2":{"st":"1,{1.18,0,0,1.14,5.35,3.09},0.5","e":[{"y":"7","t":"Fblur","x":"7"}]},"Z1":{"st":"0,{0.94,0,0,0.8,7,58.68},1","e":[{"y":"5","t":"Fblur","x":"5"}]},"Z6":{"st":"5,{0.94,0,0,0.8,37.66,46.47},1"}},"frameNumber":65},{"state":{"Z5":{"st":"4,{0.9,0,0,0.67,43.32,59.88},0.5"},"Z4":{"st":"3,{0.91,0,0,0.73,35.53,51.96},1"},"Z3":{"st":"2,{0.91,0,0,0.73,13.63,25.23},1"},"Z2":{"st":"1,{1.12,0,0,0.97,7.51,16.23},0.5","e":[{"y":"7","t":"Fblur","x":"7"}]},"Z1":{"st":"0,{0.9,0,0,0.67,9.07,63.25},1","e":[{"y":"5","t":"Fblur","x":"5"}]},"Z6":{"st":"5,{0.9,0,0,0.67,38.23,52.92},1"}},"frameNumber":66},{"state":{"Z5":{"st":"4,{0.9,0,0,0.67,43.32,59.88},0"},"Z4":{"st":"3,{0.91,0,0,0.73,35.53,51.96},0"},"Z9":{"st":"1,{1,0,0,1,21,29.45},1"},"Z3":{"st":"2,{0.91,0,0,0.73,13.63,25.23},0"},"Z2":{"st":"0,{0.94,0,0,0.89,18.15,19.85},0.5","e":[{"y":"7","t":"Fblur","x":"7"}]},"Z1":{"st":"0,{0.9,0,0,0.67,9.07,63.25},0","e":[{"y":"5","t":"Fblur","x":"5"}]},"Z6":{"st":"5,{0.9,0,0,0.67,38.23,52.92},0"}},"frameNumber":67},{"state":{"Z9":{"st":"1,{1,0,0,1,21,25.45},1"},"Z2":{"st":"0,{0.94,0,0,0.89,18.15,15.85},0.5","e":[{"y":"7","t":"Fblur","x":"7"}]}},"frameNumber":68},{"state":{"Z5":{"st":"4,{0.82,0,0,0.69,43.92,58.8},0.5"},"Z4":{"st":"3,{0.83,0,0,0.75,36.77,50.64},1"},"Z9":{"st":"1,{1,0,0,1,21,25.45},0"},"Z3":{"st":"2,{0.83,0,0,0.75,16.67,23.11},1"},"Z2":{"st":"1,{1.03,0,0,0.99,11.05,13.85},0.5","e":[{"y":"7","t":"Fblur","x":"7"}]},"Z1":{"st":"0,{0.82,0,0,0.69,12.49,62.27},1","e":[{"y":"5","t":"Fblur","x":"5"}]},"Z6":{"st":"5,{0.82,0,0,0.69,39.25,51.63},1"}},"frameNumber":69},{"state":{"Z5":{"st":"4,{0.84,0,0,0.8,43.74,54.27},0.5"},"Z4":{"st":"3,{0.85,0,0,0.87,36.43,44.85},1"},"Z3":{"st":"2,{0.85,0,0,0.87,15.89,13},1"},"Z2":{"st":"1,{1.05,0,0,1.15,10.14,2.29},0.5","e":[{"y":"7","t":"Fblur","x":"7"}]},"Z1":{"st":"0,{0.84,0,0,0.8,11.61,58.29},1","e":[{"y":"5","t":"Fblur","x":"5"}]},"Z6":{"st":"5,{0.84,0,0,0.8,38.97,45.99},1"}},"frameNumber":70},{"state":{"Z5":{"st":"4,{0.86,0,0,0.91,43.62,49.7},0.5"},"Z4":{"st":"3,{0.87,0,0,0.99,36.15,39},1"},"Z3":{"st":"2,{0.87,0,0,0.99,15.15,2.84},1"},"Z2":{"st":"1,{1.07,0,0,1.31,9.28,-9.32},0.5","e":[{"y":"7","t":"Fblur","x":"7"}]},"Z1":{"st":"0,{0.86,0,0,0.91,10.78,54.27},1","e":[{"y":"5","t":"Fblur","x":"5"}]},"Z6":{"st":"5,{0.86,0,0,0.91,38.74,40.29},1"}},"frameNumber":71},{"state":{"Z5":{"st":"4,{0.93,0,0,0.86,43.08,51.77},0.5"},"Z4":{"st":"3,{0.93,0,0,0.94,35.05,41.64},1"},"Z3":{"st":"2,{0.93,0,0,0.94,12.47,7.4},1"},"Z2":{"st":"1,{1.15,0,0,1.24,6.17,-4.12},0.5","e":[{"y":"7","t":"Fblur","x":"7"}]},"Z1":{"st":"0,{0.93,0,0,0.86,7.78,56.1},1","e":[{"y":"5","t":"Fblur","x":"5"}]},"Z6":{"st":"5,{0.93,0,0,0.86,37.84,42.86},1"}},"frameNumber":72},{"state":{"Z5":{"st":"4,{0.99,0,0,0.82,42.64,53.69},0.5"},"Z4":{"st":"3,{1,0,0,0.89,34.05,44.13},1"},"Z3":{"st":"2,{1,0,0,0.89,9.9,11.8},1"},"Z2":{"st":"1,{1.23,0,0,1.17,3.15,0.93},0.5","e":[{"y":"7","t":"Fblur","x":"7"}]},"Z1":{"st":"0,{0.99,0,0,0.82,4.88,57.78},1","e":[{"y":"5","t":"Fblur","x":"5"}]},"Z6":{"st":"5,{0.99,0,0,0.82,37.04,45.28},1"}},"frameNumber":73}],"animationSequences":[{"endFrameNo":67,"id":"move_start","startFrameNo":61},{"endFrameNo":73,"id":"move_end","startFrameNo":68}],"animationMasks":{}}