{"version":"2.5","namedParts":{},"animationObjects":{"Z43":"A11","Z30":"A11","Z35":"A11","Z9":"A1","Z36":"A11","Z42":"A11","Z11":"A8","Z34":"A11","Z7":"A5","Z21":"A12","Z6":"A4","Z22":"A11","Z5":"A1","Z40":"A11","Z41":"A11","Z32":"A11","Z3":"A2","Z33":"A12","Z39":"A11","Z2":"A1","Z23":"A11","Z20":"A11","Z38":"A11","Z15":"A11","Z24":"A11","Z31":"A11","Z37":"A12","Z14":"A11","Z26":"A11","Z10":"A7","Z25":"A12","Z18":"A11","Z13":"A10","Z16":"A11","Z17":"A12","Z27":"A11","Z28":"A11","Z12":"A9","Z19":"A11","Z29":"A12"},"animationFrameCount":55,"textureAtlas":[{"elements":[{"pivotY":-7,"scale":1,"x":186,"height":77,"y":62,"pivotX":0,"name":"A0","atlasID":1,"width":77},{"pivotY":338,"scale":1,"x":174,"height":458,"y":368,"pivotX":60,"name":"A1","atlasID":1,"width":117},{"pivotY":2,"scale":1,"x":286,"height":18,"y":33,"pivotX":2,"name":"A2","atlasID":1,"width":23},{"pivotY":-7,"scale":1,"x":186,"height":77,"y":62,"pivotX":0,"name":"A3","atlasID":1,"width":77},{"pivotY":-3,"scale":1,"x":510,"height":80,"y":139,"pivotX":5,"name":"A4","atlasID":1,"width":82},{"pivotY":-43,"scale":1,"x":734,"height":27,"y":29,"pivotX":-7,"name":"A5","atlasID":1,"width":57},{"pivotY":-50,"scale":1,"x":406,"height":14,"y":40,"pivotX":-16,"name":"A6","atlasID":1,"width":37},{"pivotY":-51,"scale":1,"x":177,"height":7,"y":51,"pivotX":-18,"name":"A7","atlasID":1,"width":30},{"pivotY":2,"scale":1,"x":376,"height":17,"y":37,"pivotX":2,"name":"A8","atlasID":1,"width":23},{"pivotY":2,"scale":1,"x":443,"height":15,"y":40,"pivotX":2,"name":"A9","atlasID":1,"width":23},{"pivotY":2,"scale":1,"x":800,"height":15,"y":0,"pivotX":2,"name":"A10","atlasID":1,"width":23},{"pivotY":5,"scale":1,"x":823,"height":26,"y":0,"pivotX":8,"name":"A11","atlasID":1,"width":39},{"pivotY":5,"scale":1,"x":174,"height":101,"y":826,"pivotX":5,"name":"A12","atlasID":1,"width":99}],"atlases":[{"id":1,"sources":[{"csf":1,"source":"atlas1.png"},{"csf":2,"source":"atlas2.png"}]}],"scale":1}],"animationConfigFrames":[{"state":{"Z5":{"st":"4,{-0.94,0,0,-0.79,44.4,-145.2},1","m":"Z4"},"Z10":{"st":"9,{1,0,0,1,8.4,3.35},1"},"Z4":{"st":"3,{0.94,0,0,0.94,8.4,3.35},1"},"Z9":{"st":"8,{-1,0,0,1,44.95,189.81},1","m":"Z8"},"Z3":{"st":"2,{1,0,0,1,40.74,67.9},1","c":"0,0,0.6,0,0.6,0,0.4"},"Z8":{"st":"7,{1,0,0,1,8.4,3.35},1"},"Z2":{"st":"1,{-0.94,0,0,-0.79,44.4,-110.2},1","m":"Z1"},"Z7":{"st":"6,{1,0,0,1,8.4,3.35},1"},"Z1":{"st":"0,{1,0,0,1,6.25,0.05},1"},"Z6":{"st":"5,{1,0,0,1,8.4,3.35},1","m":"Z4"}},"frameNumber":1},{"state":{"Z5":{"st":"4,{-0.94,0,0,-0.79,44.4,-145.2},1","m":"Z4"},"Z2":{"st":"1,{-0.94,0,0,-0.79,44.4,-110.2},1","m":"Z1"},"Z9":{"st":"8,{-1,0,0,1,44.95,184.65},1","m":"Z8"},"Z6":{"st":"5,{1,0,0,1,8.4,3.35},1","m":"Z4"}},"frameNumber":2},{"state":{"Z5":{"st":"4,{-0.94,0,0,-0.79,44.4,-145.2},1","m":"Z4"},"Z2":{"st":"1,{-0.94,0,0,-0.79,44.4,-110.2},1","m":"Z1"},"Z9":{"st":"8,{-1,0,0,1,44.95,179.5},1","m":"Z8"},"Z6":{"st":"5,{1,0,0,1,8.4,3.35},1","m":"Z4"}},"frameNumber":3},{"state":{"Z5":{"st":"4,{-0.94,0,0,-0.79,44.4,-145.2},1","m":"Z4"},"Z2":{"st":"1,{-0.94,0,0,-0.79,44.4,-110.2},1","m":"Z1"},"Z9":{"st":"8,{-1,0,0,1,44.95,174.34},1","m":"Z8"},"Z6":{"st":"5,{1,0,0,1,8.4,3.35},1","m":"Z4"}},"frameNumber":4},{"state":{"Z5":{"st":"4,{-0.94,0,0,-0.79,44.4,-145.2},1","m":"Z4"},"Z2":{"st":"1,{-0.94,0,0,-0.79,44.4,-110.2},1","m":"Z1"},"Z9":{"st":"8,{-1,0,0,1,44.95,169.18},1","m":"Z8"},"Z6":{"st":"5,{1,0,0,1,8.4,3.35},1","m":"Z4"}},"frameNumber":5},{"state":{"Z5":{"st":"4,{-0.94,0,0,-0.79,44.4,-145.2},1","m":"Z4"},"Z9":{"st":"8,{-1,0,0,1,44.95,164.07},1","m":"Z8"},"Z3":{"st":"2,{1,0,0,1,40.74,67.9},0","c":"0,0,0.6,0,0.6,0,0.4"},"Z11":{"st":"2,{1,0,0,1,40.74,67.9},1","c":"0,0,0.6,0,0.6,0,0.4"},"Z2":{"st":"1,{-0.94,0,0,-0.79,44.4,-110.2},1","m":"Z1"},"Z6":{"st":"5,{1,0,0,1,8.4,3.35},1","m":"Z4"}},"frameNumber":6},{"state":{"Z5":{"st":"4,{-0.94,0,0,-0.79,44.4,-145.2},1","m":"Z4"},"Z2":{"st":"1,{-0.94,0,0,-0.79,44.4,-110.2},1","m":"Z1"},"Z9":{"st":"8,{-1,0,0,1,44.95,158.91},1","m":"Z8"},"Z6":{"st":"5,{1,0,0,1,8.4,3.35},1","m":"Z4"}},"frameNumber":7},{"state":{"Z5":{"st":"4,{-0.94,0,0,-0.79,44.4,-145.2},1","m":"Z4"},"Z2":{"st":"1,{-0.94,0,0,-0.79,44.4,-110.2},1","m":"Z1"},"Z9":{"st":"8,{-1,0,0,1,44.95,153.76},1","m":"Z8"},"Z6":{"st":"5,{1,0,0,1,8.4,3.35},1","m":"Z4"}},"frameNumber":8},{"state":{"Z5":{"st":"4,{-0.94,0,0,-0.79,44.4,-145.2},1","m":"Z4"},"Z2":{"st":"1,{-0.94,0,0,-0.79,44.4,-110.2},1","m":"Z1"},"Z9":{"st":"8,{-1,0,0,1,44.95,148.6},1","m":"Z8"},"Z6":{"st":"5,{1,0,0,1,8.4,3.35},1","m":"Z4"}},"frameNumber":9},{"state":{"Z5":{"st":"4,{-0.94,0,0,-0.79,44.4,-145.2},1","m":"Z4"},"Z2":{"st":"1,{-0.94,0,0,-0.79,44.4,-110.2},1","m":"Z1"},"Z9":{"st":"8,{-1,0,0,1,44.95,143.44},1","m":"Z8"},"Z6":{"st":"5,{1,0,0,1,8.4,3.35},1","m":"Z4"}},"frameNumber":10},{"state":{"Z5":{"st":"4,{-0.94,0,0,-0.79,44.4,-145.2},1","m":"Z4"},"Z9":{"st":"8,{-1,0,0,1,44.95,138.29},1","m":"Z8"},"Z6":{"st":"5,{1,0,0,1,8.4,3.35},1","m":"Z4"},"Z11":{"st":"2,{1,0,0,1,40.74,67.9},0","c":"0,0,0.6,0,0.6,0,0.4"},"Z2":{"st":"1,{-0.94,0,0,-0.79,44.4,-110.2},1","m":"Z1"},"Z12":{"st":"2,{1,0,0,1,40.74,67.83},1","c":"0,0,0.6,0,0.6,0,0.4"}},"frameNumber":11},{"state":{"Z5":{"st":"4,{-0.94,0,0,-0.79,44.4,-145.2},1","m":"Z4"},"Z2":{"st":"1,{-0.94,0,0,-0.79,44.4,-110.2},1","m":"Z1"},"Z9":{"st":"8,{-1,0,0,1,44.95,133.13},1","m":"Z8"},"Z6":{"st":"5,{1,0,0,1,8.4,3.35},1","m":"Z4"}},"frameNumber":12},{"state":{"Z5":{"st":"4,{-0.94,0,0,-0.79,44.4,-145.2},1","m":"Z4"},"Z2":{"st":"1,{-0.94,0,0,-0.79,44.4,-110.2},1","m":"Z1"},"Z9":{"st":"8,{-1,0,0,1,44.95,127.97},1","m":"Z8"},"Z6":{"st":"5,{1,0,0,1,8.4,3.35},1","m":"Z4"}},"frameNumber":13},{"state":{"Z5":{"st":"4,{-0.94,0,0,-0.79,44.4,-145.2},1","m":"Z4"},"Z2":{"st":"1,{-0.94,0,0,-0.79,44.4,-110.2},1","m":"Z1"},"Z9":{"st":"8,{-1,0,0,1,44.95,122.82},1","m":"Z8"},"Z6":{"st":"5,{1,0,0,1,8.4,3.35},1","m":"Z4"}},"frameNumber":14},{"state":{"Z5":{"st":"4,{-0.94,0,0,-0.79,44.4,-145.2},1","m":"Z4"},"Z2":{"st":"1,{-0.94,0,0,-0.79,44.4,-110.2},1","m":"Z1"},"Z9":{"st":"8,{-1,0,0,1,44.95,117.66},1","m":"Z8"},"Z6":{"st":"5,{1,0,0,1,8.4,3.35},1","m":"Z4"}},"frameNumber":15},{"state":{"Z5":{"st":"4,{-0.94,0,0,-0.79,44.4,-145.2},1","m":"Z4"},"Z9":{"st":"8,{-1,0,0,1,44.95,112.55},1","m":"Z8"},"Z6":{"st":"5,{1,0,0,1,8.4,3.35},1","m":"Z4"},"Z2":{"st":"1,{-0.94,0,0,-0.79,44.4,-110.2},1","m":"Z1"},"Z12":{"st":"2,{1,0,0,1,40.74,67.83},0","c":"0,0,0.6,0,0.6,0,0.4"},"Z13":{"st":"2,{1,0,0,1,40.67,67.69},1","c":"0,0,0.6,0,0.6,0,0.4"}},"frameNumber":16},{"state":{"Z5":{"st":"4,{-0.94,0,0,-0.79,44.4,-145.2},1","m":"Z4"},"Z2":{"st":"1,{-0.94,0,0,-0.79,44.4,-110.2},1","m":"Z1"},"Z9":{"st":"8,{-1,0,0,1,44.95,107.39},1","m":"Z8"},"Z6":{"st":"5,{1,0,0,1,8.4,3.35},1","m":"Z4"}},"frameNumber":17},{"state":{"Z5":{"st":"4,{-0.94,0,0,-0.79,44.4,-145.2},1","m":"Z4"},"Z2":{"st":"1,{-0.94,0,0,-0.79,44.4,-110.2},1","m":"Z1"},"Z9":{"st":"8,{-1,0,0,1,44.95,102.24},1","m":"Z8"},"Z6":{"st":"5,{1,0,0,1,8.4,3.35},1","m":"Z4"}},"frameNumber":18},{"state":{"Z5":{"st":"4,{-0.94,0,0,-0.79,44.4,-145.2},1","m":"Z4"},"Z2":{"st":"1,{-0.94,0,0,-0.79,44.4,-110.2},1","m":"Z1"},"Z9":{"st":"8,{-1,0,0,1,44.95,97.08},1","m":"Z8"},"Z6":{"st":"5,{1,0,0,1,8.4,3.35},1","m":"Z4"}},"frameNumber":19},{"state":{"Z5":{"st":"4,{-0.94,0,0,-0.79,44.4,-145.2},1","m":"Z4"},"Z2":{"st":"1,{-0.94,0,0,-0.79,44.4,-110.2},1","m":"Z1"},"Z9":{"st":"8,{-1,0,0,1,44.95,91.92},1","m":"Z8"},"Z6":{"st":"5,{1,0,0,1,8.4,3.35},1","m":"Z4"}},"frameNumber":20},{"state":{"Z5":{"st":"4,{-0.94,0,0,-0.79,44.4,-145.2},1","m":"Z4"},"Z9":{"st":"8,{-1,0,0,1,44.95,86.77},1","m":"Z8"},"Z6":{"st":"5,{1,0,0,1,8.4,3.35},1","m":"Z4"},"Z2":{"st":"1,{-0.94,0,0,-0.79,44.4,-110.2},1","m":"Z1"},"Z12":{"st":"2,{1,0,0,1,40.74,67.83},1","c":"0,0,0.6,0,0.6,0,0.4"},"Z13":{"st":"2,{1,0,0,1,40.67,67.69},0","c":"0,0,0.6,0,0.6,0,0.4"}},"frameNumber":21},{"state":{"Z5":{"st":"4,{-0.94,0,0,-0.79,44.4,-145.2},1","m":"Z4"},"Z2":{"st":"1,{-0.94,0,0,-0.79,44.4,-110.2},1","m":"Z1"},"Z9":{"st":"8,{-1,0,0,1,44.99,81.61},1","m":"Z8"},"Z6":{"st":"5,{1,0,0,1,8.4,3.35},1","m":"Z4"}},"frameNumber":22},{"state":{"Z5":{"st":"4,{-0.94,0,0,-0.79,44.4,-145.2},1","m":"Z4"},"Z2":{"st":"1,{-0.94,0,0,-0.79,44.4,-110.2},1","m":"Z1"},"Z9":{"st":"8,{-1,0,0,1,44.99,76.45},1","m":"Z8"},"Z6":{"st":"5,{1,0,0,1,8.4,3.35},1","m":"Z4"}},"frameNumber":23},{"state":{"Z5":{"st":"4,{-0.94,0,0,-0.79,44.4,-145.2},1","m":"Z4"},"Z2":{"st":"1,{-0.94,0,0,-0.79,44.4,-110.2},1","m":"Z1"},"Z9":{"st":"8,{-1,0,0,1,44.99,71.3},1","m":"Z8"},"Z6":{"st":"5,{1,0,0,1,8.4,3.35},1","m":"Z4"}},"frameNumber":24},{"state":{"Z5":{"st":"4,{-0.94,0,0,-0.79,44.4,-145.2},1","m":"Z4"},"Z2":{"st":"1,{-0.94,0,0,-0.79,44.4,-110.2},1","m":"Z1"},"Z9":{"st":"8,{-1,0,0,1,44.99,66.14},1","m":"Z8"},"Z6":{"st":"5,{1,0,0,1,8.4,3.35},1","m":"Z4"}},"frameNumber":25},{"state":{"Z5":{"st":"4,{-0.94,0,0,-0.79,44.4,-145.2},1","m":"Z4"},"Z9":{"st":"8,{-1,0,0,1,44.99,61.03},1","m":"Z8"},"Z12":{"st":"2,{1,0,0,1,40.74,67.83},0","c":"0,0,0.6,0,0.6,0,0.4"},"Z11":{"st":"2,{1,0,0,1,40.74,67.9},1","c":"0,0,0.6,0,0.6,0,0.4"},"Z2":{"st":"1,{-0.94,0,0,-0.79,44.4,-110.2},1","m":"Z1"},"Z6":{"st":"5,{1,0,0,1,8.4,3.35},1","m":"Z4"}},"frameNumber":26},{"state":{"Z5":{"st":"4,{-0.94,0,0,-0.79,44.4,-145.2},1","m":"Z4"},"Z2":{"st":"1,{-0.94,0,0,-0.79,44.4,-110.2},1","m":"Z1"},"Z9":{"st":"8,{-1,0,0,1,44.99,55.87},1","m":"Z8"},"Z6":{"st":"5,{1,0,0,1,8.4,3.35},1","m":"Z4"}},"frameNumber":27},{"state":{"Z5":{"st":"4,{-0.94,0,0,-0.79,44.4,-145.2},1","m":"Z4"},"Z2":{"st":"1,{-0.94,0,0,-0.79,44.4,-110.2},1","m":"Z1"},"Z9":{"st":"8,{-1,0,0,1,44.99,50.71},1","m":"Z8"},"Z6":{"st":"5,{1,0,0,1,8.4,3.35},1","m":"Z4"}},"frameNumber":28},{"state":{"Z5":{"st":"4,{-0.94,0,0,-0.79,44.4,-145.2},1","m":"Z4"},"Z2":{"st":"1,{-0.94,0,0,-0.79,44.4,-110.2},1","m":"Z1"},"Z9":{"st":"8,{-1,0,0,1,44.99,45.56},1","m":"Z8"},"Z6":{"st":"5,{1,0,0,1,8.4,3.35},1","m":"Z4"}},"frameNumber":29},{"state":{"Z5":{"st":"4,{-0.94,0,0,-0.79,44.4,-145.2},1","m":"Z4"},"Z2":{"st":"1,{-0.94,0,0,-0.79,44.4,-110.2},1","m":"Z1"},"Z9":{"st":"8,{-1,0,0,1,44.99,40.4},1","m":"Z8"},"Z6":{"st":"5,{1,0,0,1,8.4,3.35},1","m":"Z4"}},"frameNumber":30},{"state":{"Z5":{"st":"4,{-0.94,0,0,-0.79,44.4,-145.2},1","m":"Z4"},"Z9":{"st":"8,{-1,0,0,1,44.99,35.24},1","m":"Z8"},"Z3":{"st":"2,{1,0,0,1,40.74,67.9},1","c":"0,0,0.6,0,0.6,0,0.4"},"Z11":{"st":"2,{1,0,0,1,40.74,67.9},0","c":"0,0,0.6,0,0.6,0,0.4"},"Z2":{"st":"1,{-0.94,0,0,-0.79,44.4,-110.2},1","m":"Z1"},"Z6":{"st":"5,{1,0,0,1,8.4,3.35},1","m":"Z4"}},"frameNumber":31},{"state":{"Z5":{"st":"4,{-0.94,0,0,-0.79,44.4,-145.2},1","m":"Z4"},"Z2":{"st":"1,{-0.94,0,0,-0.79,44.4,-110.2},1","m":"Z1"},"Z9":{"st":"8,{-1,0,0,1,44.99,30.09},1","m":"Z8"},"Z6":{"st":"5,{1,0,0,1,8.4,3.35},1","m":"Z4"}},"frameNumber":32},{"state":{"Z5":{"st":"4,{-0.94,0,0,-0.79,44.4,-145.2},1","m":"Z4"},"Z2":{"st":"1,{-0.94,0,0,-0.79,44.4,-110.2},1","m":"Z1"},"Z9":{"st":"8,{-1,0,0,1,44.99,24.93},1","m":"Z8"},"Z6":{"st":"5,{1,0,0,1,8.4,3.35},1","m":"Z4"}},"frameNumber":33},{"state":{"Z5":{"st":"4,{-0.94,0,0,-0.79,44.4,-145.2},1","m":"Z4"},"Z2":{"st":"1,{-0.94,0,0,-0.79,44.4,-110.2},1","m":"Z1"},"Z9":{"st":"8,{-1,0,0,1,44.99,19.77},1","m":"Z8"},"Z6":{"st":"5,{1,0,0,1,8.4,3.35},1","m":"Z4"}},"frameNumber":34},{"state":{"Z5":{"st":"4,{-0.94,0,0,-0.79,44.4,-145.2},1","m":"Z4"},"Z2":{"st":"1,{-0.94,0,0,-0.79,44.4,-110.2},1","m":"Z1"},"Z9":{"st":"8,{-1,0,0,1,44.99,14.62},1","m":"Z8"},"Z6":{"st":"5,{1,0,0,1,8.4,3.35},1","m":"Z4"}},"frameNumber":35},{"state":{"Z5":{"st":"4,{-0.94,0,0,-0.79,44.4,-145.2},1","m":"Z4"},"Z9":{"st":"8,{-1,0,0,1,44.99,9.51},1","m":"Z8"},"Z3":{"st":"2,{1,0,0,1,40.74,67.9},0","c":"0,0,0.6,0,0.6,0,0.4"},"Z11":{"st":"2,{1,0,0,1,40.74,67.9},1","c":"0,0,0.6,0,0.6,0,0.4"},"Z2":{"st":"1,{-0.94,0,0,-0.79,44.4,-110.2},1","m":"Z1"},"Z6":{"st":"5,{1,0,0,1,8.4,3.35},1","m":"Z4"}},"frameNumber":36},{"state":{"Z5":{"st":"4,{-0.94,0,0,-0.79,44.4,-145.2},1","m":"Z4"},"Z2":{"st":"1,{-0.94,0,0,-0.79,44.4,-110.2},1","m":"Z1"},"Z9":{"st":"8,{-1,0,0,1,44.99,4.35},1","m":"Z8"},"Z6":{"st":"5,{1,0,0,1,8.4,3.35},1","m":"Z4"}},"frameNumber":37},{"state":{"Z5":{"st":"4,{-0.94,0,0,-0.79,44.4,-145.2},1","m":"Z4"},"Z2":{"st":"1,{-0.94,0,0,-0.79,44.4,-110.2},1","m":"Z1"},"Z9":{"st":"8,{-1,0,0,1,44.99,-0.81},1","m":"Z8"},"Z6":{"st":"5,{1,0,0,1,8.4,3.35},1","m":"Z4"}},"frameNumber":38},{"state":{"Z5":{"st":"4,{-0.94,0,0,-0.79,44.4,-145.2},1","m":"Z4"},"Z2":{"st":"1,{-0.94,0,0,-0.79,44.4,-110.2},1","m":"Z1"},"Z9":{"st":"8,{-1,0,0,1,44.99,-5.96},1","m":"Z8"},"Z6":{"st":"5,{1,0,0,1,8.4,3.35},1","m":"Z4"}},"frameNumber":39},{"state":{"Z5":{"st":"4,{-0.94,0,0,-0.79,44.4,-145.2},1","m":"Z4"},"Z2":{"st":"1,{-0.94,0,0,-0.79,44.4,-110.2},1","m":"Z1"},"Z9":{"st":"8,{-1,0,0,1,44.99,-11.12},1","m":"Z8"},"Z6":{"st":"5,{1,0,0,1,8.4,3.35},1","m":"Z4"}},"frameNumber":40},{"state":{"Z30":{"st":"16,{0.31,0.18,-0.18,0.31,25.85,40.1},1","c":"0,1,1,0.47,0.18,0.38,-0.11"},"Z35":{"st":"21,{0.31,0.18,-0.18,0.31,63.65,50.65},1","c":"0,0.87,0.3,0.72,0.24,0.9,0.3"},"Z9":{"st":"8,{-1,0,0,1,44.99,-11.12},0","m":"Z8"},"Z8":{"st":"7,{1,0,0,1,8.4,3.35},0"},"Z11":{"st":"2,{1,0,0,1,40.74,67.9},0","c":"0,0,0.6,0,0.6,0,0.4"},"Z34":{"st":"20,{0.31,0.18,-0.18,0.31,65.8,38.15},1","c":"0,0.87,0.3,0.72,0.24,0.9,0.3"},"Z7":{"st":"6,{1,0,0,1,8.4,3.35},0"},"Z21":{"c":"0,0.5,-0.27,0.5,0.35,0.62,0.63","st":"7,{0.18,-0.18,0.18,0.18,13.1,66.05},0.5","e":[{"y":"5","t":"Fblur","x":"5"}]},"Z6":{"st":"5,{1,0,0,1,8.4,3.35},0","m":"Z4"},"Z33":{"c":"0,0.42,0.75,0.42,0.1,0.42,-0.13","st":"19,{0.21,-0.21,0.21,0.21,5.2,41.7},0.5","e":[{"y":"5","t":"Fblur","x":"5"}]},"Z5":{"st":"4,{-0.94,0,0,-0.79,44.4,-145.2},0","m":"Z4"},"Z4":{"st":"3,{0.94,0,0,0.94,8.4,3.35},0"},"Z32":{"st":"18,{-0.31,0.18,0.18,0.31,24.2,48.3},1","c":"0,1,1,0.47,0.18,0.38,-0.11"},"Z22":{"st":"8,{0,0,0,0,65.25,27},1","c":"0,0.87,0.3,0.72,0.24,0.9,0.3"},"Z2":{"st":"1,{-0.94,0,0,-0.79,44.4,-110.2},0","m":"Z1"},"Z31":{"st":"17,{0.31,0.18,-0.18,0.31,23.7,52.6},1","c":"0,1,1,0.47,0.18,0.38,-0.11"},"Z1":{"st":"0,{1,0,0,1,6.25,0.05},0"},"Z15":{"st":"1,{0.28,0.16,-0.16,0.28,42.5,31.85},1","c":"0,0.28,0.2,0.4,0.5,0.23,0"},"Z24":{"st":"10,{0,0,0,0,65.25,27.05},1","c":"0,0.87,0.3,0.72,0.24,0.9,0.3"},"Z23":{"st":"9,{0,0,0,0,65.25,27.05},1","c":"0,0.87,0.3,0.72,0.24,0.9,0.3"},"Z37":{"c":"0,0.5,0.69,0.5,0.47,0.5,0.62","st":"23,{0.21,-0.21,0.21,0.21,44.8,40.2},0.5","e":[{"y":"5","t":"Fblur","x":"5"}]},"Z14":{"st":"0,{0.28,0.16,-0.16,0.28,44.4,20.6},1","c":"0,0.28,0.2,0.4,0.5,0.23,0"},"Z26":{"st":"12,{0.31,0.18,-0.18,0.31,58.35,58.65},1","c":"0,0.82,0.34,0.88,0.25,0,-0.79"},"Z17":{"c":"0,0.4,-0.46,0.63,0.19,0.4,-0.29","st":"3,{0.19,-0.19,0.19,0.19,26.5,25.25},0.5","e":[{"y":"5","t":"Fblur","x":"5"}]},"Z25":{"c":"0,0.5,0.69,0.5,0.47,0.5,0.62","st":"11,{0,0,0,0,65.15,27},0.5","e":[{"y":"5","t":"Fblur","x":"5"}]},"Z18":{"st":"4,{0.26,0.15,-0.15,0.26,30.25,63.4},1","c":"0,0.2,0.2,0.54,0.44,0.72,0.84"},"Z20":{"st":"6,{-0.26,0.15,0.15,0.26,28.8,70.4},1","c":"0,0.2,0.2,0.54,0.44,0.72,0.84"},"Z16":{"st":"2,{-0.28,0.16,0.16,0.28,42.9,28},1","c":"0,0.28,0.2,0.4,0.5,0.23,0"},"Z10":{"st":"9,{1,0,0,1,8.4,3.35},0"},"Z27":{"st":"13,{0.31,0.18,-0.18,0.31,56.2,71.15},1","c":"0,0.82,0.34,0.88,0.25,0,-0.79"},"Z28":{"st":"14,{-0.31,0.18,0.18,0.31,56.7,66.85},1","c":"0,0.82,0.34,0.88,0.25,0,-0.79"},"Z36":{"st":"22,{-0.31,0.18,0.18,0.31,64.15,46.35},1","c":"0,0.87,0.3,0.72,0.24,0.9,0.3"},"Z19":{"st":"5,{0.26,0.15,-0.15,0.26,28.4,74.05},1","c":"0,0.2,0.2,0.54,0.44,0.72,0.84"},"Z29":{"c":"0,0.4,0.69,0.4,0.64,0,0.3","st":"15,{0.21,-0.21,0.21,0.21,38.6,64.15},0.5","e":[{"y":"5","t":"Fblur","x":"5"}]}},"frameNumber":41},{"state":{"Z33":{"c":"0,0.42,0.75,0.42,0.1,0.42,-0.13","st":"19,{0.43,-0.2,0.2,0.43,-4.75,31.35},0.72","e":[{"y":"7.19","t":"Fblur","x":"7.19"}]},"Z24":{"st":"10,{0,0,0,0,65.25,27.05},1","c":"0,0.87,0.3,0.72,0.24,0.9,0.3"},"Z30":{"st":"16,{0.34,0.2,-0.2,0.34,25.6,35.85},1","c":"0,1,1,0.47,0.18,0.38,-0.11"},"Z31":{"st":"17,{0.34,0.2,-0.2,0.34,24.3,48.8},1","c":"0,1,1,0.47,0.18,0.38,-0.11"},"Z37":{"c":"0,0.5,0.69,0.5,0.47,0.5,0.62","st":"23,{0.43,-0.2,0.2,0.43,34.85,29.85},0.72","e":[{"y":"7.19","t":"Fblur","x":"7.19"}]},"Z14":{"st":"0,{0.31,0.18,-0.18,0.31,44.2,16.8},1","c":"0,0.28,0.2,0.4,0.5,0.23,0"},"Z26":{"st":"12,{0.34,0.2,-0.2,0.34,58.1,54.4},1","c":"0,0.82,0.34,0.88,0.25,0,-0.79"},"Z17":{"c":"0,0.4,-0.46,0.63,0.19,0.4,-0.29","st":"3,{0.39,-0.18,0.18,0.39,17.5,15.95},0.72","e":[{"y":"7.19","t":"Fblur","x":"7.19"}]},"Z25":{"c":"0,0.5,0.69,0.5,0.47,0.5,0.62","st":"11,{0,0,0,0,65.15,26.95},0.72","e":[{"y":"7.19","t":"Fblur","x":"7.19"}]},"Z35":{"st":"21,{0.34,0.2,-0.2,0.34,64.25,46.8},1","c":"0,0.87,0.3,0.72,0.24,0.9,0.3"},"Z18":{"st":"4,{0.29,0.17,-0.17,0.29,30,59.75},1","c":"0,0.2,0.2,0.54,0.44,0.72,0.84"},"Z22":{"st":"8,{0,0,0,0,65.25,27},1","c":"0,0.87,0.3,0.72,0.24,0.9,0.3"},"Z29":{"c":"0,0.4,0.69,0.4,0.64,0,0.3","st":"15,{0.43,-0.2,0.2,0.43,28.65,53.8},0.72","e":[{"y":"7.19","t":"Fblur","x":"7.19"}]},"Z34":{"st":"20,{0.34,0.2,-0.2,0.34,65.55,33.9},1","c":"0,0.87,0.3,0.72,0.24,0.9,0.3"},"Z21":{"c":"0,0.5,-0.27,0.5,0.35,0.62,0.63","st":"7,{0.37,-0.18,0.18,0.37,4.6,57.2},0.72","e":[{"y":"7.19","t":"Fblur","x":"7.19"}]},"Z32":{"st":"18,{-0.34,0.2,0.2,0.34,23.6,44.5},1","c":"0,1,1,0.47,0.18,0.38,-0.11"},"Z27":{"st":"13,{0.34,0.2,-0.2,0.34,56.8,67.3},1","c":"0,0.82,0.34,0.88,0.25,0,-0.79"},"Z16":{"st":"2,{-0.31,0.18,0.18,0.31,42.45,24.55},1","c":"0,0.28,0.2,0.4,0.5,0.23,0"},"Z28":{"st":"14,{-0.34,0.2,0.2,0.34,56.1,63.05},1","c":"0,0.82,0.34,0.88,0.25,0,-0.79"},"Z23":{"st":"9,{0,0,0,0,65.25,27.05},1","c":"0,0.87,0.3,0.72,0.24,0.9,0.3"},"Z20":{"st":"6,{-0.29,0.17,0.17,0.29,28.3,67.1},1","c":"0,0.2,0.2,0.54,0.44,0.72,0.84"},"Z36":{"st":"22,{-0.34,0.2,0.2,0.34,63.55,42.55},1","c":"0,0.87,0.3,0.72,0.24,0.9,0.3"},"Z19":{"st":"5,{0.29,0.17,-0.17,0.29,28.95,70.8},1","c":"0,0.2,0.2,0.54,0.44,0.72,0.84"},"Z15":{"st":"1,{0.31,0.18,-0.18,0.31,43,28.4},1","c":"0,0.28,0.2,0.4,0.5,0.23,0"}},"frameNumber":42},{"state":{"Z33":{"c":"0,0.42,0.75,0.42,0.1,0.42,-0.13","st":"19,{0.6,-0.12,0.12,0.6,-8.35,19.65},0.88","e":[{"y":"8.75","t":"Fblur","x":"8.75"}]},"Z24":{"st":"10,{0,0,0,0,65.25,27},1","c":"0,0.87,0.3,0.72,0.24,0.9,0.3"},"Z30":{"st":"16,{0.38,0.22,-0.22,0.38,25.35,31.95},1","c":"0,1,1,0.47,0.18,0.38,-0.11"},"Z31":{"st":"17,{0.38,0.22,-0.22,0.38,24.9,45.4},1","c":"0,1,1,0.47,0.18,0.38,-0.11"},"Z37":{"c":"0,0.5,0.69,0.5,0.47,0.5,0.62","st":"23,{0.6,-0.12,0.12,0.6,31.25,18.15},0.88","e":[{"y":"8.75","t":"Fblur","x":"8.75"}]},"Z14":{"st":"0,{0.34,0.2,-0.2,0.34,44,13.25},1","c":"0,0.28,0.2,0.4,0.5,0.23,0"},"Z26":{"st":"12,{0.38,0.22,-0.22,0.38,57.85,50.5},1","c":"0,0.82,0.34,0.88,0.25,0,-0.79"},"Z17":{"c":"0,0.4,-0.46,0.63,0.19,0.4,-0.29","st":"3,{0.54,-0.11,0.11,0.54,14.3,5.45},0.88","e":[{"y":"8.75","t":"Fblur","x":"8.75"}]},"Z25":{"c":"0,0.5,0.69,0.5,0.47,0.5,0.62","st":"11,{0,0,0,0,65.1,26.9},0.88","e":[{"y":"8.75","t":"Fblur","x":"8.75"}]},"Z35":{"st":"21,{0.38,0.22,-0.22,0.38,64.85,43.45},1","c":"0,0.87,0.3,0.72,0.24,0.9,0.3"},"Z18":{"st":"4,{0.32,0.19,-0.19,0.32,29.85,56.4},1","c":"0,0.2,0.2,0.54,0.44,0.72,0.84"},"Z22":{"st":"8,{0,0,0,0,65.25,26.95},1","c":"0,0.87,0.3,0.72,0.24,0.9,0.3"},"Z29":{"c":"0,0.4,0.69,0.4,0.64,0,0.3","st":"15,{0.6,-0.12,0.12,0.6,25.05,42.1},0.88","e":[{"y":"8.75","t":"Fblur","x":"8.75"}]},"Z34":{"st":"20,{0.38,0.22,-0.22,0.38,65.3,30},1","c":"0,0.87,0.3,0.72,0.24,0.9,0.3"},"Z21":{"c":"0,0.5,-0.27,0.5,0.35,0.62,0.63","st":"7,{0.51,-0.1,0.1,0.51,1.55,47.25},0.88","e":[{"y":"8.75","t":"Fblur","x":"8.75"}]},"Z32":{"st":"18,{-0.38,0.22,0.22,0.38,22.95,41.1},1","c":"0,1,1,0.47,0.18,0.38,-0.11"},"Z27":{"st":"13,{0.38,0.22,-0.22,0.38,57.4,63.95},1","c":"0,0.82,0.34,0.88,0.25,0,-0.79"},"Z16":{"st":"2,{-0.34,0.2,0.2,0.34,41.8,21.45},1","c":"0,0.28,0.2,0.4,0.5,0.23,0"},"Z28":{"st":"14,{-0.38,0.22,0.22,0.38,55.45,59.65},1","c":"0,0.82,0.34,0.88,0.25,0,-0.79"},"Z23":{"st":"9,{0,0,0,0,65.25,27},1","c":"0,0.87,0.3,0.72,0.24,0.9,0.3"},"Z20":{"st":"6,{-0.32,0.19,0.19,0.32,27.75,64.2},1","c":"0,0.2,0.2,0.54,0.44,0.72,0.84"},"Z36":{"st":"22,{-0.38,0.22,0.22,0.38,62.9,39.15},1","c":"0,0.87,0.3,0.72,0.24,0.9,0.3"},"Z19":{"st":"5,{0.32,0.19,-0.19,0.32,29.5,67.9},1","c":"0,0.2,0.2,0.54,0.44,0.72,0.84"},"Z15":{"st":"1,{0.34,0.2,-0.2,0.34,43.6,25.35},1","c":"0,0.28,0.2,0.4,0.5,0.23,0"}},"frameNumber":43},{"state":{"Z43":{"st":"28,{-0.41,0.24,0.24,0.41,62.25,36.05},1","c":"0,0.87,0.3,0.72,0.24,0.9,0.3"},"Z30":{"st":"15,{0.41,0.24,-0.24,0.41,57.65,46.95},1","c":"0,0.82,0.34,0.88,0.25,0,-0.79"},"Z35":{"st":"20,{0.41,0.24,-0.24,0.41,25.15,28.4},1","c":"0,1,1,0.47,0.18,0.38,-0.11"},"Z42":{"st":"27,{0.41,0.24,-0.24,0.41,65.65,40.45},1","c":"0,0.87,0.3,0.72,0.24,0.9,0.3"},"Z34":{"st":"18,{-0.41,0.24,0.24,0.41,54.8,56.55},1","c":"0,0.82,0.34,0.88,0.25,0,-0.79"},"Z21":{"c":"0,0.5,-0.27,0.5,0.35,0.62,0.63","st":"9,{0.59,-0.03,0.03,0.59,1.3,40.5},0.97","e":[{"y":"9.69","t":"Fblur","x":"9.69"}]},"Z33":{"c":"0,0.42,0.75,0.42,0.1,0.42,-0.13","st":"24,{0.69,-0.03,0.03,0.69,-8.55,11.75},0.97","e":[{"y":"9.69","t":"Fblur","x":"9.69"}]},"Z40":{"st":"25,{0.41,0.24,-0.24,0.41,65.1,26.45},1","c":"0,0.87,0.3,0.72,0.24,0.9,0.3"},"Z41":{"st":"26,{0.24,0.14,-0.14,0.24,56.65,50.4},1","c":"0,0.87,0.3,0.72,0.24,0.9,0.3"},"Z32":{"st":"17,{0.41,0.24,-0.24,0.41,58.2,60.95},1","c":"0,0.82,0.34,0.88,0.25,0,-0.79"},"Z22":{"st":"7,{0.35,0.2,-0.2,0.35,30.1,65.35},1","c":"0,0.2,0.2,0.54,0.44,0.72,0.84"},"Z39":{"st":"23,{-0.41,0.24,0.24,0.41,22.3,38},1","c":"0,1,1,0.47,0.18,0.38,-0.11"},"Z31":{"st":"16,{0.24,0.14,-0.14,0.24,49.2,70.9},1","c":"0,0.82,0.34,0.88,0.25,0,-0.79"},"Z20":{"st":"6,{0.2,0.12,-0.12,0.2,22.4,73.85},1","c":"0,0.2,0.2,0.54,0.44,0.72,0.84"},"Z38":{"st":"22,{0.41,0.24,-0.24,0.41,25.7,42.4},1","c":"0,1,1,0.47,0.18,0.38,-0.11"},"Z15":{"st":"1,{0.21,0.12,-0.12,0.21,36.2,31.65},1","c":"0,0.28,0.2,0.4,0.5,0.23,0"},"Z24":{"st":"10,{0,0,0,0,65.25,26.95},1","c":"0,0.87,0.3,0.72,0.24,0.9,0.3"},"Z23":{"st":"8,{-0.35,0.2,0.2,0.35,27.2,61.65},1","c":"0,0.2,0.2,0.54,0.44,0.72,0.84"},"Z37":{"c":"0,0.5,0.69,0.5,0.47,0.5,0.62","st":"29,{0.69,-0.03,0.03,0.69,31.05,10.25},0.97","e":[{"y":"9.69","t":"Fblur","x":"9.69"}]},"Z14":{"st":"0,{0.37,0.21,-0.21,0.37,43.85,10.1},1","c":"0,0.28,0.2,0.4,0.5,0.23,0"},"Z26":{"st":"11,{0,0,0,0,65.2,27.05},1","c":"0,0.87,0.3,0.72,0.24,0.9,0.3"},"Z17":{"c":"0,0.4,-0.46,0.63,0.19,0.4,-0.29","st":"4,{0.62,-0.03,0.03,0.62,14.05,-1.65},0.97","e":[{"y":"9.69","t":"Fblur","x":"9.69"}]},"Z25":{"c":"0,0.5,0.69,0.5,0.47,0.5,0.62","st":"14,{0,0,0,0,65.1,26.9},0.97","e":[{"y":"9.69","t":"Fblur","x":"9.69"}]},"Z18":{"st":"3,{-0.37,0.21,0.21,0.37,41.2,18.75},1","c":"0,0.28,0.2,0.4,0.5,0.23,0"},"Z16":{"st":"2,{0.37,0.21,-0.21,0.37,44.3,22.65},1","c":"0,0.28,0.2,0.4,0.5,0.23,0"},"Z27":{"st":"12,{0,0,0,0,65.25,27},1","c":"0,0.87,0.3,0.72,0.24,0.9,0.3"},"Z28":{"st":"13,{0,0,0,0,65.25,27},1","c":"0,0.87,0.3,0.72,0.24,0.9,0.3"},"Z36":{"st":"21,{0.24,0.14,-0.14,0.24,16.7,52.35},1","c":"0,1,1,0.47,0.18,0.38,-0.11"},"Z19":{"st":"5,{0.35,0.2,-0.2,0.35,29.7,53.4},1","c":"0,0.2,0.2,0.54,0.44,0.72,0.84"},"Z29":{"c":"0,0.4,0.69,0.4,0.64,0,0.3","st":"19,{0.69,-0.03,0.03,0.69,24.85,34.2},0.97","e":[{"y":"9.69","t":"Fblur","x":"9.69"}]}},"frameNumber":44},{"state":{"Z43":{"st":"28,{-0.44,0.25,0.25,0.44,61.4,33.45},1","c":"0,0.87,0.3,0.72,0.24,0.9,0.3"},"Z30":{"st":"15,{0.44,0.25,-0.25,0.44,57.45,43.8},1","c":"0,0.82,0.34,0.88,0.25,0,-0.79"},"Z35":{"st":"20,{0.44,0.25,-0.25,0.44,24.95,25.25},1","c":"0,1,1,0.47,0.18,0.38,-0.11"},"Z42":{"st":"27,{0.44,0.25,-0.25,0.44,66.4,37.8},1","c":"0,0.87,0.3,0.72,0.24,0.9,0.3"},"Z34":{"st":"18,{-0.44,0.25,0.25,0.44,53.95,53.95},1","c":"0,0.82,0.34,0.88,0.25,0,-0.79"},"Z21":{"c":"0,0.5,-0.27,0.5,0.35,0.62,0.63","st":"9,{0.61,0,0,0.61,1.6,38.2},1","e":[{"y":"10","t":"Fblur","x":"10"}]},"Z33":{"c":"0,0.42,0.75,0.42,0.1,0.42,-0.13","st":"24,{0.72,0,0,0.72,-8.3,9.05},1","e":[{"y":"10","t":"Fblur","x":"10"}]},"Z40":{"st":"25,{0.44,0.25,-0.25,0.44,64.9,23.3},1","c":"0,0.87,0.3,0.72,0.24,0.9,0.3"},"Z41":{"st":"26,{0.27,0.16,-0.16,0.27,56.4,47.35},1","c":"0,0.87,0.3,0.72,0.24,0.9,0.3"},"Z32":{"st":"17,{0.44,0.25,-0.25,0.44,58.95,58.3},1","c":"0,0.82,0.34,0.88,0.25,0,-0.79"},"Z22":{"st":"7,{0.37,0.22,-0.22,0.37,30.8,63.1},1","c":"0,0.2,0.2,0.54,0.44,0.72,0.84"},"Z39":{"st":"23,{-0.44,0.25,0.25,0.44,21.45,35.4},1","c":"0,1,1,0.47,0.18,0.38,-0.11"},"Z31":{"st":"16,{0.27,0.16,-0.16,0.27,48.95,67.85},1","c":"0,0.82,0.34,0.88,0.25,0,-0.79"},"Z20":{"st":"6,{0.23,0.13,-0.13,0.23,22.25,71.2},1","c":"0,0.2,0.2,0.54,0.44,0.72,0.84"},"Z38":{"st":"22,{0.44,0.25,-0.25,0.44,26.45,39.75},1","c":"0,1,1,0.47,0.18,0.38,-0.11"},"Z15":{"st":"1,{0.24,0.14,-0.14,0.24,36,28.9},1","c":"0,0.28,0.2,0.4,0.5,0.23,0"},"Z24":{"st":"10,{0,0,0,0,65.25,26.95},1","c":"0,0.87,0.3,0.72,0.24,0.9,0.3"},"Z23":{"st":"8,{-0.37,0.22,0.22,0.37,26.5,59.4},1","c":"0,0.2,0.2,0.54,0.44,0.72,0.84"},"Z37":{"c":"0,0.5,0.69,0.5,0.47,0.5,0.62","st":"29,{0.72,0,0,0.72,31.3,7.55},1","e":[{"y":"10","t":"Fblur","x":"10"}]},"Z14":{"st":"0,{0.4,0.23,-0.23,0.4,43.6,7.25},1","c":"0,0.28,0.2,0.4,0.5,0.23,0"},"Z26":{"st":"11,{0,0,0,0,65.2,27.05},1","c":"0,0.87,0.3,0.72,0.24,0.9,0.3"},"Z17":{"c":"0,0.4,-0.46,0.63,0.19,0.4,-0.29","st":"4,{0.65,0,0,0.65,14.35,-4.1},1","e":[{"y":"10","t":"Fblur","x":"10"}]},"Z25":{"c":"0,0.5,0.69,0.5,0.47,0.5,0.62","st":"14,{0,0,0,0,65.1,26.85},1","e":[{"y":"10","t":"Fblur","x":"10"}]},"Z18":{"st":"3,{-0.4,0.23,0.23,0.4,40.45,16.35},1","c":"0,0.28,0.2,0.4,0.5,0.23,0"},"Z16":{"st":"2,{0.4,0.23,-0.23,0.4,44.95,20.3},1","c":"0,0.28,0.2,0.4,0.5,0.23,0"},"Z27":{"st":"12,{0,0,0,0,65.25,27},1","c":"0,0.87,0.3,0.72,0.24,0.9,0.3"},"Z28":{"st":"13,{0,0,0,0,65.25,27},1","c":"0,0.87,0.3,0.72,0.24,0.9,0.3"},"Z36":{"st":"21,{0.27,0.16,-0.16,0.27,16.45,49.3},1","c":"0,1,1,0.47,0.18,0.38,-0.11"},"Z19":{"st":"5,{0.37,0.22,-0.22,0.37,29.45,50.75},1","c":"0,0.2,0.2,0.54,0.44,0.72,0.84"},"Z29":{"c":"0,0.4,0.69,0.4,0.64,0,0.3","st":"19,{0.72,0,0,0.72,25.1,31.5},1","e":[{"y":"10","t":"Fblur","x":"10"}]}},"frameNumber":45},{"state":{"Z43":{"st":"28,{-0.46,0.27,0.27,0.46,60.55,31.25},1","c":"0,0.87,0.3,0.72,0.24,0.9,0.3"},"Z30":{"st":"15,{0.46,0.27,-0.27,0.46,57.25,40.95},1","c":"0,0.82,0.34,0.88,0.25,0,-0.79"},"Z35":{"st":"20,{0.46,0.27,-0.27,0.46,24.75,22.4},1","c":"0,1,1,0.47,0.18,0.38,-0.11"},"Z42":{"st":"27,{0.46,0.27,-0.27,0.46,67.25,35.5},1","c":"0,0.87,0.3,0.72,0.24,0.9,0.3"},"Z34":{"st":"18,{-0.46,0.27,0.27,0.46,53.1,51.75},1","c":"0,0.82,0.34,0.88,0.25,0,-0.79"},"Z21":{"c":"0,0.5,-0.27,0.5,0.35,0.62,0.63","st":"9,{0.64,0.07,-0.07,0.64,3.45,31.85},0.86","e":[{"y":"12.86","t":"Fblur","x":"12.86"}]},"Z33":{"c":"0,0.42,0.75,0.42,0.1,0.42,-0.13","st":"24,{0.75,0.08,-0.08,0.75,-6.1,1.65},0.86","e":[{"y":"12.86","t":"Fblur","x":"12.86"}]},"Z40":{"st":"25,{0.46,0.27,-0.27,0.46,64.7,20.45},1","c":"0,0.87,0.3,0.72,0.24,0.9,0.3"},"Z41":{"st":"26,{0.3,0.17,-0.17,0.3,56.25,44.6},1","c":"0,0.87,0.3,0.72,0.24,0.9,0.3"},"Z32":{"st":"17,{0.46,0.27,-0.27,0.46,59.8,56},1","c":"0,0.82,0.34,0.88,0.25,0,-0.79"},"Z22":{"st":"7,{0.4,0.23,-0.23,0.4,31.5,61.1},1","c":"0,0.2,0.2,0.54,0.44,0.72,0.84"},"Z39":{"st":"23,{-0.46,0.27,0.27,0.46,20.6,33.15},1","c":"0,1,1,0.47,0.18,0.38,-0.11"},"Z31":{"st":"16,{0.3,0.17,-0.17,0.3,48.8,65.1},1","c":"0,0.82,0.34,0.88,0.25,0,-0.79"},"Z20":{"st":"6,{0.26,0.15,-0.15,0.26,22.05,68.9},1","c":"0,0.2,0.2,0.54,0.44,0.72,0.84"},"Z38":{"st":"22,{0.46,0.27,-0.27,0.46,27.3,37.45},1","c":"0,1,1,0.47,0.18,0.38,-0.11"},"Z15":{"st":"1,{0.27,0.16,-0.16,0.27,35.85,26.4},1","c":"0,0.28,0.2,0.4,0.5,0.23,0"},"Z24":{"st":"10,{0,0,0,0,65.25,26.95},1","c":"0,0.87,0.3,0.72,0.24,0.9,0.3"},"Z23":{"st":"8,{-0.4,0.23,0.23,0.4,25.75,57.45},1","c":"0,0.2,0.2,0.54,0.44,0.72,0.84"},"Z37":{"c":"0,0.5,0.69,0.5,0.47,0.5,0.62","st":"29,{0.75,0.08,-0.08,0.75,33.5,0.15},0.86","e":[{"y":"12.86","t":"Fblur","x":"12.86"}]},"Z14":{"st":"0,{0.42,0.24,-0.24,0.42,43.45,4.7},1","c":"0,0.28,0.2,0.4,0.5,0.23,0"},"Z26":{"st":"11,{0,0,0,0,65.2,27},1","c":"0,0.87,0.3,0.72,0.24,0.9,0.3"},"Z17":{"c":"0,0.4,-0.46,0.63,0.19,0.4,-0.29","st":"4,{0.68,0.07,-0.07,0.68,16.3,-10.8},0.86","e":[{"y":"12.86","t":"Fblur","x":"12.86"}]},"Z25":{"c":"0,0.5,0.69,0.5,0.47,0.5,0.62","st":"14,{0,0,0,0,65.1,26.85},0.86","e":[{"y":"12.86","t":"Fblur","x":"12.86"}]},"Z18":{"st":"3,{-0.42,0.24,0.24,0.42,39.7,14.35},1","c":"0,0.28,0.2,0.4,0.5,0.23,0"},"Z16":{"st":"2,{0.42,0.24,-0.24,0.42,45.8,18.2},1","c":"0,0.28,0.2,0.4,0.5,0.23,0"},"Z27":{"st":"12,{0,0,0,0,65.25,26.95},1","c":"0,0.87,0.3,0.72,0.24,0.9,0.3"},"Z28":{"st":"13,{0,0,0,0,65.25,26.95},1","c":"0,0.87,0.3,0.72,0.24,0.9,0.3"},"Z36":{"st":"21,{0.3,0.17,-0.17,0.3,16.3,46.55},1","c":"0,1,1,0.47,0.18,0.38,-0.11"},"Z19":{"st":"5,{0.4,0.23,-0.23,0.4,29.35,48.25},1","c":"0,0.2,0.2,0.54,0.44,0.72,0.84"},"Z29":{"c":"0,0.4,0.69,0.4,0.64,0,0.3","st":"19,{0.75,0.08,-0.08,0.75,27.3,24.1},0.86","e":[{"y":"12.86","t":"Fblur","x":"12.86"}]}},"frameNumber":46},{"state":{"Z43":{"st":"28,{-0.49,0.28,0.28,0.49,59.55,29.35},1","c":"0,0.87,0.3,0.72,0.24,0.9,0.3"},"Z30":{"st":"15,{0.49,0.28,-0.28,0.49,57.2,38.6},1","c":"0,0.82,0.34,0.88,0.25,0,-0.79"},"Z35":{"st":"20,{0.49,0.28,-0.28,0.49,24.7,20},1","c":"0,1,1,0.47,0.18,0.38,-0.11"},"Z42":{"st":"27,{0.49,0.28,-0.28,0.49,68.2,33.6},1","c":"0,0.87,0.3,0.72,0.24,0.9,0.3"},"Z34":{"st":"18,{-0.49,0.28,0.28,0.49,52.1,49.85},1","c":"0,0.82,0.34,0.88,0.25,0,-0.79"},"Z21":{"c":"0,0.5,-0.27,0.5,0.35,0.62,0.63","st":"9,{0.66,0.15,-0.15,0.66,6.1,25.55},0.71","e":[{"y":"15.71","t":"Fblur","x":"15.71"}]},"Z33":{"c":"0,0.42,0.75,0.42,0.1,0.42,-0.13","st":"24,{0.78,0.18,-0.18,0.78,-2.95,-5.75},0.71","e":[{"y":"15.71","t":"Fblur","x":"15.71"}]},"Z40":{"st":"25,{0.49,0.28,-0.28,0.49,64.65,18.1},1","c":"0,0.87,0.3,0.72,0.24,0.9,0.3"},"Z41":{"st":"26,{0.33,0.19,-0.19,0.33,56.05,42.15},1","c":"0,0.87,0.3,0.72,0.24,0.9,0.3"},"Z32":{"st":"17,{0.49,0.28,-0.28,0.49,60.75,54.1},1","c":"0,0.82,0.34,0.88,0.25,0,-0.79"},"Z22":{"st":"7,{0.41,0.24,-0.24,0.41,32.35,59.5},1","c":"0,0.2,0.2,0.54,0.44,0.72,0.84"},"Z39":{"st":"23,{-0.49,0.28,0.28,0.49,19.6,31.25},1","c":"0,1,1,0.47,0.18,0.38,-0.11"},"Z31":{"st":"16,{0.33,0.19,-0.19,0.33,48.6,62.65},1","c":"0,0.82,0.34,0.88,0.25,0,-0.79"},"Z20":{"st":"6,{0.28,0.16,-0.16,0.28,21.9,66.8},1","c":"0,0.2,0.2,0.54,0.44,0.72,0.84"},"Z38":{"st":"22,{0.49,0.28,-0.28,0.49,28.3,35.6},1","c":"0,1,1,0.47,0.18,0.38,-0.11"},"Z15":{"st":"1,{0.3,0.17,-0.17,0.3,35.65,24.25},1","c":"0,0.28,0.2,0.4,0.5,0.23,0"},"Z24":{"st":"10,{0,0,0,0,65.25,26.9},1","c":"0,0.87,0.3,0.72,0.24,0.9,0.3"},"Z23":{"st":"8,{-0.41,0.24,0.24,0.41,25,55.85},1","c":"0,0.2,0.2,0.54,0.44,0.72,0.84"},"Z37":{"c":"0,0.5,0.69,0.5,0.47,0.5,0.62","st":"29,{0.78,0.18,-0.18,0.78,36.65,-7.25},0.71","e":[{"y":"15.71","t":"Fblur","x":"15.71"}]},"Z14":{"st":"0,{0.44,0.25,-0.25,0.44,43.35,2.55},1","c":"0,0.28,0.2,0.4,0.5,0.23,0"},"Z26":{"st":"11,{0,0,0,0,65.2,27},1","c":"0,0.87,0.3,0.72,0.24,0.9,0.3"},"Z17":{"c":"0,0.4,-0.46,0.63,0.19,0.4,-0.29","st":"4,{0.7,0.16,-0.16,0.7,19.15,-17.4},0.71","e":[{"y":"15.71","t":"Fblur","x":"15.71"}]},"Z25":{"c":"0,0.5,0.69,0.5,0.47,0.5,0.62","st":"14,{0,0,0,0,65.15,26.8},0.71","e":[{"y":"15.71","t":"Fblur","x":"15.71"}]},"Z18":{"st":"3,{-0.44,0.25,0.25,0.44,38.85,12.65},1","c":"0,0.28,0.2,0.4,0.5,0.23,0"},"Z16":{"st":"2,{0.44,0.25,-0.25,0.44,46.6,16.55},1","c":"0,0.28,0.2,0.4,0.5,0.23,0"},"Z27":{"st":"12,{0,0,0,0,65.25,26.95},1","c":"0,0.87,0.3,0.72,0.24,0.9,0.3"},"Z28":{"st":"13,{0,0,0,0,65.25,26.95},1","c":"0,0.87,0.3,0.72,0.24,0.9,0.3"},"Z36":{"st":"21,{0.33,0.19,-0.19,0.33,16.1,44.1},1","c":"0,1,1,0.47,0.18,0.38,-0.11"},"Z19":{"st":"5,{0.41,0.24,-0.24,0.41,29.25,46.2},1","c":"0,0.2,0.2,0.54,0.44,0.72,0.84"},"Z29":{"c":"0,0.4,0.69,0.4,0.64,0,0.3","st":"19,{0.78,0.18,-0.18,0.78,30.45,16.7},0.71","e":[{"y":"15.71","t":"Fblur","x":"15.71"}]}},"frameNumber":47},{"state":{"Z43":{"st":"28,{-0.5,0.29,0.29,0.5,58.55,27.95},1","c":"0,0.87,0.3,0.72,0.24,0.9,0.3"},"Z30":{"st":"15,{0.5,0.29,-0.29,0.5,57.05,36.55},1","c":"0,0.82,0.34,0.88,0.25,0,-0.79"},"Z35":{"st":"20,{0.5,0.29,-0.29,0.5,24.55,18},1","c":"0,1,1,0.47,0.18,0.38,-0.11"},"Z42":{"st":"27,{0.5,0.29,-0.29,0.5,69.2,32.25},1","c":"0,0.87,0.3,0.72,0.24,0.9,0.3"},"Z34":{"st":"18,{-0.5,0.29,0.29,0.5,51.1,48.45},1","c":"0,0.82,0.34,0.88,0.25,0,-0.79"},"Z21":{"c":"0,0.5,-0.27,0.5,0.35,0.62,0.63","st":"9,{0.68,0.24,-0.24,0.68,9.5,19.45},0.57","e":[{"y":"18.57","t":"Fblur","x":"18.57"}]},"Z33":{"c":"0,0.42,0.75,0.42,0.1,0.42,-0.13","st":"24,{0.79,0.28,-0.28,0.79,1,-12.9},0.57","e":[{"y":"18.57","t":"Fblur","x":"18.57"}]},"Z40":{"st":"25,{0.5,0.29,-0.29,0.5,64.5,16.05},1","c":"0,0.87,0.3,0.72,0.24,0.9,0.3"},"Z41":{"st":"26,{0.35,0.2,-0.2,0.35,55.85,40.1},1","c":"0,0.87,0.3,0.72,0.24,0.9,0.3"},"Z32":{"st":"17,{0.5,0.29,-0.29,0.5,61.75,52.75},1","c":"0,0.82,0.34,0.88,0.25,0,-0.79"},"Z22":{"st":"7,{0.43,0.25,-0.25,0.43,33.15,58.35},1","c":"0,0.2,0.2,0.54,0.44,0.72,0.84"},"Z39":{"st":"23,{-0.5,0.29,0.29,0.5,18.6,29.85},1","c":"0,1,1,0.47,0.18,0.38,-0.11"},"Z31":{"st":"16,{0.35,0.2,-0.2,0.35,48.4,60.6},1","c":"0,0.82,0.34,0.88,0.25,0,-0.79"},"Z20":{"st":"6,{0.3,0.17,-0.17,0.3,21.75,65},1","c":"0,0.2,0.2,0.54,0.44,0.72,0.84"},"Z38":{"st":"22,{0.5,0.29,-0.29,0.5,29.25,34.25},1","c":"0,1,1,0.47,0.18,0.38,-0.11"},"Z15":{"st":"1,{0.32,0.18,-0.18,0.32,35.5,22.3},1","c":"0,0.28,0.2,0.4,0.5,0.23,0"},"Z24":{"st":"10,{0,0,0,0,65.25,26.9},1","c":"0,0.87,0.3,0.72,0.24,0.9,0.3"},"Z23":{"st":"8,{-0.43,0.25,0.25,0.43,24.05,54.7},1","c":"0,0.2,0.2,0.54,0.44,0.72,0.84"},"Z37":{"c":"0,0.5,0.69,0.5,0.47,0.5,0.62","st":"29,{0.79,0.28,-0.28,0.79,40.6,-14.4},0.57","e":[{"y":"18.57","t":"Fblur","x":"18.57"}]},"Z14":{"st":"0,{0.45,0.26,-0.26,0.45,43.2,0.7},1","c":"0,0.28,0.2,0.4,0.5,0.23,0"},"Z26":{"st":"11,{0,0,0,0,65.2,27},1","c":"0,0.87,0.3,0.72,0.24,0.9,0.3"},"Z17":{"c":"0,0.4,-0.46,0.63,0.19,0.4,-0.29","st":"4,{0.71,0.25,-0.25,0.71,22.7,-23.9},0.57","e":[{"y":"18.57","t":"Fblur","x":"18.57"}]},"Z25":{"c":"0,0.5,0.69,0.5,0.47,0.5,0.62","st":"14,{0,0,0,0,65.15,26.75},0.57","e":[{"y":"18.57","t":"Fblur","x":"18.57"}]},"Z18":{"st":"3,{-0.45,0.26,0.26,0.45,37.9,11.4},1","c":"0,0.28,0.2,0.4,0.5,0.23,0"},"Z16":{"st":"2,{0.45,0.26,-0.26,0.45,47.55,15.35},1","c":"0,0.28,0.2,0.4,0.5,0.23,0"},"Z27":{"st":"12,{0,0,0,0,65.25,26.95},1","c":"0,0.87,0.3,0.72,0.24,0.9,0.3"},"Z28":{"st":"13,{0,0,0,0,65.25,26.95},1","c":"0,0.87,0.3,0.72,0.24,0.9,0.3"},"Z36":{"st":"21,{0.35,0.2,-0.2,0.35,15.9,42},1","c":"0,1,1,0.47,0.18,0.38,-0.11"},"Z19":{"st":"5,{0.43,0.25,-0.25,0.43,29.15,44.55},1","c":"0,0.2,0.2,0.54,0.44,0.72,0.84"},"Z29":{"c":"0,0.4,0.69,0.4,0.64,0,0.3","st":"19,{0.79,0.28,-0.28,0.79,34.4,9.55},0.57","e":[{"y":"18.57","t":"Fblur","x":"18.57"}]}},"frameNumber":48},{"state":{"Z43":{"st":"28,{-0.52,0.3,0.3,0.52,57.5,26.85},1","c":"0,0.87,0.3,0.72,0.24,0.9,0.3"},"Z30":{"st":"15,{0.52,0.3,-0.3,0.52,56.85,34.6},1","c":"0,0.82,0.34,0.88,0.25,0,-0.79"},"Z35":{"st":"20,{0.52,0.3,-0.3,0.52,24.35,16},1","c":"0,1,1,0.47,0.18,0.38,-0.11"},"Z42":{"st":"27,{0.52,0.3,-0.3,0.52,70.3,31.15},1","c":"0,0.87,0.3,0.72,0.24,0.9,0.3"},"Z34":{"st":"18,{-0.52,0.3,0.3,0.52,50.05,47.35},1","c":"0,0.82,0.34,0.88,0.25,0,-0.79"},"Z21":{"c":"0,0.5,-0.27,0.5,0.35,0.62,0.63","st":"9,{0.68,0.32,-0.32,0.68,13.55,13.75},0.43","e":[{"y":"21.43","t":"Fblur","x":"21.43"}]},"Z33":{"c":"0,0.42,0.75,0.42,0.1,0.42,-0.13","st":"24,{0.79,0.38,-0.38,0.79,5.65,-19.55},0.43","e":[{"y":"21.43","t":"Fblur","x":"21.43"}]},"Z40":{"st":"25,{0.52,0.3,-0.3,0.52,64.3,14.05},1","c":"0,0.87,0.3,0.72,0.24,0.9,0.3"},"Z41":{"st":"26,{0.37,0.21,-0.21,0.37,55.75,38.2},1","c":"0,0.87,0.3,0.72,0.24,0.9,0.3"},"Z32":{"st":"17,{0.52,0.3,-0.3,0.52,62.85,51.65},1","c":"0,0.82,0.34,0.88,0.25,0,-0.79"},"Z22":{"st":"7,{0.44,0.26,-0.26,0.44,34.1,57.4},1","c":"0,0.2,0.2,0.54,0.44,0.72,0.84"},"Z39":{"st":"23,{-0.52,0.3,0.3,0.52,17.5,28.8},1","c":"0,1,1,0.47,0.18,0.38,-0.11"},"Z31":{"st":"16,{0.37,0.21,-0.21,0.37,48.3,58.7},1","c":"0,0.82,0.34,0.88,0.25,0,-0.79"},"Z20":{"st":"6,{0.32,0.18,-0.18,0.32,21.65,63.4},1","c":"0,0.2,0.2,0.54,0.44,0.72,0.84"},"Z38":{"st":"22,{0.52,0.3,-0.3,0.52,30.35,33.1},1","c":"0,1,1,0.47,0.18,0.38,-0.11"},"Z15":{"st":"1,{0.34,0.19,-0.19,0.34,35.35,20.7},1","c":"0,0.28,0.2,0.4,0.5,0.23,0"},"Z24":{"st":"10,{0,0,0,0,65.25,26.9},1","c":"0,0.87,0.3,0.72,0.24,0.9,0.3"},"Z23":{"st":"8,{-0.44,0.26,0.26,0.44,23.15,53.75},1","c":"0,0.2,0.2,0.54,0.44,0.72,0.84"},"Z37":{"c":"0,0.5,0.69,0.5,0.47,0.5,0.62","st":"29,{0.79,0.38,-0.38,0.79,45.25,-21.05},0.43","e":[{"y":"21.43","t":"Fblur","x":"21.43"}]},"Z14":{"st":"0,{0.47,0.27,-0.27,0.47,43.05,-1.05},1","c":"0,0.28,0.2,0.4,0.5,0.23,0"},"Z26":{"st":"11,{0,0,0,0,65.2,27},1","c":"0,0.87,0.3,0.72,0.24,0.9,0.3"},"Z17":{"c":"0,0.4,-0.46,0.63,0.19,0.4,-0.29","st":"4,{0.71,0.34,-0.34,0.71,26.95,-29.9},0.43","e":[{"y":"21.43","t":"Fblur","x":"21.43"}]},"Z25":{"c":"0,0.5,0.69,0.5,0.47,0.5,0.62","st":"14,{0,0,0,0,65.15,26.75},0.43","e":[{"y":"21.43","t":"Fblur","x":"21.43"}]},"Z18":{"st":"3,{-0.47,0.27,0.27,0.47,36.95,10.45},1","c":"0,0.28,0.2,0.4,0.5,0.23,0"},"Z16":{"st":"2,{0.47,0.27,-0.27,0.47,48.5,14.3},1","c":"0,0.28,0.2,0.4,0.5,0.23,0"},"Z27":{"st":"12,{0,0,0,0,65.3,26.95},1","c":"0,0.87,0.3,0.72,0.24,0.9,0.3"},"Z28":{"st":"13,{0,0,0,0,65.2,26.95},1","c":"0,0.87,0.3,0.72,0.24,0.9,0.3"},"Z36":{"st":"21,{0.37,0.21,-0.21,0.37,15.75,40.15},1","c":"0,1,1,0.47,0.18,0.38,-0.11"},"Z19":{"st":"5,{0.44,0.26,-0.26,0.44,28.95,42.85},1","c":"0,0.2,0.2,0.54,0.44,0.72,0.84"},"Z29":{"c":"0,0.4,0.69,0.4,0.64,0,0.3","st":"19,{0.79,0.38,-0.38,0.79,39.05,2.9},0.43","e":[{"y":"21.43","t":"Fblur","x":"21.43"}]}},"frameNumber":49},{"state":{"Z43":{"st":"28,{-0.58,0.33,0.33,0.58,56.25,26.05},0.83","c":"0,0.87,0.3,0.72,0.24,0.9,0.3"},"Z30":{"st":"15,{0.58,0.33,-0.33,0.58,56.45,34.65},0.83","c":"0,0.82,0.34,0.88,0.25,0,-0.79"},"Z35":{"st":"20,{0.58,0.33,-0.33,0.58,23.95,16.1},0.83","c":"0,1,1,0.47,0.18,0.38,-0.11"},"Z42":{"st":"27,{0.58,0.33,-0.33,0.58,71.6,30.35},0.83","c":"0,0.87,0.3,0.72,0.24,0.9,0.3"},"Z34":{"st":"18,{-0.58,0.33,0.33,0.58,48.8,46.55},0.83","c":"0,0.82,0.34,0.88,0.25,0,-0.79"},"Z21":{"c":"0,0.5,-0.27,0.5,0.35,0.62,0.63","st":"9,{0.66,0.42,-0.42,0.66,18.3,8.35},0.29","e":[{"y":"24.29","t":"Fblur","x":"24.29"}]},"Z33":{"c":"0,0.42,0.75,0.42,0.1,0.42,-0.13","st":"24,{0.78,0.49,-0.49,0.78,11.3,-25.85},0.29","e":[{"y":"24.29","t":"Fblur","x":"24.29"}]},"Z40":{"st":"25,{0.58,0.33,-0.33,0.58,63.9,14.15},0.83","c":"0,0.87,0.3,0.72,0.24,0.9,0.3"},"Z41":{"st":"26,{0.39,0.22,-0.22,0.39,55.65,36.7},1","c":"0,0.87,0.3,0.72,0.24,0.9,0.3"},"Z32":{"st":"17,{0.58,0.33,-0.33,0.58,64.15,50.85},0.83","c":"0,0.82,0.34,0.88,0.25,0,-0.79"},"Z22":{"st":"7,{0.49,0.28,-0.28,0.49,35.2,56.75},0.83","c":"0,0.2,0.2,0.54,0.44,0.72,0.84"},"Z39":{"st":"23,{-0.58,0.33,0.33,0.58,16.3,28},0.83","c":"0,1,1,0.47,0.18,0.38,-0.11"},"Z31":{"st":"16,{0.39,0.22,-0.22,0.39,48.2,57.2},1","c":"0,0.82,0.34,0.88,0.25,0,-0.79"},"Z20":{"st":"6,{0.33,0.19,-0.19,0.33,21.6,62.15},1","c":"0,0.2,0.2,0.54,0.44,0.72,0.84"},"Z38":{"st":"22,{0.58,0.33,-0.33,0.58,31.65,32.3},0.83","c":"0,1,1,0.47,0.18,0.38,-0.11"},"Z15":{"st":"1,{0.35,0.2,-0.2,0.35,35.25,19.3},1","c":"0,0.28,0.2,0.4,0.5,0.23,0"},"Z24":{"st":"10,{0,0,0,0,65.25,26.9},0.83","c":"0,0.87,0.3,0.72,0.24,0.9,0.3"},"Z23":{"st":"8,{-0.49,0.28,0.28,0.49,22.15,53.05},0.83","c":"0,0.2,0.2,0.54,0.44,0.72,0.84"},"Z37":{"c":"0,0.5,0.69,0.5,0.47,0.5,0.62","st":"29,{0.78,0.49,-0.49,0.78,50.9,-27.35},0.29","e":[{"y":"24.29","t":"Fblur","x":"24.29"}]},"Z14":{"st":"0,{0.52,0.3,-0.3,0.52,42.75,-1},0.83","c":"0,0.28,0.2,0.4,0.5,0.23,0"},"Z26":{"st":"11,{0,0,0,0,65.2,26.95},1","c":"0,0.87,0.3,0.72,0.24,0.9,0.3"},"Z17":{"c":"0,0.4,-0.46,0.63,0.19,0.4,-0.29","st":"4,{0.7,0.44,-0.44,0.7,32,-35.55},0.29","e":[{"y":"24.29","t":"Fblur","x":"24.29"}]},"Z25":{"c":"0,0.5,0.69,0.5,0.47,0.5,0.62","st":"14,{0,0,0,0,65.2,26.7},0.29","e":[{"y":"24.29","t":"Fblur","x":"24.29"}]},"Z18":{"st":"3,{-0.52,0.3,0.3,0.52,35.85,9.7},0.83","c":"0,0.28,0.2,0.4,0.5,0.23,0"},"Z16":{"st":"2,{0.52,0.3,-0.3,0.52,49.65,13.6},0.83","c":"0,0.28,0.2,0.4,0.5,0.23,0"},"Z27":{"st":"12,{0,0,0,0,65.3,26.95},0.83","c":"0,0.87,0.3,0.72,0.24,0.9,0.3"},"Z28":{"st":"13,{0,0,0,0,65.2,26.95},0.83","c":"0,0.87,0.3,0.72,0.24,0.9,0.3"},"Z36":{"st":"21,{0.39,0.22,-0.22,0.39,15.7,38.65},1","c":"0,1,1,0.47,0.18,0.38,-0.11"},"Z19":{"st":"5,{0.49,0.28,-0.28,0.49,28.6,42.85},0.83","c":"0,0.2,0.2,0.54,0.44,0.72,0.84"},"Z29":{"c":"0,0.4,0.69,0.4,0.64,0,0.3","st":"19,{0.78,0.49,-0.49,0.78,44.7,-3.4},0.29","e":[{"y":"24.29","t":"Fblur","x":"24.29"}]}},"frameNumber":50},{"state":{"Z43":{"st":"28,{-0.63,0.36,0.36,0.63,55,25.8},0.67","c":"0,0.87,0.3,0.72,0.24,0.9,0.3"},"Z30":{"st":"15,{0.63,0.36,-0.36,0.63,56.05,34.7},0.67","c":"0,0.82,0.34,0.88,0.25,0,-0.79"},"Z35":{"st":"20,{0.64,0.36,-0.36,0.63,23.55,16.1},0.67","c":"0,1,1,0.47,0.18,0.38,-0.11"},"Z42":{"st":"27,{0.63,0.36,-0.36,0.63,72.9,30.15},0.67","c":"0,0.87,0.3,0.72,0.24,0.9,0.3"},"Z34":{"st":"18,{-0.63,0.36,0.36,0.63,47.55,46.3},0.67","c":"0,0.82,0.34,0.88,0.25,0,-0.79"},"Z21":{"c":"0,0.5,-0.27,0.5,0.35,0.62,0.63","st":"9,{0.64,0.51,-0.51,0.64,23.75,3.55},0.14","e":[{"y":"27.14","t":"Fblur","x":"27.14"}]},"Z33":{"c":"0,0.42,0.75,0.42,0.1,0.42,-0.13","st":"24,{0.75,0.6,-0.6,0.75,17.6,-31.5},0.14","e":[{"y":"27.14","t":"Fblur","x":"27.14"}]},"Z40":{"st":"25,{0.63,0.36,-0.36,0.63,63.5,14.2},0.67","c":"0,0.87,0.3,0.72,0.24,0.9,0.3"},"Z41":{"st":"26,{0.4,0.23,-0.23,0.4,55.5,35.25},1","c":"0,0.87,0.3,0.72,0.24,0.9,0.3"},"Z32":{"st":"17,{0.63,0.36,-0.36,0.63,65.45,50.65},0.67","c":"0,0.82,0.34,0.88,0.25,0,-0.79"},"Z22":{"st":"7,{0.54,0.31,-0.31,0.54,36.3,56.6},0.67","c":"0,0.2,0.2,0.54,0.44,0.72,0.84"},"Z39":{"st":"23,{-0.64,0.36,0.36,0.63,15,27.75},0.67","c":"0,1,1,0.47,0.18,0.38,-0.11"},"Z31":{"st":"16,{0.4,0.23,-0.23,0.4,48.05,55.75},1","c":"0,0.82,0.34,0.88,0.25,0,-0.79"},"Z20":{"st":"6,{0.34,0.2,-0.2,0.35,21.45,60.9},1","c":"0,0.2,0.2,0.54,0.44,0.72,0.84"},"Z38":{"st":"22,{0.64,0.36,-0.36,0.63,32.95,32.1},0.67","c":"0,1,1,0.47,0.18,0.38,-0.11"},"Z15":{"st":"1,{0.36,0.21,-0.21,0.36,35.15,18},1","c":"0,0.28,0.2,0.4,0.5,0.23,0"},"Z24":{"st":"10,{0,0,0,0,65.25,26.85},0.67","c":"0,0.87,0.3,0.72,0.24,0.9,0.3"},"Z23":{"st":"8,{-0.54,0.31,0.31,0.54,21,52.85},0.67","c":"0,0.2,0.2,0.54,0.44,0.72,0.84"},"Z37":{"c":"0,0.5,0.69,0.5,0.47,0.5,0.62","st":"29,{0.75,0.6,-0.6,0.75,57.2,-33},0.14","e":[{"y":"27.14","t":"Fblur","x":"27.14"}]},"Z14":{"st":"0,{0.57,0.33,-0.33,0.57,42.35,-0.95},0.67","c":"0,0.28,0.2,0.4,0.5,0.23,0"},"Z26":{"st":"11,{0,0,0,0,65.2,27},1","c":"0,0.87,0.3,0.72,0.24,0.9,0.3"},"Z17":{"c":"0,0.4,-0.46,0.63,0.19,0.4,-0.29","st":"4,{0.67,0.54,-0.54,0.67,37.7,-40.65},0.14","e":[{"y":"27.14","t":"Fblur","x":"27.14"}]},"Z25":{"c":"0,0.5,0.69,0.5,0.47,0.5,0.62","st":"14,{0,0,0,0,65.2,26.7},0.14","e":[{"y":"27.14","t":"Fblur","x":"27.14"}]},"Z18":{"st":"3,{-0.57,0.33,0.33,0.57,34.7,9.5},0.67","c":"0,0.28,0.2,0.4,0.5,0.23,0"},"Z16":{"st":"2,{0.57,0.33,-0.33,0.57,50.85,13.45},0.67","c":"0,0.28,0.2,0.4,0.5,0.23,0"},"Z27":{"st":"12,{0,0,0,0,65.3,26.95},0.67","c":"0,0.87,0.3,0.72,0.24,0.9,0.3"},"Z28":{"st":"13,{0,0,0,0,65.2,26.95},0.67","c":"0,0.87,0.3,0.72,0.24,0.9,0.3"},"Z36":{"st":"21,{0.4,0.23,-0.23,0.4,15.5,37.2},1","c":"0,1,1,0.47,0.18,0.38,-0.11"},"Z19":{"st":"5,{0.54,0.31,-0.31,0.54,28.3,42.95},0.67","c":"0,0.2,0.2,0.54,0.44,0.72,0.84"},"Z29":{"c":"0,0.4,0.69,0.4,0.64,0,0.3","st":"19,{0.75,0.6,-0.6,0.75,51,-9.05},0.14","e":[{"y":"27.14","t":"Fblur","x":"27.14"}]}},"frameNumber":51},{"state":{"Z43":{"st":"28,{-0.69,0.4,0.4,0.69,53.95,25.9},0.5","c":"0,0.87,0.3,0.72,0.24,0.9,0.3"},"Z30":{"st":"15,{0.69,0.4,-0.4,0.69,55.65,34.75},0.5","c":"0,0.82,0.34,0.88,0.25,0,-0.79"},"Z35":{"st":"20,{0.69,0.4,-0.4,0.69,23.15,16.15},0.5","c":"0,1,1,0.47,0.18,0.38,-0.11"},"Z42":{"st":"27,{0.69,0.4,-0.4,0.69,73.9,30.3},0.5","c":"0,0.87,0.3,0.72,0.24,0.9,0.3"},"Z34":{"st":"18,{-0.69,0.4,0.4,0.69,46.5,46.4},0.5","c":"0,0.82,0.34,0.88,0.25,0,-0.79"},"Z21":{"c":"0,0.5,-0.27,0.5,0.35,0.62,0.63","st":"9,{0.6,0.6,-0.6,0.6,29.6,-0.9},0","e":[{"y":"30","t":"Fblur","x":"30"}]},"Z33":{"c":"0,0.42,0.75,0.42,0.1,0.42,-0.13","st":"24,{0.71,0.71,-0.71,0.71,24.5,-36.7},0","e":[{"y":"30","t":"Fblur","x":"30"}]},"Z40":{"st":"25,{0.69,0.4,-0.4,0.69,63.1,14.25},0.5","c":"0,0.87,0.3,0.72,0.24,0.9,0.3"},"Z41":{"st":"26,{0.47,0.27,-0.27,0.47,54.95,35.85},0.75","c":"0,0.87,0.3,0.72,0.24,0.9,0.3"},"Z32":{"st":"17,{0.69,0.4,-0.4,0.69,66.45,50.8},0.5","c":"0,0.82,0.34,0.88,0.25,0,-0.79"},"Z22":{"st":"7,{0.59,0.34,-0.34,0.59,37.2,56.65},0.5","c":"0,0.2,0.2,0.54,0.44,0.72,0.84"},"Z39":{"st":"23,{-0.69,0.4,0.4,0.69,14,27.85},0.5","c":"0,1,1,0.47,0.18,0.38,-0.11"},"Z31":{"st":"16,{0.47,0.27,-0.27,0.47,47.55,56.35},0.75","c":"0,0.82,0.34,0.88,0.25,0,-0.79"},"Z20":{"st":"6,{0.4,0.23,-0.23,0.4,21.05,61.4},0.75","c":"0,0.2,0.2,0.54,0.44,0.72,0.84"},"Z38":{"st":"22,{0.69,0.4,-0.4,0.69,34,32.25},0.5","c":"0,1,1,0.47,0.18,0.38,-0.11"},"Z15":{"st":"1,{0.42,0.24,-0.24,0.42,34.7,18.5},0.75","c":"0,0.28,0.2,0.4,0.5,0.23,0"},"Z24":{"st":"10,{0,0,0,0,65.25,26.9},0.5","c":"0,0.87,0.3,0.72,0.24,0.9,0.3"},"Z23":{"st":"8,{-0.59,0.34,0.34,0.59,20.15,52.95},0.5","c":"0,0.2,0.2,0.54,0.44,0.72,0.84"},"Z37":{"c":"0,0.5,0.69,0.5,0.47,0.5,0.62","st":"29,{0.71,0.71,-0.71,0.71,64.1,-38.2},0","e":[{"y":"30","t":"Fblur","x":"30"}]},"Z14":{"st":"0,{0.62,0.36,-0.36,0.62,42,-0.9},0.5","c":"0,0.28,0.2,0.4,0.5,0.23,0"},"Z26":{"st":"11,{0,0,0,0,65.2,27},0.75","c":"0,0.87,0.3,0.72,0.24,0.9,0.3"},"Z17":{"c":"0,0.4,-0.46,0.63,0.19,0.4,-0.29","st":"4,{0.64,0.64,-0.64,0.64,43.85,-45.3},0","e":[{"y":"30","t":"Fblur","x":"30"}]},"Z25":{"c":"0,0.5,0.69,0.5,0.47,0.5,0.62","st":"14,{0,0,0,0,65.25,26.7},0","e":[{"y":"30","t":"Fblur","x":"30"}]},"Z18":{"st":"3,{-0.62,0.36,0.36,0.62,33.75,9.6},0.5","c":"0,0.28,0.2,0.4,0.5,0.23,0"},"Z16":{"st":"2,{0.62,0.36,-0.36,0.62,51.7,13.55},0.5","c":"0,0.28,0.2,0.4,0.5,0.23,0"},"Z27":{"st":"12,{0,0,0,0,65.3,26.95},0.5","c":"0,0.87,0.3,0.72,0.24,0.9,0.3"},"Z28":{"st":"13,{0,0,0,0,65.2,26.95},0.5","c":"0,0.87,0.3,0.72,0.24,0.9,0.3"},"Z36":{"st":"21,{0.47,0.27,-0.27,0.47,15,37.75},0.75","c":"0,1,1,0.47,0.18,0.38,-0.11"},"Z19":{"st":"5,{0.59,0.34,-0.34,0.59,27.95,43},0.5","c":"0,0.2,0.2,0.54,0.44,0.72,0.84"},"Z29":{"c":"0,0.4,0.69,0.4,0.64,0,0.3","st":"19,{0.71,0.71,-0.71,0.71,57.9,-14.25},0","e":[{"y":"30","t":"Fblur","x":"30"}]}},"frameNumber":52},{"state":{"Z43":{"st":"28,{-0.75,0.43,0.43,0.75,53.1,26.35},0.33","c":"0,0.87,0.3,0.72,0.24,0.9,0.3"},"Z24":{"st":"10,{0,0,0,0,65.25,26.9},0.33","c":"0,0.87,0.3,0.72,0.24,0.9,0.3"},"Z30":{"st":"15,{0.75,0.43,-0.43,0.75,55.3,34.8},0.33","c":"0,0.82,0.34,0.88,0.25,0,-0.79"},"Z31":{"st":"16,{0.54,0.31,-0.31,0.54,47.1,56.9},0.5","c":"0,0.82,0.34,0.88,0.25,0,-0.79"},"Z14":{"st":"0,{0.67,0.39,-0.39,0.67,41.65,-0.85},0.33","c":"0,0.28,0.2,0.4,0.5,0.23,0"},"Z38":{"st":"22,{0.75,0.43,-0.43,0.75,34.85,32.6},0.33","c":"0,1,1,0.47,0.18,0.38,-0.11"},"Z26":{"st":"11,{0,0,0,0,65.2,27},0.5","c":"0,0.87,0.3,0.72,0.24,0.9,0.3"},"Z34":{"st":"18,{-0.75,0.43,0.43,0.75,45.65,46.85},0.33","c":"0,0.82,0.34,0.88,0.25,0,-0.79"},"Z35":{"st":"20,{0.75,0.43,-0.43,0.75,22.75,16.2},0.33","c":"0,1,1,0.47,0.18,0.38,-0.11"},"Z18":{"st":"3,{-0.67,0.39,0.39,0.67,32.95,9.95},0.33","c":"0,0.28,0.2,0.4,0.5,0.23,0"},"Z42":{"st":"27,{0.75,0.43,-0.43,0.75,74.8,30.65},0.33","c":"0,0.87,0.3,0.72,0.24,0.9,0.3"},"Z22":{"st":"7,{0.64,0.37,-0.37,0.64,37.9,56.95},0.33","c":"0,0.2,0.2,0.54,0.44,0.72,0.84"},"Z40":{"st":"25,{0.75,0.43,-0.43,0.75,62.75,14.3},0.33","c":"0,0.87,0.3,0.72,0.24,0.9,0.3"},"Z41":{"st":"26,{0.54,0.31,-0.31,0.54,54.55,36.4},0.5","c":"0,0.87,0.3,0.72,0.24,0.9,0.3"},"Z32":{"st":"17,{0.75,0.43,-0.43,0.75,67.35,51.15},0.33","c":"0,0.82,0.34,0.88,0.25,0,-0.79"},"Z27":{"st":"12,{0,0,0,0,65.3,26.95},0.33","c":"0,0.87,0.3,0.72,0.24,0.9,0.3"},"Z16":{"st":"2,{0.67,0.39,-0.39,0.67,52.55,13.85},0.33","c":"0,0.28,0.2,0.4,0.5,0.23,0"},"Z39":{"st":"23,{-0.75,0.43,0.43,0.75,13.05,28.25},0.33","c":"0,1,1,0.47,0.18,0.38,-0.11"},"Z28":{"st":"13,{0,0,0,0,65.2,26.9},0.33","c":"0,0.87,0.3,0.72,0.24,0.9,0.3"},"Z23":{"st":"8,{-0.64,0.37,0.37,0.64,19.35,53.3},0.33","c":"0,0.2,0.2,0.54,0.44,0.72,0.84"},"Z20":{"st":"6,{0.46,0.26,-0.26,0.46,20.65,61.85},0.5","c":"0,0.2,0.2,0.54,0.44,0.72,0.84"},"Z36":{"st":"21,{0.54,0.31,-0.31,0.54,14.6,38.35},0.5","c":"0,1,1,0.47,0.18,0.38,-0.11"},"Z19":{"st":"5,{0.64,0.37,-0.37,0.64,27.6,43},0.33","c":"0,0.2,0.2,0.54,0.44,0.72,0.84"},"Z15":{"st":"1,{0.48,0.28,-0.28,0.48,34.35,19.05},0.5","c":"0,0.28,0.2,0.4,0.5,0.23,0"}},"frameNumber":53},{"state":{"Z43":{"st":"28,{-0.81,0.46,0.46,0.81,52.3,26.75},0.17","c":"0,0.87,0.3,0.72,0.24,0.9,0.3"},"Z24":{"st":"10,{0,0,0,0,65.25,26.9},0.17","c":"0,0.87,0.3,0.72,0.24,0.9,0.3"},"Z30":{"st":"15,{0.81,0.46,-0.46,0.81,54.8,34.8},0.17","c":"0,0.82,0.34,0.88,0.25,0,-0.79"},"Z31":{"st":"16,{0.61,0.35,-0.35,0.61,46.65,57.45},0.25","c":"0,0.82,0.34,0.88,0.25,0,-0.79"},"Z14":{"st":"0,{0.73,0.42,-0.42,0.73,41.2,-0.8},0.17","c":"0,0.28,0.2,0.4,0.5,0.23,0"},"Z38":{"st":"22,{0.81,0.46,-0.46,0.81,35.6,33},0.17","c":"0,1,1,0.47,0.18,0.38,-0.11"},"Z26":{"st":"11,{0,0,0,0,65.2,26.95},0.25","c":"0,0.87,0.3,0.72,0.24,0.9,0.3"},"Z34":{"st":"18,{-0.81,0.46,0.46,0.81,44.85,47.25},0.17","c":"0,0.82,0.34,0.88,0.25,0,-0.79"},"Z35":{"st":"20,{0.81,0.46,-0.46,0.81,22.3,16.25},0.17","c":"0,1,1,0.47,0.18,0.38,-0.11"},"Z18":{"st":"3,{-0.73,0.42,0.42,0.73,32.25,10.35},0.17","c":"0,0.28,0.2,0.4,0.5,0.23,0"},"Z42":{"st":"27,{0.81,0.46,-0.46,0.81,75.5,31.1},0.17","c":"0,0.87,0.3,0.72,0.24,0.9,0.3"},"Z22":{"st":"7,{0.69,0.4,-0.4,0.69,38.55,57.35},0.17","c":"0,0.2,0.2,0.54,0.44,0.72,0.84"},"Z40":{"st":"25,{0.81,0.46,-0.46,0.81,62.25,14.35},0.17","c":"0,0.87,0.3,0.72,0.24,0.9,0.3"},"Z41":{"st":"26,{0.61,0.35,-0.35,0.61,54.05,36.95},0.25","c":"0,0.87,0.3,0.72,0.24,0.9,0.3"},"Z32":{"st":"17,{0.81,0.46,-0.46,0.81,68.05,51.6},0.17","c":"0,0.82,0.34,0.88,0.25,0,-0.79"},"Z27":{"st":"12,{0,0,0,0,65.3,26.95},0.17","c":"0,0.87,0.3,0.72,0.24,0.9,0.3"},"Z16":{"st":"2,{0.73,0.42,-0.42,0.73,53.15,14.2},0.17","c":"0,0.28,0.2,0.4,0.5,0.23,0"},"Z39":{"st":"23,{-0.81,0.46,0.46,0.81,12.35,28.7},0.17","c":"0,1,1,0.47,0.18,0.38,-0.11"},"Z28":{"st":"13,{0,0,0,0,65.2,26.95},0.17","c":"0,0.87,0.3,0.72,0.24,0.9,0.3"},"Z23":{"st":"8,{-0.69,0.4,0.4,0.69,18.7,53.65},0.17","c":"0,0.2,0.2,0.54,0.44,0.72,0.84"},"Z20":{"st":"6,{0.52,0.3,-0.3,0.52,20.25,62.4},0.25","c":"0,0.2,0.2,0.54,0.44,0.72,0.84"},"Z36":{"st":"21,{0.61,0.35,-0.35,0.61,14.1,38.9},0.25","c":"0,1,1,0.47,0.18,0.38,-0.11"},"Z19":{"st":"5,{0.69,0.4,-0.4,0.69,27.2,43},0.17","c":"0,0.2,0.2,0.54,0.44,0.72,0.84"},"Z15":{"st":"1,{0.55,0.31,-0.31,0.55,33.85,19.55},0.25","c":"0,0.28,0.2,0.4,0.5,0.23,0"}},"frameNumber":54},{"state":{"Z43":{"st":"28,{-0.86,0.5,0.5,0.87,51.55,27.25},0","c":"0,0.87,0.3,0.72,0.24,0.9,0.3"},"Z24":{"st":"10,{0,0,0,0,65.25,26.9},0","c":"0,0.87,0.3,0.72,0.24,0.9,0.3"},"Z30":{"st":"15,{0.86,0.5,-0.5,0.86,54.4,34.95},0","c":"0,0.82,0.34,0.88,0.25,0,-0.79"},"Z31":{"st":"16,{0.67,0.39,-0.39,0.67,46.15,57.95},0","c":"0,0.82,0.34,0.88,0.25,0,-0.79"},"Z14":{"st":"0,{0.78,0.45,-0.45,0.78,40.9,-0.7},0","c":"0,0.28,0.2,0.4,0.5,0.23,0"},"Z38":{"st":"22,{0.87,0.5,-0.5,0.87,36.3,33.5},0","c":"0,1,1,0.47,0.18,0.38,-0.11"},"Z26":{"st":"11,{0,0,0,0,65.2,27},0","c":"0,0.87,0.3,0.72,0.24,0.9,0.3"},"Z34":{"st":"18,{-0.86,0.5,0.5,0.86,44.1,47.75},0","c":"0,0.82,0.34,0.88,0.25,0,-0.79"},"Z35":{"st":"20,{0.87,0.5,-0.5,0.87,21.9,16.4},0","c":"0,1,1,0.47,0.18,0.38,-0.11"},"Z18":{"st":"3,{-0.78,0.45,0.45,0.78,31.6,10.8},0","c":"0,0.28,0.2,0.4,0.5,0.23,0"},"Z42":{"st":"27,{0.86,0.5,-0.5,0.87,76.2,31.55},0","c":"0,0.87,0.3,0.72,0.24,0.9,0.3"},"Z22":{"st":"7,{0.74,0.43,-0.43,0.74,39.15,57.75},0","c":"0,0.2,0.2,0.54,0.44,0.72,0.84"},"Z40":{"st":"25,{0.86,0.5,-0.5,0.87,61.85,14.45},0","c":"0,0.87,0.3,0.72,0.24,0.9,0.3"},"Z41":{"st":"26,{0.67,0.39,-0.39,0.67,53.6,37.45},0","c":"0,0.87,0.3,0.72,0.24,0.9,0.3"},"Z32":{"st":"17,{0.86,0.5,-0.5,0.86,68.75,52.05},0","c":"0,0.82,0.34,0.88,0.25,0,-0.79"},"Z27":{"st":"12,{0,0,0,0,65.3,26.95},0","c":"0,0.87,0.3,0.72,0.24,0.9,0.3"},"Z16":{"st":"2,{0.78,0.45,-0.45,0.78,53.8,14.65},0","c":"0,0.28,0.2,0.4,0.5,0.23,0"},"Z39":{"st":"23,{-0.87,0.5,0.5,0.87,11.6,29.2},0","c":"0,1,1,0.47,0.18,0.38,-0.11"},"Z28":{"st":"13,{0,0,0,0,65.2,26.95},0","c":"0,0.87,0.3,0.72,0.24,0.9,0.3"},"Z23":{"st":"8,{-0.74,0.43,0.43,0.74,18.1,54.1},0","c":"0,0.2,0.2,0.54,0.44,0.72,0.84"},"Z20":{"st":"6,{0.58,0.33,-0.33,0.58,19.85,62.8},0","c":"0,0.2,0.2,0.54,0.44,0.72,0.84"},"Z36":{"st":"21,{0.67,0.39,-0.39,0.67,13.65,39.4},0","c":"0,1,1,0.47,0.18,0.38,-0.11"},"Z19":{"st":"5,{0.74,0.43,-0.43,0.74,26.9,43.15},0","c":"0,0.2,0.2,0.54,0.44,0.72,0.84"},"Z15":{"st":"1,{0.61,0.35,-0.35,0.61,33.45,20},0","c":"0,0.28,0.2,0.4,0.5,0.23,0"}},"frameNumber":55}],"animationSequences":[{"endFrameNo":40,"id":"idle","startFrameNo":1},{"endFrameNo":54,"id":"vanish","startFrameNo":41}],"animationMasks":{"Z4":"A3","Z1":"A0","Z8":"A6"}}