{"version":"2.5","namedParts":{},"animationObjects":{"Z9":"A7","Z14":"A9","Z8":"A6","Z11":"A8","Z10":"A8","Z7":"A5","Z6":"A4","Z13":"A8","Z5":"A3","Z4":"A3","Z3":"A2","Z2":"A1","Z1":"A0","Z12":"A8"},"animationFrameCount":34,"textureAtlas":[{"elements":[{"pivotY":-24,"scale":1,"x":177,"height":51,"y":0,"pivotX":-21,"name":"A0","atlasID":1,"width":51},{"pivotY":10,"scale":1,"x":265,"height":84,"y":139,"pivotX":9,"name":"A1","atlasID":1,"width":80},{"pivotY":2,"scale":1,"x":482,"height":28,"y":0,"pivotX":2,"name":"A2","atlasID":1,"width":62},{"pivotY":2,"scale":1,"x":73,"height":9,"y":22,"pivotX":2,"name":"A3","atlasID":1,"width":9},{"pivotY":2,"scale":1,"x":482,"height":28,"y":28,"pivotX":2,"name":"A4","atlasID":1,"width":61},{"pivotY":2,"scale":1,"x":544,"height":28,"y":0,"pivotX":2,"name":"A5","atlasID":1,"width":63},{"pivotY":4,"scale":1,"x":607,"height":28,"y":0,"pivotX":6,"name":"A6","atlasID":1,"width":64},{"pivotY":41,"scale":1,"x":345,"height":83,"y":139,"pivotX":38,"name":"A7","atlasID":1,"width":84},{"pivotY":5,"scale":1,"x":544,"height":34,"y":28,"pivotX":5,"name":"A8","atlasID":1,"width":45},{"pivotY":6,"scale":1,"x":174,"height":144,"y":224,"pivotX":5,"name":"A9","atlasID":1,"width":140}],"atlases":[{"id":1,"sources":[{"csf":1,"source":"atlas1.png"},{"csf":2,"source":"atlas2.png"}]}],"scale":1}],"animationConfigFrames":[{"state":{"Z1":{"st":"0,{1.45,0,0,1.37,-13.25,-17.85},0.5","e":[{"y":"7","t":"Fblur","x":"7"}]},"Z2":{"st":"1,{1,0,0,0.97,13.65,15.75},1"}},"frameNumber":1},{"state":{"Z5":{"st":"3,{0.99,0,0,0.99,58.3,53.1},0.64"},"Z2":{"st":"0,{1,0,0,0.97,13.65,15.75},1","e":[]},"Z4":{"st":"2,{0.99,0,0,0.99,22.85,53.1},0.64"},"Z1":{"st":"0,{1.45,0,0,1.37,-13.25,-17.85},0","e":[{"y":"7","t":"Fblur","x":"7"}]},"Z3":{"st":"1,{1,0,0,1,16.2,49.85},1"}},"frameNumber":2},{"state":{"Z5":{"st":"3,{0.97,0,0,0.97,57.9,66.7},0.64"},"Z2":{"st":"0,{1,0,0,0.97,13.65,15.75},1"},"Z4":{"st":"2,{0.97,0,0,0.97,23.2,66.7},0.64"},"Z6":{"st":"1,{1,0,0,1,16.75,53.5},1"},"Z3":{"st":"1,{1,0,0,1,16.2,49.85},0"}},"frameNumber":3},{"state":{"Z5":{"st":"3,{1,0,0,1,58.45,65.85},0.64"},"Z2":{"st":"0,{1,0,0,0.97,13.65,15.75},1","e":[]},"Z7":{"st":"1,{1,0,0,1,15.95,52.1},1"},"Z4":{"st":"2,{1,0,0,1,22.65,65.85},0.64"},"Z6":{"st":"1,{1,0,0,1,16.75,53.5},0"}},"frameNumber":4},{"state":{"Z5":{"st":"3,{1,0,0,1,58.45,65.85},0"},"Z7":{"st":"1,{1,0,0,1,15.95,52.1},0"},"Z4":{"st":"2,{1,0,0,1,22.65,65.85},0"},"Z8":{"st":"1,{1,0,0,1,18.35,52.7},1"}},"frameNumber":5},{"state":{"Z2":{"c":"0,1,0,1,0.03,1,0","st":"0,{1,0,0,0.98,13.6,15.45},1","e":[]},"Z8":{"st":"1,{1,0,0,1,18.35,52.15},1"}},"frameNumber":6},{"state":{"Z2":{"c":"0,1,0,1,0.05,1,0","st":"0,{1,0,0,0.98,13.5,15.2},1","e":[]},"Z8":{"st":"1,{1,0,0,1,18.35,51.55},1"}},"frameNumber":7},{"state":{"Z2":{"c":"0,1,0,1,0.08,1,0","st":"0,{1,0,0,0.98,13.45,14.85},1","e":[]},"Z8":{"st":"1,{1,0,0,1,18.35,51},1"}},"frameNumber":8},{"state":{"Z2":{"c":"0,1,0,1,0.11,1,0","st":"0,{1,0,0,0.99,13.4,14.55},1","e":[]},"Z8":{"st":"1,{1,0,0,1,18.35,50.4},1"}},"frameNumber":9},{"state":{"Z2":{"c":"0,1,0,1,0.14,1,0","st":"0,{1,0,0,0.99,13.35,14.2},1","e":[]},"Z8":{"st":"1,{1,0,0,1,18.35,49.85},1"}},"frameNumber":10},{"state":{"Z2":{"c":"0,1,0,1,0.17,1,0","st":"0,{1,0,0,1,13.25,13.95},1","e":[]},"Z8":{"st":"1,{1,0,0,1,18.35,49.25},1"}},"frameNumber":11},{"state":{"Z2":{"c":"0,1,0,1,0.2,1,0","st":"0,{1,0,0,1,13.2,13.6},1","e":[]},"Z8":{"st":"1,{1,0,0,1,18.35,48.7},1"}},"frameNumber":12},{"state":{"Z2":{"c":"0,1,0,1,0.17,1,0","st":"0,{1,0,0,1,13.2,13.85},1","e":[]},"Z8":{"st":"1,{1,0,0,1,18.35,49.25},1"}},"frameNumber":13},{"state":{"Z2":{"c":"0,1,0,1,0.14,1,0","st":"0,{1,0,0,0.99,13.2,14.1},1","e":[]},"Z8":{"st":"1,{1,0,0,1,18.35,49.85},1"}},"frameNumber":14},{"state":{"Z2":{"c":"0,1,0,1,0.11,1,0","st":"0,{1,0,0,0.99,13.2,14.4},1","e":[]},"Z8":{"st":"1,{1,0,0,1,18.35,50.4},1"}},"frameNumber":15},{"state":{"Z2":{"c":"0,1,0,1,0.08,1,0","st":"0,{1,0,0,0.98,13.2,14.65},1","e":[]},"Z8":{"st":"1,{1,0,0,1,18.35,51},1"}},"frameNumber":16},{"state":{"Z2":{"c":"0,1,0,1,0.05,1,0","st":"0,{1,0,0,0.98,13.2,14.95},1","e":[]},"Z8":{"st":"1,{1,0,0,1,18.35,51.55},1"}},"frameNumber":17},{"state":{"Z2":{"c":"0,1,0,1,0.03,1,0","st":"0,{1,0,0,0.98,13.2,15.2},1","e":[]},"Z8":{"st":"1,{1,0,0,1,18.35,52.15},1"}},"frameNumber":18},{"state":{"Z2":{"st":"0,{1,0,0,0.97,13.2,15.45},1","e":[]},"Z8":{"st":"1,{1,0,0,1,18.35,52.7},1"}},"frameNumber":19},{"state":{"Z2":{"st":"0,{1,0,0,0.97,13.2,15.45},0","e":[]},"Z9":{"st":"0,{1,0,0,1,45.6,46.5},1","c":"0,0.5,0.13,0.5,0.35,0.5,0.49"},"Z14":{"c":"0,0.5,-0.27,0.5,0.35,0.62,0.63","st":"5,{0.21,-0.21,0.21,0.21,18.9,45.35},0.5","e":[{"y":"5","t":"Fblur","x":"5"}]},"Z8":{"st":"1,{1,0,0,1,18.35,52.7},0"},"Z11":{"st":"2,{-0.29,0,0,0.29,59.55,53.25},1","c":"0,0.2,0.2,0.54,0.44,0.72,0.84"},"Z10":{"st":"1,{0.33,0,0,0.33,41.95,37.4},1","c":"0,0.2,0.2,0.54,0.44,0.72,0.84"},"Z12":{"st":"3,{-0.28,0.1,-0.1,-0.28,63.35,53},1","c":"0,0.2,0.2,0.54,0.44,0.72,0.84"},"Z13":{"st":"4,{0.1,0.28,-0.28,0.1,39.2,45.65},1","c":"0,0.2,0.2,0.54,0.44,0.72,0.84"}},"frameNumber":20},{"state":{"Z9":{"st":"0,{1,0,0,1,45.6,46.5},0","c":"0,0.5,0.13,0.5,0.35,0.5,0.49"},"Z14":{"c":"0,0.5,-0.27,0.5,0.35,0.62,0.63","st":"4,{0.43,-0.2,0.2,0.43,4.4,30.2},0.72","e":[{"y":"7.19","t":"Fblur","x":"7.19"}]},"Z11":{"st":"1,{-0.36,0,0,0.36,60.4,49.8},1","c":"0,0.2,0.2,0.54,0.44,0.72,0.84"},"Z10":{"st":"0,{0.42,0,0,0.42,40.95,31.75},1","c":"0,0.2,0.2,0.54,0.44,0.72,0.84"},"Z12":{"st":"2,{-0.35,0.13,-0.13,-0.35,66.8,51.25},1","c":"0,0.2,0.2,0.54,0.44,0.72,0.84"},"Z13":{"st":"3,{0.13,0.35,-0.35,0.13,37.2,42.1},1","c":"0,0.2,0.2,0.54,0.44,0.72,0.84"}},"frameNumber":21},{"state":{"Z11":{"st":"1,{-0.43,0,0,0.43,61.2,46.75},1","c":"0,0.2,0.2,0.54,0.44,0.72,0.84"},"Z10":{"st":"0,{0.49,0,0,0.49,39.95,26.65},1","c":"0,0.2,0.2,0.54,0.44,0.72,0.84"},"Z14":{"c":"0,0.5,-0.27,0.5,0.35,0.62,0.63","st":"4,{0.6,-0.12,0.12,0.6,-0.8,13.2},0.88","e":[{"y":"8.75","t":"Fblur","x":"8.75"}]},"Z12":{"st":"2,{-0.41,0.15,-0.15,-0.41,69.95,49.65},1","c":"0,0.2,0.2,0.54,0.44,0.72,0.84"},"Z13":{"st":"3,{0.15,0.41,-0.41,0.15,35.5,38.8},1","c":"0,0.2,0.2,0.54,0.44,0.72,0.84"}},"frameNumber":22},{"state":{"Z11":{"st":"1,{-0.49,0,0,0.49,62,43.95},1","c":"0,0.2,0.2,0.54,0.44,0.72,0.84"},"Z10":{"st":"0,{0.56,0,0,0.56,39.05,21.95},1","c":"0,0.2,0.2,0.54,0.44,0.72,0.84"},"Z14":{"c":"0,0.5,-0.27,0.5,0.35,0.62,0.63","st":"4,{0.69,-0.03,0.03,0.69,-1.2,1.7},0.97","e":[{"y":"9.69","t":"Fblur","x":"9.69"}]},"Z12":{"st":"2,{-0.47,0.17,-0.17,-0.47,72.95,48.15},1","c":"0,0.2,0.2,0.54,0.44,0.72,0.84"},"Z13":{"st":"3,{0.17,0.47,-0.47,0.17,33.9,35.8},1","c":"0,0.2,0.2,0.54,0.44,0.72,0.84"}},"frameNumber":23},{"state":{"Z11":{"st":"1,{-0.54,0,0,0.54,62.6,41.45},1","c":"0,0.2,0.2,0.54,0.44,0.72,0.84"},"Z10":{"st":"0,{0.63,0,0,0.63,38.3,17.8},1","c":"0,0.2,0.2,0.54,0.44,0.72,0.84"},"Z14":{"c":"0,0.5,-0.27,0.5,0.35,0.62,0.63","st":"4,{0.72,0,0,0.72,-0.75,-2.25},1","e":[{"y":"10","t":"Fblur","x":"10"}]},"Z12":{"st":"2,{-0.52,0.19,-0.19,-0.52,75.4,46.95},1","c":"0,0.2,0.2,0.54,0.44,0.72,0.84"},"Z13":{"st":"3,{0.19,0.52,-0.52,0.19,32.35,33.2},1","c":"0,0.2,0.2,0.54,0.44,0.72,0.84"}},"frameNumber":24},{"state":{"Z11":{"st":"1,{-0.59,0,0,0.59,63.2,39.2},1","c":"0,0.2,0.2,0.54,0.44,0.72,0.84"},"Z10":{"st":"0,{0.68,0,0,0.68,37.65,14.15},1","c":"0,0.2,0.2,0.54,0.44,0.72,0.84"},"Z14":{"c":"0,0.5,-0.27,0.5,0.35,0.62,0.63","st":"4,{0.75,0.08,-0.08,0.75,2.4,-13.05},0.86","e":[{"y":"12.86","t":"Fblur","x":"12.86"}]},"Z12":{"st":"2,{-0.56,0.21,-0.21,-0.56,77.7,45.8},1","c":"0,0.2,0.2,0.54,0.44,0.72,0.84"},"Z13":{"st":"3,{0.21,0.56,-0.56,0.21,31.15,30.7},1","c":"0,0.2,0.2,0.54,0.44,0.72,0.84"}},"frameNumber":25},{"state":{"Z11":{"st":"1,{-0.63,0,0,0.63,63.7,37.25},1","c":"0,0.2,0.2,0.54,0.44,0.72,0.84"},"Z10":{"st":"0,{0.73,0,0,0.73,37.05,10.9},1","c":"0,0.2,0.2,0.54,0.44,0.72,0.84"},"Z14":{"c":"0,0.5,-0.27,0.5,0.35,0.62,0.63","st":"4,{0.78,0.18,-0.18,0.78,7.05,-23.8},0.71","e":[{"y":"15.71","t":"Fblur","x":"15.71"}]},"Z12":{"st":"2,{-0.6,0.22,-0.22,-0.6,79.7,44.75},1","c":"0,0.2,0.2,0.54,0.44,0.72,0.84"},"Z13":{"st":"3,{0.22,0.6,-0.6,0.22,30.1,28.8},1","c":"0,0.2,0.2,0.54,0.44,0.72,0.84"}},"frameNumber":26},{"state":{"Z11":{"st":"1,{-0.66,0,0,0.66,64.15,35.6},1","c":"0,0.2,0.2,0.54,0.44,0.72,0.84"},"Z10":{"st":"0,{0.77,0,0,0.77,36.55,8.3},1","c":"0,0.2,0.2,0.54,0.44,0.72,0.84"},"Z14":{"c":"0,0.5,-0.27,0.5,0.35,0.62,0.63","st":"4,{0.79,0.28,-0.28,0.79,12.8,-34.25},0.57","e":[{"y":"18.57","t":"Fblur","x":"18.57"}]},"Z12":{"st":"2,{-0.64,0.23,-0.23,-0.64,81.3,43.9},1","c":"0,0.2,0.2,0.54,0.44,0.72,0.84"},"Z13":{"st":"3,{0.23,0.64,-0.64,0.23,29.1,26.95},1","c":"0,0.2,0.2,0.54,0.44,0.72,0.84"}},"frameNumber":27},{"state":{"Z11":{"st":"1,{-0.69,0,0,0.69,64.9,34.1},1","c":"0,0.2,0.2,0.54,0.44,0.72,0.84"},"Z10":{"st":"0,{0.8,0,0,0.8,35.7,5.9},1","c":"0,0.2,0.2,0.54,0.44,0.72,0.84"},"Z14":{"c":"0,0.5,-0.27,0.5,0.35,0.62,0.63","st":"4,{0.79,0.38,-0.38,0.79,19.65,-44.05},0.43","e":[{"y":"21.43","t":"Fblur","x":"21.43"}]},"Z12":{"st":"2,{-0.66,0.25,-0.25,-0.66,82.8,43.3},1","c":"0,0.2,0.2,0.54,0.44,0.72,0.84"},"Z13":{"st":"3,{0.25,0.66,-0.66,0.25,28.4,25.55},1","c":"0,0.2,0.2,0.54,0.44,0.72,0.84"}},"frameNumber":28},{"state":{"Z11":{"st":"1,{-0.72,0,0,0.72,65.25,35.55},1","c":"0,0.2,0.2,0.54,0.44,0.72,0.84"},"Z10":{"st":"0,{0.83,0,0,0.83,35.25,7.65},1","c":"0,0.2,0.2,0.54,0.44,0.72,0.84"},"Z14":{"c":"0,0.5,-0.27,0.5,0.35,0.62,0.63","st":"4,{0.78,0.49,-0.49,0.78,27.85,-53.2},0.29","e":[{"y":"24.29","t":"Fblur","x":"24.29"}]},"Z12":{"st":"2,{-0.61,0.17,-0.17,-0.61,81.2,47.2},0.67","c":"0,0.2,0.2,0.54,0.44,0.72,0.84"},"Z13":{"st":"3,{0.27,0.57,-0.57,0.27,26.55,29.45},0.67","c":"0,0.2,0.2,0.54,0.44,0.72,0.84"}},"frameNumber":29},{"state":{"Z11":{"st":"1,{-0.74,0,0,0.74,65.65,37.05},1","c":"0,0.2,0.2,0.54,0.44,0.72,0.84"},"Z10":{"st":"0,{0.86,0,0,0.86,34.85,9.4},1","c":"0,0.2,0.2,0.54,0.44,0.72,0.84"},"Z14":{"c":"0,0.5,-0.27,0.5,0.35,0.62,0.63","st":"4,{0.75,0.6,-0.6,0.75,37.05,-61.5},0.14","e":[{"y":"27.14","t":"Fblur","x":"27.14"}]},"Z12":{"st":"2,{-0.54,0.1,-0.1,-0.54,79.7,50.9},0.33","c":"0,0.2,0.2,0.54,0.44,0.72,0.84"},"Z13":{"st":"3,{0.28,0.47,-0.47,0.28,25,33.3},0.33","c":"0,0.2,0.2,0.54,0.44,0.72,0.84"}},"frameNumber":30},{"state":{"Z11":{"st":"1,{-0.76,0,0,0.76,66.05,38.45},1","c":"0,0.2,0.2,0.54,0.44,0.72,0.84"},"Z10":{"st":"0,{0.88,0,0,0.88,34.5,11.15},1","c":"0,0.2,0.2,0.54,0.44,0.72,0.84"},"Z14":{"c":"0,0.5,-0.27,0.5,0.35,0.62,0.63","st":"4,{0.71,0.71,-0.71,0.71,47.05,-69},0","e":[{"y":"30","t":"Fblur","x":"30"}]},"Z12":{"st":"2,{-0.47,0.04,-0.04,-0.47,78.2,53.85},0","c":"0,0.2,0.2,0.54,0.44,0.72,0.84"},"Z13":{"st":"3,{0.27,0.38,-0.38,0.27,23.3,37.5},0","c":"0,0.2,0.2,0.54,0.44,0.72,0.84"}},"frameNumber":31},{"state":{"Z11":{"st":"1,{-0.79,0,0,0.79,66.45,39.95},1","c":"0,0.2,0.2,0.54,0.44,0.72,0.84"},"Z10":{"st":"0,{0.91,0,0,0.91,34.15,12.9},1","c":"0,0.2,0.2,0.54,0.44,0.72,0.84"},"Z14":{"c":"0,0.5,-0.27,0.5,0.35,0.62,0.63","st":"2,{0.71,0.71,-0.71,0.71,47.05,-69},0","e":[{"y":"30","t":"Fblur","x":"30"}]},"Z12":{"st":"2,{-0.47,0.04,-0.04,-0.47,78.2,53.85},0","c":"0,0.2,0.2,0.54,0.44,0.72,0.84"},"Z13":{"st":"3,{0.27,0.38,-0.38,0.27,23.3,37.5},0","c":"0,0.2,0.2,0.54,0.44,0.72,0.84"}},"frameNumber":32},{"state":{"Z11":{"st":"1,{-0.81,0,0,0.81,66.5,41.65},1","c":"0,0.2,0.2,0.54,0.44,0.72,0.84"},"Z10":{"st":"0,{0.94,0,0,0.94,33.85,14.7},1","c":"0,0.2,0.2,0.54,0.44,0.72,0.84"}},"frameNumber":33},{"state":{"Z11":{"st":"1,{-0.86,0,0,0.86,67.1,44.95},0.5","c":"0,0.2,0.2,0.54,0.44,0.72,0.84"},"Z10":{"st":"0,{1,0,0,1,33.05,18.45},0.5","c":"0,0.2,0.2,0.54,0.44,0.72,0.84"}},"frameNumber":34}],"animationSequences":[{"endFrameNo":1,"id":"idle","startFrameNo":1},{"endFrameNo":2,"id":"selected","startFrameNo":2},{"endFrameNo":3,"id":"fear","startFrameNo":3},{"endFrameNo":4,"id":"fear_selected","startFrameNo":4},{"endFrameNo":19,"id":"super","startFrameNo":5},{"endFrameNo":33,"id":"vanish","startFrameNo":20}],"animationMasks":{}}