{"version":"2.5","namedParts":{},"animationObjects":{"Z2":"A1","Z1":"A0","Z3":"A2"},"animationFrameCount":19,"textureAtlas":[{"elements":[{"pivotY":-24,"scale":1,"x":177,"height":51,"y":0,"pivotX":-21,"name":"A0","atlasID":1,"width":51},{"pivotY":4,"scale":1,"x":174,"height":86,"y":927,"pivotX":4,"name":"A1","atlasID":1,"width":82},{"pivotY":4,"scale":1,"x":924,"height":30,"y":0,"pivotX":2,"name":"A2","atlasID":1,"width":63}],"atlases":[{"id":1,"sources":[{"csf":1,"source":"atlas1.png"},{"csf":2,"source":"atlas2.png"}]}],"scale":1}],"animationConfigFrames":[{"state":{"Z1":{"st":"0,{1.45,0,0,1.37,-13.65,-12.85},0.5","e":[{"y":"7","t":"Fblur","x":"7"}]},"Z2":{"st":"1,{1,0,0,0.98,7.8,6.5},1"}},"frameNumber":1},{"state":{"Z3":{"st":"2,{1,0,0,1,14.3,55.8},1"}},"frameNumber":2},{"state":{"Z2":{"st":"0,{1,0,0,0.98,7.8,6.5},1","e":[]},"Z1":{"st":"0,{1.45,0,0,1.37,-13.65,-12.85},0","e":[{"y":"7","t":"Fblur","x":"7"}]},"Z3":{"st":"1,{1,0,0,1,14.3,54.8},1"}},"frameNumber":3},{"state":{"Z3":{"st":"1,{1,0,0,1,14.3,54.8},0"}},"frameNumber":4},{"state":{"Z3":{"st":"1,{0.91,0,0,0.91,17.05,53.5},1"}},"frameNumber":5},{"state":{"Z2":{"c":"0,1,0,1,0.03,1,0","st":"0,{1,0,0,0.99,7.8,6.3},1","e":[]},"Z3":{"st":"1,{0.91,0,0,0.91,17.05,52.95},1","c":"0,1,0,1,0.03,1,0"}},"frameNumber":6},{"state":{"Z2":{"c":"0,1,0,1,0.05,1,0","st":"0,{1,0,0,0.99,7.8,6.15},1","e":[]},"Z3":{"st":"1,{0.91,0,0,0.92,17.05,52.5},1","c":"0,1,0,1,0.05,1,0"}},"frameNumber":7},{"state":{"Z2":{"c":"0,1,0,1,0.08,1,0","st":"0,{1,0,0,0.99,7.8,5.95},1","e":[]},"Z3":{"st":"1,{0.91,0,0,0.92,17.05,51.95},1","c":"0,1,0,1,0.08,1,0"}},"frameNumber":8},{"state":{"Z2":{"c":"0,1,0,1,0.11,1,0","st":"0,{1,0,0,0.99,7.8,5.8},1","e":[]},"Z3":{"st":"1,{0.91,0,0,0.93,17.05,51.5},1","c":"0,1,0,1,0.11,1,0"}},"frameNumber":9},{"state":{"Z2":{"c":"0,1,0,1,0.14,1,0","st":"0,{1,0,0,1,7.8,5.6},1","e":[]},"Z3":{"st":"1,{0.91,0,0,0.93,17.05,51},1","c":"0,1,0,1,0.14,1,0"}},"frameNumber":10},{"state":{"Z2":{"c":"0,1,0,1,0.17,1,0","st":"0,{1,0,0,1,7.8,5.45},1","e":[]},"Z3":{"st":"1,{0.91,0,0,0.94,17.05,50.5},1","c":"0,1,0,1,0.17,1,0"}},"frameNumber":11},{"state":{"Z2":{"c":"0,1,0,1,0.2,1,0","st":"0,{1,0,0,1,7.8,5.25},1","e":[]},"Z3":{"st":"1,{0.91,0,0,0.94,17.05,50},1","c":"0,1,0,1,0.2,1,0"}},"frameNumber":12},{"state":{"Z2":{"c":"0,1,0,1,0.17,1,0","st":"0,{1,0,0,1,7.8,5.45},1","e":[]},"Z3":{"st":"1,{0.91,0,0,0.94,17.05,50.5},1","c":"0,1,0,1,0.17,1,0"}},"frameNumber":13},{"state":{"Z2":{"c":"0,1,0,1,0.14,1,0","st":"0,{1,0,0,1,7.8,5.65},1","e":[]},"Z3":{"st":"1,{0.91,0,0,0.93,17.05,51},1","c":"0,1,0,1,0.14,1,0"}},"frameNumber":14},{"state":{"Z2":{"c":"0,1,0,1,0.11,1,0","st":"0,{1,0,0,0.99,7.8,5.8},1","e":[]},"Z3":{"st":"1,{0.91,0,0,0.93,17.05,51.55},1","c":"0,1,0,1,0.11,1,0"}},"frameNumber":15},{"state":{"Z2":{"c":"0,1,0,1,0.08,1,0","st":"0,{1,0,0,0.99,7.8,5.95},1","e":[]},"Z3":{"st":"1,{0.91,0,0,0.92,17.05,52},1","c":"0,1,0,1,0.08,1,0"}},"frameNumber":16},{"state":{"Z2":{"c":"0,1,0,1,0.05,1,0","st":"0,{1,0,0,0.99,7.8,6.15},1","e":[]},"Z3":{"st":"1,{0.91,0,0,0.92,17.05,52.5},1","c":"0,1,0,1,0.05,1,0"}},"frameNumber":17},{"state":{"Z2":{"c":"0,1,0,1,0.03,1,0","st":"0,{1,0,0,0.99,7.8,6.35},1","e":[]},"Z3":{"st":"1,{0.91,0,0,0.91,17.05,53},1","c":"0,1,0,1,0.03,1,0"}},"frameNumber":18},{"state":{"Z2":{"st":"0,{1,0,0,0.98,7.8,6.5},1","e":[]},"Z3":{"st":"1,{0.91,0,0,0.91,17.05,53.5},1"}},"frameNumber":19}],"animationSequences":[{"endFrameNo":1,"id":"idle","startFrameNo":1},{"endFrameNo":2,"id":"fear","startFrameNo":2},{"endFrameNo":3,"id":"fear_selected","startFrameNo":3},{"endFrameNo":4,"id":"selected","startFrameNo":4},{"endFrameNo":18,"id":"super","startFrameNo":5}],"animationMasks":{}}