{"version":"2.5","namedParts":{},"animationObjects":{"Z2":"A1","Z1":"A0","Z3":"A2"},"animationFrameCount":19,"textureAtlas":[{"elements":[{"pivotY":-24,"scale":1,"x":177,"height":51,"y":0,"pivotX":-21,"name":"A0","atlasID":1,"width":51},{"pivotY":2,"scale":1,"x":95,"height":80,"y":217,"pivotX":2,"name":"A1","atlasID":1,"width":78},{"pivotY":4,"scale":1,"x":734,"height":29,"y":0,"pivotX":5,"name":"A2","atlasID":1,"width":66}],"atlases":[{"id":1,"sources":[{"csf":1,"source":"atlas1.png"},{"csf":2,"source":"atlas2.png"}]}],"scale":1}],"animationConfigFrames":[{"state":{"Z1":{"st":"0,{1.12,0,0,1.06,8.15,2.5},0.5","e":[{"y":"7","t":"Fblur","x":"7"}]},"Z2":{"st":"1,{1,0,0,1,8.3,9.35},1"}},"frameNumber":1},{"state":{"Z2":{"st":"0,{1,0,0,1,8.3,9.35},1","e":[]},"Z1":{"st":"0,{1.12,0,0,1.06,8.15,2.5},0","e":[{"y":"7","t":"Fblur","x":"7"}]},"Z3":{"st":"1,{0.91,0,0,0.91,19.6,54.55},1"}},"frameNumber":2},{"state":{"Z2":{"st":"1,{1,0,0,1,8.3,9.35},1"},"Z1":{"st":"0,{1.12,0,0,1.06,8.15,2.5},0.5","e":[{"y":"7","t":"Fblur","x":"7"}]},"Z3":{"st":"2,{1,0,0,1,17.05,55.55},1"}},"frameNumber":3},{"state":{"Z2":{"st":"0,{1,0,0,1,8.3,9.35},1","e":[]},"Z1":{"st":"0,{1.12,0,0,1.06,8.15,2.5},0","e":[{"y":"7","t":"Fblur","x":"7"}]},"Z3":{"st":"1,{1,0,0,1,17.05,55.55},1"}},"frameNumber":4},{"state":{"Z3":{"st":"1,{0.91,0,0,0.91,19.6,54.55},1"}},"frameNumber":5},{"state":{"Z2":{"c":"0,1,0.08,1,0.03,1,0","st":"0,{1,0,0,1,8.3,9.35},1","e":[]},"Z3":{"st":"1,{0.91,0,0,0.91,19.6,54.15},1","c":"0,1,0.03,1,0.03,1,0"}},"frameNumber":6},{"state":{"Z2":{"c":"0,1,0.17,1,0.05,1,0","st":"0,{1,0,0,1,8.3,9.35},1","e":[]},"Z3":{"st":"1,{0.91,0,0,0.92,19.6,53.7},1","c":"0,1,0.05,1,0.05,1,0"}},"frameNumber":7},{"state":{"Z2":{"c":"0,1,0.25,1,0.08,1,0","st":"0,{1,0,0,1,8.3,9.35},1","e":[]},"Z3":{"st":"1,{0.91,0,0,0.92,19.6,53.3},1","c":"0,1,0.08,1,0.08,1,0"}},"frameNumber":8},{"state":{"Z2":{"c":"0,1,0.34,1,0.11,1,0","st":"0,{1,0,0,1,8.3,9.35},1","e":[]},"Z3":{"st":"1,{0.91,0,0,0.93,19.6,52.9},1","c":"0,1,0.11,1,0.11,1,0"}},"frameNumber":9},{"state":{"Z2":{"c":"0,1,0.42,1,0.14,1,0","st":"0,{1,0,0,1,8.3,9.35},1","e":[]},"Z3":{"st":"1,{0.91,0,0,0.93,19.6,52.45},1","c":"0,1,0.14,1,0.14,1,0"}},"frameNumber":10},{"state":{"Z2":{"c":"0,1,0.51,1,0.17,1,0","st":"0,{1,0,0,1,8.3,9.35},1","e":[]},"Z3":{"st":"1,{0.91,0,0,0.93,19.6,52},1","c":"0,1,0.17,1,0.17,1,0"}},"frameNumber":11},{"state":{"Z2":{"c":"0,1,0.59,1,0.2,1,0","st":"0,{1,0,0,1,8.3,9.35},1","e":[]},"Z3":{"st":"1,{0.91,0,0,0.94,19.6,51.6},1","c":"0,1,0.2,1,0.2,1,0"}},"frameNumber":12},{"state":{"Z2":{"c":"0,1,0.51,1,0.17,1,0","st":"0,{1,0,0,1,8.3,9.35},1","e":[]},"Z3":{"st":"1,{0.91,0,0,0.93,19.6,52},1","c":"0,1,0.17,1,0.17,1,0"}},"frameNumber":13},{"state":{"Z2":{"c":"0,1,0.42,1,0.14,1,0","st":"0,{1,0,0,1,8.3,9.35},1","e":[]},"Z3":{"st":"1,{0.91,0,0,0.93,19.6,52.5},1","c":"0,1,0.14,1,0.14,1,0"}},"frameNumber":14},{"state":{"Z2":{"c":"0,1,0.34,1,0.11,1,0","st":"0,{1,0,0,1,8.3,9.35},1","e":[]},"Z3":{"st":"1,{0.91,0,0,0.93,19.6,52.85},1","c":"0,1,0.11,1,0.11,1,0"}},"frameNumber":15},{"state":{"Z2":{"c":"0,1,0.25,1,0.08,1,0","st":"0,{1,0,0,1,8.3,9.35},1","e":[]},"Z3":{"st":"1,{0.91,0,0,0.92,19.6,53.3},1","c":"0,1,0.08,1,0.08,1,0"}},"frameNumber":16},{"state":{"Z2":{"c":"0,1,0.17,1,0.05,1,0","st":"0,{1,0,0,1,8.3,9.35},1","e":[]},"Z3":{"st":"1,{0.91,0,0,0.92,19.6,53.7},1","c":"0,1,0.05,1,0.05,1,0"}},"frameNumber":17},{"state":{"Z2":{"c":"0,1,0.08,1,0.03,1,0","st":"0,{1,0,0,1,8.3,9.35},1","e":[]},"Z3":{"st":"1,{0.91,0,0,0.91,19.6,54.15},1","c":"0,1,0.03,1,0.03,1,0"}},"frameNumber":18},{"state":{"Z2":{"st":"0,{1,0,0,1,8.3,9.35},1","e":[]},"Z3":{"st":"1,{0.91,0,0,0.91,19.6,54.55},1"}},"frameNumber":19}],"animationSequences":[{"endFrameNo":1,"id":"idle","startFrameNo":1},{"endFrameNo":2,"id":"selected","startFrameNo":2},{"endFrameNo":3,"id":"fear","startFrameNo":3},{"endFrameNo":4,"id":"fear_selected","startFrameNo":4},{"endFrameNo":18,"id":"super","startFrameNo":5}],"animationMasks":{}}