{"version":"2.5","namedParts":{},"animationObjects":{"Z2":"A1","Z1":"A0","Z3":"A2"},"animationFrameCount":19,"textureAtlas":[{"elements":[{"pivotY":-24,"scale":1,"x":177,"height":51,"y":0,"pivotX":-21,"name":"A0","atlasID":1,"width":51},{"pivotY":-5,"scale":1,"x":95,"height":82,"y":297,"pivotX":3,"name":"A1","atlasID":1,"width":79},{"pivotY":5,"scale":1,"x":862,"height":28,"y":0,"pivotX":2,"name":"A2","atlasID":1,"width":62}],"atlases":[{"id":1,"sources":[{"csf":1,"source":"atlas1.png"},{"csf":2,"source":"atlas2.png"}]}],"scale":1}],"animationConfigFrames":[{"state":{"Z1":{"st":"0,{1.12,0,0,1.06,8.15,2.5},0.5","e":[{"y":"7","t":"Fblur","x":"7"}]},"Z2":{"st":"1,{1,0,0,0.97,6.7,2.35},1"}},"frameNumber":1},{"state":{"Z2":{"st":"0,{1,0,0,0.97,6.7,2.35},1","e":[]},"Z1":{"st":"0,{1.12,0,0,1.06,8.15,2.5},0","e":[{"y":"7","t":"Fblur","x":"7"}]},"Z3":{"st":"1,{1,0,0,1,15.25,53.45},1"}},"frameNumber":2},{"state":{"Z2":{"st":"1,{1,0,0,0.97,6.7,2.35},1"},"Z1":{"st":"0,{1.12,0,0,1.06,8.15,2.5},0.5","e":[{"y":"7","t":"Fblur","x":"7"}]},"Z3":{"st":"2,{1,0,0,1,15.25,56.65},1"}},"frameNumber":3},{"state":{"Z2":{"st":"0,{0.91,0,0,0.89,10.1,6.45},1","e":[]},"Z1":{"st":"0,{1.12,0,0,1.06,8.15,2.5},0","e":[{"y":"7","t":"Fblur","x":"7"}]},"Z3":{"st":"1,{0.91,0,0,0.91,17.85,55.8},1"}},"frameNumber":4},{"state":{"Z2":{"st":"0,{1,0,0,0.97,6.7,2.35},1","e":[]},"Z3":{"st":"1,{1,0,0,1,15.25,53.45},1"}},"frameNumber":5},{"state":{"Z2":{"c":"0,1,0.05,1,0,1,0","st":"0,{1,0,0,0.98,6.65,2},1","e":[]},"Z3":{"st":"1,{1,0,0,1,15.25,53.1},1","c":"0,1,0.05,1,0,1,0"}},"frameNumber":6},{"state":{"Z2":{"c":"0,1,0.11,1,0,1,0","st":"0,{1,0,0,0.98,6.65,1.65},1","e":[]},"Z3":{"st":"1,{1,0,0,1,15.25,52.75},1","c":"0,1,0.11,1,0,1,0"}},"frameNumber":7},{"state":{"Z2":{"c":"0,1,0.17,1,0,1,0","st":"0,{1,0,0,0.99,6.65,1.4},1","e":[]},"Z3":{"st":"1,{1,0,0,1,15.25,52.4},1","c":"0,1,0.17,1,0,1,0"}},"frameNumber":8},{"state":{"Z2":{"c":"0,1,0.22,1,0,1,0","st":"0,{1,0,0,0.99,6.7,1.05},1","e":[]},"Z3":{"st":"1,{1,0,0,1,15.25,52},1","c":"0,1,0.22,1,0,1,0"}},"frameNumber":9},{"state":{"Z2":{"c":"0,1,0.28,1,0,1,0","st":"0,{1,0,0,0.99,6.7,0.75},1","e":[]},"Z3":{"st":"1,{1,0,0,1,15.25,51.65},1","c":"0,1,0.28,1,0,1,0"}},"frameNumber":10},{"state":{"Z2":{"c":"0,1,0.34,1,0,1,0","st":"0,{1,0,0,1,6.7,0.35},1","e":[]},"Z3":{"st":"1,{1,0,0,1,15.25,51.3},1","c":"0,1,0.34,1,0,1,0"}},"frameNumber":11},{"state":{"Z2":{"c":"0,1,0.39,1,0,1,0","st":"0,{1,0,0,1,6.7,0.1},1","e":[]},"Z3":{"st":"1,{1,0,0,1,15.25,50.95},1","c":"0,1,0.39,1,0,1,0"}},"frameNumber":12},{"state":{"Z2":{"c":"0,1,0.34,1,0,1,0","st":"0,{1,0,0,1,6.7,0.4},1","e":[]},"Z3":{"st":"1,{1,0,0,1,15.25,51.3},1","c":"0,1,0.34,1,0,1,0"}},"frameNumber":13},{"state":{"Z2":{"c":"0,1,0.28,1,0,1,0","st":"0,{1,0,0,0.99,6.7,0.75},1","e":[]},"Z3":{"st":"1,{1,0,0,1,15.25,51.65},1","c":"0,1,0.28,1,0,1,0"}},"frameNumber":14},{"state":{"Z2":{"c":"0,1,0.22,1,0,1,0","st":"0,{1,0,0,0.99,6.7,1.05},1","e":[]},"Z3":{"st":"1,{1,0,0,1,15.25,52},1","c":"0,1,0.22,1,0,1,0"}},"frameNumber":15},{"state":{"Z2":{"c":"0,1,0.17,1,0,1,0","st":"0,{1,0,0,0.99,6.65,1.4},1","e":[]},"Z3":{"st":"1,{1,0,0,1,15.25,52.4},1","c":"0,1,0.17,1,0,1,0"}},"frameNumber":16},{"state":{"Z2":{"c":"0,1,0.11,1,0,1,0","st":"0,{1,0,0,0.98,6.65,1.75},1","e":[]},"Z3":{"st":"1,{1,0,0,1,15.25,52.75},1","c":"0,1,0.11,1,0,1,0"}},"frameNumber":17},{"state":{"Z2":{"c":"0,1,0.05,1,0,1,0","st":"0,{1,0,0,0.98,6.65,2.1},1","e":[]},"Z3":{"st":"1,{1,0,0,1,15.25,53.1},1","c":"0,1,0.05,1,0,1,0"}},"frameNumber":18},{"state":{"Z2":{"st":"0,{1,0,0,0.97,6.7,2.35},1","e":[]},"Z3":{"st":"1,{1,0,0,1,15.25,53.45},1"}},"frameNumber":19}],"animationSequences":[{"endFrameNo":1,"id":"idle","startFrameNo":1},{"endFrameNo":2,"id":"selected","startFrameNo":2},{"endFrameNo":3,"id":"fear","startFrameNo":3},{"endFrameNo":4,"id":"fear_selected","startFrameNo":4},{"endFrameNo":18,"id":"super","startFrameNo":5}],"animationMasks":{}}