{"version":"2.5","namedParts":{},"animationObjects":{"Z5":"A3","Z4":"A3","Z3":"A2","Z2":"A1","Z7":"A5","Z1":"A0","Z6":"A4"},"animationFrameCount":19,"textureAtlas":[{"elements":[{"pivotY":-24,"scale":1,"x":177,"height":51,"y":0,"pivotX":-21,"name":"A0","atlasID":1,"width":51},{"pivotY":42,"scale":1,"x":429,"height":83,"y":139,"pivotX":41,"name":"A1","atlasID":1,"width":81},{"pivotY":2,"scale":1,"x":607,"height":28,"y":28,"pivotX":2,"name":"A2","atlasID":1,"width":63},{"pivotY":2,"scale":1,"x":73,"height":9,"y":22,"pivotX":2,"name":"A3","atlasID":1,"width":9},{"pivotY":2,"scale":1,"x":671,"height":28,"y":0,"pivotX":2,"name":"A4","atlasID":1,"width":63},{"pivotY":15,"scale":1,"x":671,"height":29,"y":28,"pivotX":32,"name":"A5","atlasID":1,"width":63}],"atlases":[{"id":1,"sources":[{"csf":1,"source":"atlas1.png"},{"csf":2,"source":"atlas2.png"}]}],"scale":1}],"animationConfigFrames":[{"state":{"Z1":{"st":"0,{1.45,0,0,1.37,-13.25,-17.85},0.5","e":[{"y":"7","t":"Fblur","x":"7"}]},"Z2":{"st":"1,{1,0,0,0.98,45,46},1"}},"frameNumber":1},{"state":{"Z5":{"st":"3,{1,0,0,1,57.6,55.5},0.64"},"Z2":{"st":"0,{1,0,0,0.98,45,46},1","e":[]},"Z4":{"st":"2,{1,0,0,1,21.8,55.5},0.64"},"Z1":{"st":"0,{1.45,0,0,1.37,-13.25,-17.85},0","e":[{"y":"7","t":"Fblur","x":"7"}]},"Z3":{"st":"1,{1,0,0,1,15.65,52.1},1"}},"frameNumber":2},{"state":{"Z5":{"st":"3,{1,0,0,1,57.6,68.15},0.64"},"Z2":{"st":"0,{1,0,0,0.98,45,46},1"},"Z4":{"st":"2,{1,0,0,1,21.8,68.15},0.64"},"Z6":{"st":"1,{1,0,0,1,15.65,54.3},1"},"Z3":{"st":"1,{1,0,0,1,15.65,52.1},0"}},"frameNumber":3},{"state":{"Z2":{"st":"0,{1,0,0,0.98,45,46},1","e":[]}},"frameNumber":4},{"state":{"Z5":{"st":"3,{1,0,0,1,57.6,53.85},0.64"},"Z7":{"st":"1,{1,0,0,1,44.95,62.55},1"},"Z4":{"st":"2,{1,0,0,1,21.8,53.85},0.64"},"Z6":{"st":"1,{1,0,0,1,15.65,54.3},0"}},"frameNumber":5},{"state":{"Z5":{"st":"3,{1,0,0,1,57.6,53.65},0.64","c":"0,1,0,1,0.03,1,0"},"Z2":{"c":"0,1,0,1,0.03,1,0","st":"0,{1,0,0,0.98,45,45.85},1","e":[]},"Z7":{"st":"1,{1,0,0,1,44.95,62.35},1","c":"0,1,0,1,0.03,1,0"},"Z4":{"st":"2,{1,0,0,1,21.8,53.65},0.64","c":"0,1,0,1,0.03,1,0"}},"frameNumber":6},{"state":{"Z5":{"st":"3,{1,0,0,1,57.6,53.4},0.64","c":"0,1,0,1,0.05,1,0"},"Z2":{"c":"0,1,0,1,0.05,1,0","st":"0,{1,0,0,0.98,45,45.75},1","e":[]},"Z7":{"st":"1,{1,0,0,1,44.95,62.1},1","c":"0,1,0,1,0.05,1,0"},"Z4":{"st":"2,{1,0,0,1,21.8,53.4},0.64","c":"0,1,0,1,0.05,1,0"}},"frameNumber":7},{"state":{"Z5":{"st":"3,{1,0,0,1,57.6,53.2},0.64","c":"0,1,0,1,0.08,1,0"},"Z2":{"c":"0,1,0,1,0.08,1,0","st":"0,{1,0,0,0.99,45,45.55},1","e":[]},"Z7":{"st":"1,{1,0,0,1,44.95,61.9},1","c":"0,1,0,1,0.08,1,0"},"Z4":{"st":"2,{1,0,0,1,21.8,53.2},0.64","c":"0,1,0,1,0.08,1,0"}},"frameNumber":8},{"state":{"Z5":{"st":"3,{1,0,0,1,57.6,53},0.64","c":"0,1,0,1,0.11,1,0"},"Z2":{"c":"0,1,0,1,0.11,1,0","st":"0,{1,0,0,0.99,45,45.45},1","e":[]},"Z7":{"st":"1,{1,0,0,1,44.95,61.7},1","c":"0,1,0,1,0.11,1,0"},"Z4":{"st":"2,{1,0,0,1,21.8,53},0.64","c":"0,1,0,1,0.11,1,0"}},"frameNumber":9},{"state":{"Z5":{"st":"3,{1,0,0,1,57.6,52.8},0.64","c":"0,1,0,1,0.14,1,0"},"Z2":{"c":"0,1,0,1,0.14,1,0","st":"0,{1,0,0,0.99,45,45.35},1","e":[]},"Z7":{"st":"1,{1,0,0,1,44.95,61.5},1","c":"0,1,0,1,0.14,1,0"},"Z4":{"st":"2,{1,0,0,1,21.8,52.8},0.64","c":"0,1,0,1,0.14,1,0"}},"frameNumber":10},{"state":{"Z5":{"st":"3,{1,0,0,1,57.6,52.55},0.64","c":"0,1,0,1,0.17,1,0"},"Z2":{"c":"0,1,0,1,0.17,1,0","st":"0,{1,0,0,1,45,45.15},1","e":[]},"Z7":{"st":"1,{1,0,0,1,44.95,61.25},1","c":"0,1,0,1,0.17,1,0"},"Z4":{"st":"2,{1,0,0,1,21.8,52.55},0.64","c":"0,1,0,1,0.17,1,0"}},"frameNumber":11},{"state":{"Z5":{"st":"3,{1,0,0,1,57.6,52.35},0.64","c":"0,1,0,1,0.2,1,0"},"Z2":{"c":"0,1,0,1,0.2,1,0","st":"0,{1,0,0,1,45,45},1","e":[]},"Z7":{"st":"1,{1,0,0,1,44.95,61.05},1","c":"0,1,0,1,0.2,1,0"},"Z4":{"st":"2,{1,0,0,1,21.8,52.35},0.64","c":"0,1,0,1,0.2,1,0"}},"frameNumber":12},{"state":{"Z5":{"st":"3,{1,0,0,1,57.6,52.55},0.64","c":"0,1,0,1,0.17,1,0"},"Z2":{"c":"0,1,0,1,0.17,1,0","st":"0,{1,0,0,1,45,45.15},1","e":[]},"Z7":{"st":"1,{1,0,0,1,44.95,61.25},1","c":"0,1,0,1,0.17,1,0"},"Z4":{"st":"2,{1,0,0,1,21.8,52.55},0.64","c":"0,1,0,1,0.17,1,0"}},"frameNumber":13},{"state":{"Z5":{"st":"3,{1,0,0,1,57.6,52.8},0.64","c":"0,1,0,1,0.14,1,0"},"Z2":{"c":"0,1,0,1,0.14,1,0","st":"0,{1,0,0,0.99,45,45.3},1","e":[]},"Z7":{"st":"1,{1,0,0,1,44.95,61.5},1","c":"0,1,0,1,0.14,1,0"},"Z4":{"st":"2,{1,0,0,1,21.8,52.8},0.64","c":"0,1,0,1,0.14,1,0"}},"frameNumber":14},{"state":{"Z5":{"st":"3,{1,0,0,1,57.6,53},0.64","c":"0,1,0,1,0.11,1,0"},"Z2":{"c":"0,1,0,1,0.11,1,0","st":"0,{1,0,0,0.99,45,45.4},1","e":[]},"Z7":{"st":"1,{1,0,0,1,44.95,61.7},1","c":"0,1,0,1,0.11,1,0"},"Z4":{"st":"2,{1,0,0,1,21.8,53},0.64","c":"0,1,0,1,0.11,1,0"}},"frameNumber":15},{"state":{"Z5":{"st":"3,{1,0,0,1,57.6,53.2},0.64","c":"0,1,0,1,0.08,1,0"},"Z2":{"c":"0,1,0,1,0.08,1,0","st":"0,{1,0,0,0.99,45,45.55},1","e":[]},"Z7":{"st":"1,{1,0,0,1,44.95,61.9},1","c":"0,1,0,1,0.08,1,0"},"Z4":{"st":"2,{1,0,0,1,21.8,53.2},0.64","c":"0,1,0,1,0.08,1,0"}},"frameNumber":16},{"state":{"Z5":{"st":"3,{1,0,0,1,57.6,53.4},0.64","c":"0,1,0,1,0.05,1,0"},"Z2":{"c":"0,1,0,1,0.05,1,0","st":"0,{1,0,0,0.98,45,45.7},1","e":[]},"Z7":{"st":"1,{1,0,0,1,44.95,62.1},1","c":"0,1,0,1,0.05,1,0"},"Z4":{"st":"2,{1,0,0,1,21.8,53.4},0.64","c":"0,1,0,1,0.05,1,0"}},"frameNumber":17},{"state":{"Z5":{"st":"3,{1,0,0,1,57.6,53.65},0.64","c":"0,1,0,1,0.03,1,0"},"Z2":{"c":"0,1,0,1,0.03,1,0","st":"0,{1,0,0,0.98,45,45.85},1","e":[]},"Z7":{"st":"1,{1,0,0,1,44.95,62.35},1","c":"0,1,0,1,0.03,1,0"},"Z4":{"st":"2,{1,0,0,1,21.8,53.65},0.64","c":"0,1,0,1,0.03,1,0"}},"frameNumber":18},{"state":{"Z5":{"st":"3,{1,0,0,1,57.6,53.85},0.64"},"Z2":{"st":"0,{1,0,0,0.98,45,46},1","e":[]},"Z7":{"st":"1,{1,0,0,1,44.95,62.55},1"},"Z4":{"st":"2,{1,0,0,1,21.8,53.85},0.64"}},"frameNumber":19}],"animationSequences":[{"endFrameNo":1,"id":"idle","startFrameNo":1},{"endFrameNo":2,"id":"selected","startFrameNo":2},{"endFrameNo":3,"id":"fear","startFrameNo":3},{"endFrameNo":4,"id":"fear_selected","startFrameNo":4},{"endFrameNo":18,"id":"super","startFrameNo":5}],"animationMasks":{}}