{"version":"2.5","namedParts":{},"animationObjects":{"Z5":"A4","Z4":"A3","Z3":"A2","Z2":"A1","Z1":"A0","Z6":"A5"},"animationFrameCount":30,"textureAtlas":[{"elements":[{"pivotY":-24,"scale":1,"x":177,"height":51,"y":0,"pivotX":-21,"name":"A0","atlasID":1,"width":51},{"pivotY":2,"scale":1,"x":592,"height":80,"y":139,"pivotX":2,"name":"A1","atlasID":1,"width":90},{"pivotY":2,"scale":1,"x":862,"height":17,"y":28,"pivotX":2,"name":"A2","atlasID":1,"width":42},{"pivotY":54,"scale":1,"x":924,"height":22,"y":30,"pivotX":27,"name":"A3","atlasID":1,"width":53},{"pivotY":3,"scale":1,"x":823,"height":27,"y":26,"pivotX":3,"name":"A4","atlasID":1,"width":27},{"pivotY":55,"scale":1,"x":0,"height":41,"y":967,"pivotX":28,"name":"A5","atlasID":1,"width":57}],"atlases":[{"id":1,"sources":[{"csf":1,"source":"atlas1.png"},{"csf":2,"source":"atlas2.png"}]}],"scale":1}],"animationConfigFrames":[{"state":{"Z2":{"st":"1,{1,0,0,1,7.26,5.62},1"},"Z1":{"st":"0,{0.76,0,0,0.49,18.35,63.5},0.5","e":[{"y":"7","t":"Fblur","x":"7"}]},"Z3":{"st":"2,{1,0,0,0.14,30.75,62.15},1"}},"frameNumber":1},{"state":{"Z2":{"st":"1,{1,0,0,1,7.26,5.47},1","c":"0,0.98,0.02,0.98,0.01,0.98,0"},"Z1":{"st":"0,{0.75,0,0,0.48,18.8,63.8},0.5","e":[{"y":"7","t":"Fblur","x":"7"}]},"Z3":{"st":"2,{0.87,0,0,0.45,33.1,52.05},1"}},"frameNumber":2},{"state":{"Z2":{"st":"1,{1,0,0,1,7.26,5.32},1","c":"0,0.96,0.04,0.96,0.03,0.96,0"},"Z1":{"st":"0,{0.74,0,0,0.48,19.2,64.1},0.5","e":[{"y":"7","t":"Fblur","x":"7"}]},"Z3":{"st":"2,{0.88,0,0,1,33.15,43.65},1"}},"frameNumber":3},{"state":{"Z2":{"st":"1,{1,0,0,1,7.26,5.17},1","c":"0,0.94,0.06,0.94,0.04,0.94,0"},"Z1":{"st":"0,{0.73,0,0,0.47,19.65,64.35},0.5","e":[{"y":"7","t":"Fblur","x":"7"}]},"Z3":{"st":"2,{0.76,0,0,0.68,35.25,40.95},1"}},"frameNumber":4},{"state":{"Z2":{"st":"1,{1,0,0,1,7.26,5.02},1","c":"0,0.91,0.09,0.91,0.05,0.91,0"},"Z1":{"st":"0,{0.72,0,0,0.47,20.05,64.65},0.5","e":[{"y":"7","t":"Fblur","x":"7"}]},"Z3":{"st":"2,{0.73,0,0,0.24,35.6,40.5},1"}},"frameNumber":5},{"state":{"Z5":{"st":"3,{0.43,0,0,0.43,45.4,2.3},0.3"},"Z2":{"st":"1,{1,0,0,1,7.26,4.87},1","c":"0,0.89,0.11,0.89,0.06,0.89,0"},"Z4":{"st":"2,{1,0,0,0.91,48.55,74.35},1"},"Z1":{"st":"0,{0.71,0,0,0.46,20.5,64.95},0.5","e":[{"y":"7","t":"Fblur","x":"7"}]},"Z3":{"st":"2,{0.73,0,0,0.24,35.6,40.5},0"}},"frameNumber":6},{"state":{"Z5":{"st":"3,{0.51,0,0,0.51,44.45,1.35},0.4"},"Z2":{"st":"1,{1,0,0,1,7.26,4.72},1","c":"0,0.87,0.13,0.87,0.08,0.87,0"},"Z4":{"st":"2,{1,0,0,0.91,48.55,74.35},0"},"Z1":{"st":"0,{0.7,0,0,0.46,20.95,65.25},0.5","e":[{"y":"7","t":"Fblur","x":"7"}]},"Z6":{"st":"2,{1,0,0,1,48.9,59.2},1"}},"frameNumber":7},{"state":{"Z5":{"st":"3,{0.59,0,0,0.59,43.55,0.45},0.5"},"Z2":{"st":"1,{1,0,0,1,7.26,4.62},1","c":"0,0.85,0.15,0.85,0.09,0.85,0"},"Z4":{"st":"2,{0.86,0,0,1,48.9,59.2},1"},"Z1":{"st":"0,{0.69,0,0,0.45,21.35,65.55},0.5","e":[{"y":"7","t":"Fblur","x":"7"}]},"Z6":{"st":"2,{1,0,0,1,48.9,59.2},0"}},"frameNumber":8},{"state":{"Z5":{"st":"2,{0.67,0,0,0.67,42.55,-0.55},0.6"},"Z2":{"st":"1,{1,0,0,1,7.26,4.47},1","c":"0,0.83,0.17,0.83,0.1,0.83,0"},"Z4":{"st":"2,{0.86,0,0,1,48.9,59.2},0"},"Z1":{"st":"0,{0.68,0,0,0.44,21.8,65.8},0.5","e":[{"y":"7","t":"Fblur","x":"7"}]}},"frameNumber":9},{"state":{"Z5":{"st":"2,{0.76,0,0,0.76,41.65,-1.45},0.7"},"Z2":{"st":"1,{1,0,0,1,7.26,4.32},1","c":"0,0.81,0.19,0.81,0.12,0.81,0"},"Z1":{"st":"0,{0.67,0,0,0.44,22.2,66.1},0.5","e":[{"y":"7","t":"Fblur","x":"7"}]}},"frameNumber":10},{"state":{"Z5":{"st":"2,{0.84,0,0,0.84,40.7,-2.4},0.8"},"Z2":{"st":"1,{1,0,0,1,7.26,4.17},1","c":"0,0.79,0.22,0.79,0.13,0.79,0"},"Z1":{"st":"0,{0.66,0,0,0.43,22.65,66.4},0.5","e":[{"y":"7","t":"Fblur","x":"7"}]}},"frameNumber":11},{"state":{"Z5":{"st":"2,{0.92,0,0,0.92,39.75,-3.35},0.9"},"Z2":{"st":"1,{1,0,0,1,7.26,4.02},1","c":"0,0.76,0.24,0.76,0.14,0.76,0"},"Z1":{"st":"0,{0.66,0,0,0.43,23.1,66.7},0.5","e":[{"y":"7","t":"Fblur","x":"7"}]}},"frameNumber":12},{"state":{"Z5":{"st":"2,{1,0,0,1,38.85,-4.25},1"},"Z2":{"st":"1,{1,0,0,1,7.26,3.87},1","c":"0,0.74,0.26,0.74,0.15,0.74,0"},"Z1":{"st":"0,{0.65,0,0,0.42,23.5,67},0.5","e":[{"y":"7","t":"Fblur","x":"7"}]}},"frameNumber":13},{"state":{"Z5":{"st":"2,{0.86,0,0,0.86,40.5,-2.6},0.82"},"Z2":{"st":"1,{1,0,0,1,7.26,3.72},1","c":"0,0.72,0.28,0.72,0.17,0.72,0"},"Z1":{"st":"0,{0.64,0,0,0.41,23.95,67.25},0.5","e":[{"y":"7","t":"Fblur","x":"7"}]}},"frameNumber":14},{"state":{"Z5":{"st":"2,{0.71,0,0,0.71,42.1,-1},0.65"},"Z2":{"st":"1,{1,0,0,1,7.26,3.52},1","c":"0,0.7,0.3,0.7,0.18,0.7,0"},"Z1":{"st":"0,{0.63,0,0,0.41,24.4,67.55},0.5","e":[{"y":"7","t":"Fblur","x":"7"}]}},"frameNumber":15},{"state":{"Z5":{"st":"2,{0.57,0,0,0.57,43.75,0.65},0.48"},"Z2":{"st":"1,{1,0,0,1,7.26,3.67},1","c":"0,0.72,0.28,0.72,0.17,0.72,0"},"Z1":{"st":"0,{0.64,0,0,0.41,24.05,67.25},0.5","e":[{"y":"7","t":"Fblur","x":"7"}]}},"frameNumber":16},{"state":{"Z5":{"st":"2,{0.43,0,0,0.43,45.4,2.3},0.3"},"Z2":{"st":"1,{1,0,0,1,7.26,3.77},1","c":"0,0.74,0.26,0.74,0.16,0.74,0"},"Z1":{"st":"0,{0.65,0,0,0.42,23.6,67},0.5","e":[{"y":"7","t":"Fblur","x":"7"}]}},"frameNumber":17},{"state":{"Z5":{"st":"2,{0.43,0,0,0.43,45.4,2.3},0"},"Z2":{"st":"1,{1,0,0,1,7.26,3.92},1","c":"0,0.76,0.24,0.76,0.15,0.76,0"},"Z1":{"st":"0,{0.65,0,0,0.42,23.2,66.7},0.5","e":[{"y":"7","t":"Fblur","x":"7"}]}},"frameNumber":18},{"state":{"Z1":{"st":"0,{0.66,0,0,0.43,22.8,66.5},0.5","e":[{"y":"7","t":"Fblur","x":"7"}]},"Z2":{"st":"1,{1,0,0,1,7.26,4.07},1","c":"0,0.78,0.22,0.78,0.13,0.78,0"}},"frameNumber":19},{"state":{"Z1":{"st":"0,{0.67,0,0,0.44,22.4,66.2},0.5","e":[{"y":"7","t":"Fblur","x":"7"}]},"Z2":{"st":"1,{1,0,0,1,7.26,4.22},1","c":"0,0.8,0.2,0.8,0.12,0.8,0"}},"frameNumber":20},{"state":{"Z1":{"st":"0,{0.68,0,0,0.44,22,65.95},0.5","e":[{"y":"7","t":"Fblur","x":"7"}]},"Z2":{"st":"1,{1,0,0,1,7.26,4.32},1","c":"0,0.82,0.18,0.82,0.11,0.82,0"}},"frameNumber":21},{"state":{"Z1":{"st":"0,{0.69,0,0,0.45,21.6,65.65},0.5","e":[{"y":"7","t":"Fblur","x":"7"}]},"Z2":{"st":"1,{1,0,0,1,7.26,4.47},1","c":"0,0.84,0.16,0.84,0.1,0.84,0"}},"frameNumber":22},{"state":{"Z1":{"st":"0,{0.7,0,0,0.45,21.2,65.4},0.5","e":[{"y":"7","t":"Fblur","x":"7"}]},"Z2":{"st":"1,{1,0,0,1,7.26,4.62},1","c":"0,0.86,0.14,0.86,0.08,0.86,0"}},"frameNumber":23},{"state":{"Z1":{"st":"0,{0.7,0,0,0.46,20.8,65.1},0.5","e":[{"y":"7","t":"Fblur","x":"7"}]},"Z2":{"st":"1,{1,0,0,1,7.26,4.77},1","c":"0,0.88,0.12,0.88,0.07,0.88,0"}},"frameNumber":24},{"state":{"Z1":{"st":"0,{0.71,0,0,0.46,20.4,64.85},0.5","e":[{"y":"7","t":"Fblur","x":"7"}]},"Z2":{"st":"1,{1,0,0,1,7.26,4.87},1","c":"0,0.9,0.1,0.9,0.06,0.9,0"}},"frameNumber":25},{"state":{"Z1":{"st":"0,{0.72,0,0,0.47,20,64.55},0.5","e":[{"y":"7","t":"Fblur","x":"7"}]},"Z2":{"st":"1,{1,0,0,1,7.26,5.02},1","c":"0,0.92,0.08,0.92,0.05,0.92,0"}},"frameNumber":26},{"state":{"Z1":{"st":"0,{0.73,0,0,0.47,19.6,64.35},0.5","e":[{"y":"7","t":"Fblur","x":"7"}]},"Z2":{"st":"1,{1,0,0,1,7.26,5.17},1","c":"0,0.94,0.06,0.94,0.04,0.94,0"}},"frameNumber":27},{"state":{"Z1":{"st":"0,{0.74,0,0,0.48,19.2,64.05},0.5","e":[{"y":"7","t":"Fblur","x":"7"}]},"Z2":{"st":"1,{1,0,0,1,7.26,5.32},1","c":"0,0.96,0.04,0.96,0.02,0.96,0"}},"frameNumber":28},{"state":{"Z1":{"st":"0,{0.75,0,0,0.49,18.8,63.75},0.5","e":[{"y":"7","t":"Fblur","x":"7"}]},"Z2":{"st":"1,{1,0,0,1,7.26,5.42},1","c":"0,0.98,0.02,0.98,0.01,0.98,0"}},"frameNumber":29},{"state":{"Z1":{"st":"0,{0.76,0,0,0.49,18.35,63.5},0.5","e":[{"y":"7","t":"Fblur","x":"7"}]},"Z2":{"st":"1,{1,0,0,1,7.26,5.62},1"}},"frameNumber":30}],"animationMasks":{}}