{"version":"2.5","namedParts":{},"animationObjects":{"Z9":"A3","Z14":"A5","Z8":"A3","Z11":"A3","Z10":"A3","Z7":"A3","Z18":"A6","Z6":"A2","Z13":"A4","Z16":"A6","Z5":"A1","Z17":"A6","Z4":"A1","Z21":"A6","Z3":"A1","Z20":"A6","Z2":"A1","Z1":"A0","Z12":"A3","Z19":"A6","Z15":"A6"},"animationFrameCount":38,"textureAtlas":[{"elements":[{"pivotY":-30,"scale":1,"x":677,"height":37,"y":62,"pivotX":4,"name":"A0","atlasID":1,"width":84},{"pivotY":2,"scale":1,"x":62,"height":12,"y":43,"pivotX":2,"name":"A1","atlasID":1,"width":10},{"pivotY":2,"scale":1,"x":466,"height":13,"y":40,"pivotX":2,"name":"A2","atlasID":1,"width":13},{"pivotY":2,"scale":1,"x":589,"height":27,"y":28,"pivotX":2,"name":"A3","atlasID":1,"width":18},{"pivotY":32,"scale":1,"x":0,"height":63,"y":157,"pivotX":28,"name":"A4","atlasID":1,"width":55},{"pivotY":2,"scale":1,"x":800,"height":18,"y":41,"pivotX":2,"name":"A5","atlasID":1,"width":19},{"pivotY":4,"scale":1,"x":862,"height":15,"y":45,"pivotX":4,"name":"A6","atlasID":1,"width":16}],"atlases":[{"id":1,"sources":[{"csf":1,"source":"atlas1.png"},{"csf":2,"source":"atlas2.png"}]}],"scale":1}],"animationConfigFrames":[{"state":{"Z5":{"st":"4,{0.32,0,0,0.32,56,15.15},1"},"Z2":{"st":"1,{1,0,0,1,75.1,31.2},1"},"Z4":{"st":"3,{0.32,0,0,0.32,28.75,19.85},1"},"Z1":{"st":"0,{1,0,0,1,5.85,25.35},1"},"Z3":{"st":"2,{1,0,0,1,10.15,30.15},1"}},"frameNumber":1},{"state":{"Z5":{"st":"4,{0.49,0,0,0.49,55.5,15.3},1"},"Z2":{"st":"1,{1,0,0,1,75.1,33.95},1"},"Z4":{"st":"3,{0.49,0,0,0.49,28.25,20},1"},"Z3":{"st":"2,{1,0,0,1,10.15,32.9},1"}},"frameNumber":2},{"state":{"Z5":{"st":"4,{0.66,0,0,0.66,55,15.45},1"},"Z2":{"st":"1,{1,0,0,1,75.1,36.65},1"},"Z4":{"st":"3,{0.66,0,0,0.66,27.75,20.15},1"},"Z3":{"st":"2,{1,0,0,1,10.15,35.6},1"}},"frameNumber":3},{"state":{"Z5":{"st":"4,{0.83,0,0,0.83,54.5,15.65},1"},"Z2":{"st":"1,{1,0,0,1,75.1,39.35},1"},"Z4":{"st":"3,{0.83,0,0,0.83,27.25,20.35},1"},"Z3":{"st":"2,{1,0,0,1,10.15,38.3},1"}},"frameNumber":4},{"state":{"Z5":{"st":"4,{1,0,0,1,54,15.8},1"},"Z2":{"st":"1,{1,0,0,1,75.1,42.05},1"},"Z4":{"st":"3,{1,0,0,1,26.75,20.5},1"},"Z3":{"st":"2,{1,0,0,1,10.15,41},1"}},"frameNumber":5},{"state":{"Z5":{"st":"4,{1,0,0,1,54,18.55},1"},"Z2":{"st":"1,{1,0,0,1,75.1,44.75},1"},"Z4":{"st":"3,{1,0,0,1,26.75,23.25},1"},"Z3":{"st":"2,{1,0,0,1,10.15,43.7},1"}},"frameNumber":6},{"state":{"Z5":{"st":"4,{1,0,0,1,54,21.25},1"},"Z2":{"st":"1,{1,0,0,1,75.1,47.5},1"},"Z4":{"st":"3,{1,0,0,1,26.75,25.95},1"},"Z3":{"st":"2,{1,0,0,1,10.15,46.45},1"}},"frameNumber":7},{"state":{"Z5":{"st":"4,{1,0,0,1,54,23.95},1"},"Z2":{"st":"1,{0.91,0,0,0.91,75.4,48.65},0.75"},"Z4":{"st":"3,{1,0,0,1,26.75,28.65},1"},"Z3":{"st":"2,{0.91,0,0,0.91,10.45,47.6},0.75"}},"frameNumber":8},{"state":{"Z5":{"st":"4,{1,0,0,1,54,26.65},1"},"Z2":{"st":"1,{0.81,0,0,0.81,75.65,49.75},0.5"},"Z4":{"st":"3,{1,0,0,1,26.75,31.35},1"},"Z3":{"st":"2,{0.81,0,0,0.81,10.7,48.7},0.5"}},"frameNumber":9},{"state":{"Z5":{"st":"4,{1,0,0,1,54,29.35},1"},"Z2":{"st":"1,{0.72,0,0,0.72,75.95,50.8},0.25"},"Z4":{"st":"3,{1,0,0,1,26.75,34.05},1"},"Z3":{"st":"2,{0.72,0,0,0.72,11,49.75},0.25"}},"frameNumber":10},{"state":{"Z5":{"st":"4,{1,0,0,1,54,32.1},1"},"Z2":{"st":"1,{0.63,0,0,0.63,76.2,51.95},0"},"Z4":{"st":"3,{1,0,0,1,26.75,36.8},1"},"Z3":{"st":"2,{0.63,0,0,0.63,11.25,50.9},0"}},"frameNumber":11},{"state":{"Z5":{"st":"4,{1,0,0,1,54,32.1},0"},"Z2":{"st":"1,{0.91,0,0,0.91,27.05,37.95},0.75"},"Z4":{"st":"3,{1,0,0,1,26.75,36.8},0"},"Z3":{"st":"2,{0.91,0,0,0.91,54.3,33.25},0.75"}},"frameNumber":12},{"state":{"Z2":{"st":"1,{0.81,0,0,0.81,27.3,39.05},0.5"},"Z3":{"st":"2,{0.81,0,0,0.81,54.55,34.35},0.5"}},"frameNumber":13},{"state":{"Z2":{"st":"1,{0.72,0,0,0.72,27.6,40.1},0.25"},"Z3":{"st":"2,{0.72,0,0,0.72,54.85,35.4},0.25"}},"frameNumber":14},{"state":{"Z2":{"st":"1,{0.63,0,0,0.63,27.85,41.25},0"},"Z3":{"st":"2,{0.63,0,0,0.63,55.1,36.55},0"}},"frameNumber":15},{"state":{"Z2":{"st":"1,{0.63,0,0,0.63,27.85,41.25},0"},"Z1":{"st":"0,{1,0,0,1,5.85,24.9},1"},"Z3":{"st":"2,{0.63,0,0,0.63,55.1,36.55},0"}},"frameNumber":16},{"state":{"Z1":{"st":"0,{0.98,0,0,0.96,6.7,25.95},1"}},"frameNumber":17},{"state":{"Z9":{"st":"4,{-0.06,0.52,-0.52,-0.06,63.4,70.05},1"},"Z12":{"st":"7,{-0.01,-0.6,0.6,-0.01,25.45,73.2},1"},"Z8":{"st":"3,{0.24,0.42,-0.42,0.24,59.2,56.75},1"},"Z11":{"st":"6,{-0.36,-0.38,0.38,-0.36,34.25,87.4},1"},"Z10":{"st":"5,{-0.41,0.33,-0.33,-0.41,58.4,82.5},1"},"Z7":{"st":"2,{0.52,0,0,0.52,40.6,50.6},1"},"Z1":{"st":"0,{0.96,0,0,0.93,7.55,26.95},1"},"Z6":{"st":"1,{1,0,0,1,28.1,54.9},1"},"Z13":{"st":"8,{0.48,0,0,0.48,44.75,68.75},0.5"}},"frameNumber":18},{"state":{"Z6":{"st":"1,{1,0,0,1,28.1,54.9},0"},"Z9":{"st":"4,{-0.1,0.87,-0.87,-0.1,76.3,70.75},1"},"Z14":{"st":"1,{1,0,0,1,17.1,45.4},1"},"Z8":{"st":"3,{0.41,0.7,-0.7,0.41,69.25,48.45},1"},"Z11":{"st":"6,{-0.61,-0.64,0.64,-0.61,27.45,99.85},1"},"Z10":{"st":"5,{-0.68,0.56,-0.56,-0.68,67.85,91.65},1"},"Z7":{"st":"2,{0.87,0,0,0.87,38.1,38.2},1"},"Z1":{"st":"0,{0.97,0,0,0.95,6.95,26.25},1"},"Z12":{"st":"7,{-0.02,-1,1,-0.02,12.7,76},1"},"Z13":{"st":"8,{0.53,0.06,-0.06,0.53,44.75,68.75},0.63"}},"frameNumber":19},{"state":{"Z20":{"st":"6,{-0.06,0.84,-0.84,-0.06,67.15,90.7},1"},"Z14":{"st":"1,{1,0,0,1,17.1,45.4},0"},"Z8":{"st":"3,{0.41,0.7,-0.7,0.41,69.25,48.45},0"},"Z11":{"st":"6,{-0.61,-0.64,0.64,-0.61,27.45,99.85},0"},"Z17":{"st":"3,{0.77,0.16,-0.16,0.77,69.7,49.35},1"},"Z7":{"st":"2,{0.87,0,0,0.87,38.1,38.2},0"},"Z21":{"st":"7,{0.71,-0.35,0.35,0.71,40.55,37.8},1"},"Z13":{"st":"8,{0.58,0.13,-0.13,0.58,44.75,68.75},0.75"},"Z16":{"st":"2,{-0.73,0.68,0.68,0.73,16.5,62.9},1"},"Z10":{"st":"5,{-0.68,0.56,-0.56,-0.68,67.85,91.65},0"},"Z18":{"st":"4,{-0.74,0.16,0.16,0.74,23,43.95},1"},"Z9":{"st":"4,{-0.1,0.87,-0.87,-0.1,76.3,70.75},0"},"Z1":{"st":"0,{0.99,0,0,0.98,6.45,25.55},1"},"Z12":{"st":"7,{-0.02,-1,1,-0.02,12.7,76},0"},"Z19":{"st":"5,{-0.12,0.83,0.83,0.12,24.2,89.6},1"},"Z15":{"st":"1,{0.53,0.74,-0.74,0.53,74.95,71.05},1"}},"frameNumber":20},{"state":{"Z21":{"st":"7,{0.64,-0.31,0.31,0.64,40.8,35.9},1"},"Z18":{"st":"4,{-0.67,0.14,0.14,0.67,21.8,42.6},1"},"Z13":{"st":"8,{0.62,0.21,-0.21,0.62,44.75,68.75},0.88"},"Z16":{"st":"2,{-0.66,0.61,0.61,0.66,14.25,62.25},1"},"Z17":{"st":"3,{0.7,0.15,-0.15,0.7,71,47.95},1"},"Z1":{"st":"0,{1,0,0,1,5.85,24.9},1"},"Z20":{"st":"6,{-0.05,0.75,-0.75,-0.05,68.8,91.9},1"},"Z19":{"st":"5,{-0.11,0.75,0.75,0.11,22.4,90.35},1"},"Z15":{"st":"1,{0.48,0.67,-0.67,0.48,77.15,70.85},1"}},"frameNumber":21},{"state":{"Z20":{"st":"6,{-0.05,0.67,-0.67,-0.05,70,93.6},1"},"Z13":{"st":"8,{0.65,0.3,-0.3,0.65,44.75,68.75},1"},"Z16":{"st":"2,{-0.59,0.55,0.55,0.59,11.6,62.35},1"},"Z17":{"st":"3,{0.62,0.13,-0.13,0.62,72.8,46.95},1"},"Z18":{"st":"4,{-0.6,0.12,0.12,0.6,20.05,41.7},1"},"Z21":{"st":"7,{0.57,-0.28,0.28,0.57,41.6,34.1},1"},"Z19":{"st":"5,{-0.09,0.66,0.66,0.09,20.75,91.8},1"},"Z15":{"st":"1,{0.43,0.59,-0.59,0.43,79.45,71.45},1"}},"frameNumber":22},{"state":{"Z20":{"st":"6,{-0.04,0.59,-0.59,-0.04,70.95,95.7},1"},"Z13":{"st":"8,{0.53,0.33,-0.33,0.53,44.75,68.75},1"},"Z16":{"st":"2,{-0.51,0.48,0.48,0.51,9.05,63.05},1"},"Z17":{"st":"3,{0.54,0.11,-0.11,0.54,74.9,46.4},1"},"Z18":{"st":"4,{-0.52,0.11,0.11,0.52,18.05,41.15},1"},"Z21":{"st":"7,{0.5,-0.24,0.24,0.5,42.85,32.3},1"},"Z19":{"st":"5,{-0.08,0.58,0.58,0.08,19.45,93.65},1"},"Z15":{"st":"1,{0.37,0.52,-0.52,0.37,81.6,72.6},1"}},"frameNumber":23},{"state":{"Z20":{"st":"6,{-0.03,0.5,-0.5,-0.03,71.4,98.05},1"},"Z13":{"st":"8,{0.41,0.34,-0.34,0.41,44.75,68.75},1"},"Z16":{"st":"2,{-0.44,0.41,0.41,0.44,6.5,64.4},1"},"Z17":{"st":"3,{0.47,0.1,-0.1,0.47,77.15,46.2},1"},"Z18":{"st":"4,{-0.45,0.09,0.09,0.45,15.9,41},1"},"Z21":{"st":"7,{0.43,-0.21,0.21,0.43,44.55,30.85},1"},"Z19":{"st":"5,{-0.07,0.5,0.5,0.07,18.55,95.8},1"},"Z15":{"st":"1,{0.32,0.45,-0.45,0.32,83.6,74.2},1"}},"frameNumber":24},{"state":{"Z20":{"st":"6,{-0.03,0.42,-0.42,-0.03,71.3,100.55},1"},"Z13":{"st":"8,{0.3,0.33,-0.33,0.3,44.75,68.75},1"},"Z16":{"st":"2,{-0.37,0.34,0.34,0.37,4.3,66.3},1"},"Z17":{"st":"3,{0.39,0.08,-0.08,0.39,79.45,46.65},1"},"Z18":{"st":"4,{-0.37,0.08,0.08,0.37,13.7,41.35},1"},"Z21":{"st":"7,{0.36,-0.18,0.18,0.36,46.55,29.7},1"},"Z19":{"st":"5,{-0.06,0.42,0.42,0.06,18.05,98.3},1"},"Z15":{"st":"1,{0.27,0.37,-0.37,0.27,85.3,76.25},1"}},"frameNumber":25},{"state":{"Z20":{"st":"6,{-0.02,0.34,-0.34,-0.02,70.55,103},1"},"Z13":{"st":"8,{0.21,0.29,-0.29,0.21,44.75,68.75},1"},"Z16":{"st":"2,{-0.3,0.28,0.28,0.3,2.5,68.95},1"},"Z17":{"st":"3,{0.31,0.07,-0.07,0.31,81.65,47.75},1"},"Z18":{"st":"4,{-0.3,0.06,0.06,0.3,11.55,42.4},1"},"Z21":{"st":"7,{0.29,-0.14,0.14,0.29,49,29.2},1"},"Z19":{"st":"5,{-0.05,0.34,0.34,0.05,18.35,101},1"},"Z15":{"st":"1,{0.22,0.3,-0.3,0.22,86.4,78.9},1"}},"frameNumber":26},{"state":{"Z20":{"st":"6,{-0.02,0.25,-0.25,-0.02,69.15,105.35},1"},"Z13":{"st":"8,{0.21,0.29,-0.29,0.21,44.75,68.75},0"},"Z16":{"st":"2,{-0.22,0.21,0.21,0.22,1.4,72},1"},"Z17":{"st":"3,{0.24,0.05,-0.05,0.24,83.7,49.3},1"},"Z18":{"st":"4,{-0.23,0.05,0.05,0.23,9.6,43.95},1"},"Z21":{"st":"7,{0.22,-0.11,0.11,0.22,51.55,29.25},1"},"Z19":{"st":"5,{-0.04,0.25,0.25,0.04,19.2,103.55},1"},"Z15":{"st":"1,{0.16,0.23,-0.23,0.16,86.85,81.85},1"}},"frameNumber":27},{"state":{"Z20":{"st":"6,{-0.02,0.25,-0.25,-0.02,69.15,105.35},0"},"Z16":{"st":"2,{-0.22,0.21,0.21,0.22,1.4,72},0"},"Z17":{"st":"3,{0.24,0.05,-0.05,0.24,83.7,49.3},0"},"Z18":{"st":"4,{-0.23,0.05,0.05,0.23,9.6,43.95},0"},"Z21":{"st":"7,{0.22,-0.11,0.11,0.22,51.55,29.25},0"},"Z19":{"st":"5,{-0.04,0.25,0.25,0.04,19.2,103.55},0"},"Z15":{"st":"1,{0.16,0.23,-0.23,0.16,86.85,81.85},0"}},"frameNumber":28},{"state":{"Z1":{"st":"0,{0.99,0,0,0.95,6.2,27.7},0.91"}},"frameNumber":30},{"state":{"Z1":{"st":"0,{0.98,0,0,0.9,6.6,30.45},0.83"}},"frameNumber":31},{"state":{"Z1":{"st":"0,{0.97,0,0,0.85,7,33.3},0.74"}},"frameNumber":32},{"state":{"Z1":{"st":"0,{0.96,0,0,0.81,7.4,36.1},0.66"}},"frameNumber":33},{"state":{"Z1":{"st":"0,{0.95,0,0,0.76,7.75,38.85},0.57"}},"frameNumber":34},{"state":{"Z1":{"st":"0,{0.94,0,0,0.68,8.4,43.45},0.43"}},"frameNumber":35},{"state":{"Z1":{"st":"0,{0.92,0,0,0.6,9.05,48.15},0.29"}},"frameNumber":36},{"state":{"Z1":{"st":"0,{0.9,0,0,0.52,9.7,52.8},0.14"}},"frameNumber":37},{"state":{"Z1":{"st":"0,{0.89,0,0,0.44,10.35,57.35},0"}},"frameNumber":38}],"animationSequences":[{"endFrameNo":15,"id":"idle","startFrameNo":1},{"endFrameNo":28,"id":"hit","startFrameNo":16},{"endFrameNo":37,"id":"vanish","startFrameNo":29}],"animationMasks":{}}