{"version":"2.5","namedParts":{},"animationObjects":{"Z30":"A19","Z9":"A8","Z8":"A7","Z11":"A10","Z7":"A6","Z21":"A17","Z6":"A5","Z22":"A17","Z5":"A4","Z4":"A3","Z32":"A20","Z3":"A2","Z33":"A20","Z2":"A1","Z23":"A17","Z20":"A16","Z15":"A11","Z24":"A17","Z31":"A20","Z1":"A0","Z14":"A10","Z26":"A17","Z10":"A9","Z25":"A17","Z18":"A14","Z13":"A10","Z16":"A12","Z17":"A13","Z27":"A17","Z28":"A17","Z12":"A10","Z29":"A18"},"animationFrameCount":92,"textureAtlas":[{"elements":[{"pivotY":2,"scale":1,"x":987,"height":32,"y":0,"pivotX":-33,"name":"A0","atlasID":1,"width":29},{"pivotY":2,"scale":1,"x":62,"height":10,"y":33,"pivotX":2,"name":"A1","atlasID":1,"width":9},{"pivotY":2,"scale":1,"x":55,"height":32,"y":157,"pivotX":2,"name":"A2","atlasID":1,"width":28},{"pivotY":2,"scale":1,"x":62,"height":10,"y":33,"pivotX":2,"name":"A3","atlasID":1,"width":9},{"pivotY":-5,"scale":1,"x":263,"height":16,"y":62,"pivotX":-7,"name":"A4","atlasID":1,"width":46},{"pivotY":2,"scale":1,"x":800,"height":26,"y":15,"pivotX":4,"name":"A5","atlasID":1,"width":22},{"pivotY":46,"scale":1,"x":314,"height":94,"y":224,"pivotX":47,"name":"A6","atlasID":1,"width":94},{"pivotY":3,"scale":1,"x":309,"height":56,"y":62,"pivotX":3,"name":"A7","atlasID":1,"width":48},{"pivotY":20,"scale":1,"x":71,"height":8,"y":33,"pivotX":35,"name":"A8","atlasID":1,"width":9},{"pivotY":3,"scale":1,"x":357,"height":52,"y":62,"pivotX":3,"name":"A9","atlasID":1,"width":66},{"pivotY":2,"scale":1,"x":62,"height":12,"y":43,"pivotX":2,"name":"A10","atlasID":1,"width":10},{"pivotY":3,"scale":1,"x":423,"height":31,"y":62,"pivotX":3,"name":"A11","atlasID":1,"width":62},{"pivotY":3,"scale":1,"x":485,"height":32,"y":62,"pivotX":4,"name":"A12","atlasID":1,"width":65},{"pivotY":3,"scale":1,"x":423,"height":31,"y":62,"pivotX":3,"name":"A13","atlasID":1,"width":62},{"pivotY":2,"scale":1,"x":314,"height":97,"y":318,"pivotX":2,"name":"A14","atlasID":1,"width":100},{"pivotY":54,"scale":1,"x":414,"height":102,"y":318,"pivotX":57,"name":"A15","atlasID":1,"width":113},{"pivotY":47,"scale":1,"x":314,"height":94,"y":224,"pivotX":47,"name":"A16","atlasID":1,"width":94},{"pivotY":5,"scale":1,"x":987,"height":28,"y":32,"pivotX":4,"name":"A17","atlasID":1,"width":26},{"pivotY":15,"scale":1,"x":550,"height":29,"y":62,"pivotX":37,"name":"A18","atlasID":1,"width":73},{"pivotY":48,"scale":1,"x":314,"height":97,"y":318,"pivotX":49,"name":"A19","atlasID":1,"width":100},{"pivotY":31,"scale":1,"x":623,"height":62,"y":62,"pivotX":27,"name":"A20","atlasID":1,"width":54}],"atlases":[{"id":1,"sources":[{"csf":1,"source":"atlas1.png"},{"csf":2,"source":"atlas2.png"}]}],"scale":1}],"animationConfigFrames":[{"state":{"Z9":{"st":"8,{1,0,0,0.95,55,59.5},1"},"Z8":{"st":"7,{1,0,0,0.95,15.25,18.7},0.42"},"Z11":{"st":"10,{0.32,0,0,0.32,86.6,40.05},1"},"Z10":{"st":"9,{1,0,0,0.95,36.2,55.1},0.16"},"Z7":{"st":"6,{1,0,0,1,55,58.5},1"},"Z6":{"st":"5,{1,0,0,0.95,57.75,20.35},0.16"},"Z5":{"st":"4,{0.94,0,0,0.8,27,56.3},1"},"Z4":{"st":"3,{-0.94,0,0,0.8,43.05,61.45},0.64"},"Z3":{"st":"2,{0.94,0,0,0.8,27,56.3},1"},"Z2":{"st":"1,{-0.94,0,0,0.8,77.1,62.1},0.64"},"Z1":{"st":"0,{0.94,0,0,0.8,27,56.3},1"},"Z12":{"st":"11,{0.32,0,0,0.32,21.65,39},1"}},"frameNumber":1},{"state":{"Z11":{"st":"10,{0.49,0,0,0.49,86.1,40.2},1"},"Z12":{"st":"11,{0.49,0,0,0.49,21.15,39.15},1"}},"frameNumber":2},{"state":{"Z11":{"st":"10,{0.66,0,0,0.66,85.6,40.35},1"},"Z12":{"st":"11,{0.66,0,0,0.66,20.65,39.3},1"}},"frameNumber":3},{"state":{"Z11":{"st":"10,{0.83,0,0,0.83,85.1,40.55},1"},"Z12":{"st":"11,{0.83,0,0,0.83,20.15,39.5},1"}},"frameNumber":4},{"state":{"Z11":{"st":"10,{1,0,0,1,84.6,40.7},1"},"Z14":{"st":"13,{0.32,0,0,0.32,65.5,24.65},1"},"Z12":{"st":"11,{1,0,0,1,19.65,39.65},1"},"Z13":{"st":"12,{0.32,0,0,0.32,38.25,29.35},1"}},"frameNumber":5},{"state":{"Z11":{"st":"10,{1,0,0,1,84.6,41.7},1"},"Z14":{"st":"13,{0.49,0,0,0.49,65,24.8},1"},"Z12":{"st":"11,{1,0,0,1,19.65,40.65},1"},"Z13":{"st":"12,{0.49,0,0,0.49,37.75,29.5},1"}},"frameNumber":6},{"state":{"Z11":{"st":"10,{1,0,0,1,84.6,42.75},1"},"Z14":{"st":"13,{0.66,0,0,0.66,64.5,24.95},1"},"Z12":{"st":"11,{1,0,0,1,19.65,41.7},1"},"Z13":{"st":"12,{0.66,0,0,0.66,37.25,29.65},1"}},"frameNumber":7},{"state":{"Z9":{"st":"9,{1,0,0,0.95,55,59.5},1"},"Z12":{"st":"12,{1,0,0,1,19.65,42.7},1"},"Z14":{"st":"14,{0.83,0,0,0.83,64,25.15},1"},"Z8":{"st":"8,{1,0,0,0.95,15.25,18.7},0.42"},"Z11":{"st":"11,{1,0,0,1,84.6,43.75},1"},"Z10":{"st":"10,{1,0,0,0.95,36.2,55.1},0.16"},"Z7":{"st":"7,{1,0,0,1,55,58.5},1"},"Z6":{"st":"6,{1,0,0,0.95,57.75,20.35},0.16"},"Z13":{"st":"13,{0.83,0,0,0.83,36.75,29.85},1"},"Z15":{"st":"5,{0.98,0,0,0.82,27,56.3},1"}},"frameNumber":8},{"state":{"Z14":{"st":"14,{1,0,0,1,63.5,25.3},1"},"Z16":{"st":"5,{0.96,0,0,0.8,27,56.3},1"},"Z11":{"st":"11,{1,0,0,1,84.6,44.75},1"},"Z12":{"st":"12,{1,0,0,1,19.65,43.7},1"},"Z13":{"st":"13,{1,0,0,1,36.25,30},1"},"Z15":{"st":"5,{0.98,0,0,0.82,27,56.3},0"}},"frameNumber":9},{"state":{"Z11":{"st":"11,{1,0,0,1,84.6,45.8},1"},"Z14":{"st":"14,{1,0,0,1,63.5,26.3},1"},"Z12":{"st":"12,{1,0,0,1,19.65,44.75},1"},"Z13":{"st":"13,{1,0,0,1,36.25,31},1"}},"frameNumber":10},{"state":{"Z11":{"st":"11,{1,0,0,1,84.6,46.8},1"},"Z14":{"st":"14,{1,0,0,1,63.5,27.35},1"},"Z12":{"st":"12,{1,0,0,1,19.65,45.75},1"},"Z13":{"st":"13,{1,0,0,1,36.25,32.05},1"}},"frameNumber":11},{"state":{"Z14":{"st":"14,{1,0,0,1,63.5,28.35},1"},"Z11":{"st":"11,{1,0,0,1,84.6,47.85},1"},"Z17":{"st":"5,{0.98,0,0,0.82,27,56.3},1"},"Z12":{"st":"12,{1,0,0,1,19.65,46.8},1"},"Z13":{"st":"13,{1,0,0,1,36.25,33.05},1"},"Z16":{"st":"5,{0.96,0,0,0.8,27,56.3},0"}},"frameNumber":12},{"state":{"Z17":{"st":"5,{0.98,0,0,0.82,27,56.3},0"},"Z9":{"st":"8,{1,0,0,0.95,55,59.5},1"},"Z12":{"st":"11,{1,0,0,1,19.65,47.8},1"},"Z14":{"st":"13,{1,0,0,1,63.5,29.35},1"},"Z8":{"st":"7,{1,0,0,0.95,15.25,18.7},0.42"},"Z11":{"st":"10,{1,0,0,1,84.6,48.85},1"},"Z10":{"st":"9,{1,0,0,0.95,36.2,55.1},0.16"},"Z7":{"st":"6,{1,0,0,1,55,58.5},1"},"Z6":{"st":"5,{1,0,0,0.95,57.75,20.35},0.16"},"Z13":{"st":"12,{1,0,0,1,36.25,34.05},1"}},"frameNumber":13},{"state":{"Z11":{"st":"10,{1,0,0,1,84.6,49.9},1"},"Z14":{"st":"13,{1,0,0,1,63.5,30.4},1"},"Z12":{"st":"11,{1,0,0,1,19.65,48.85},1"},"Z13":{"st":"12,{1,0,0,1,36.25,35.1},1"}},"frameNumber":14},{"state":{"Z11":{"st":"10,{1,0,0,1,84.6,50.9},1"},"Z14":{"st":"13,{1,0,0,1,63.5,31.4},1"},"Z12":{"st":"11,{1,0,0,1,19.65,49.85},1"},"Z13":{"st":"12,{1,0,0,1,36.25,36.1},1"}},"frameNumber":15},{"state":{"Z11":{"st":"10,{1,0,0,1,84.6,51.9},1"},"Z14":{"st":"13,{1,0,0,1,63.5,32.45},1"},"Z12":{"st":"11,{1,0,0,1,19.65,50.85},1"},"Z13":{"st":"12,{1,0,0,1,36.25,37.15},1"}},"frameNumber":16},{"state":{"Z11":{"st":"10,{1,0,0,1,84.6,52.95},1"},"Z14":{"st":"13,{1,0,0,1,63.5,33.45},1"},"Z12":{"st":"11,{1,0,0,1,19.65,51.9},1"},"Z13":{"st":"12,{1,0,0,1,36.25,38.15},1"}},"frameNumber":17},{"state":{"Z11":{"st":"10,{1,0,0,1,84.6,53.95},1"},"Z14":{"st":"13,{1,0,0,1,63.5,34.5},1"},"Z12":{"st":"11,{1,0,0,1,19.65,52.9},1"},"Z13":{"st":"12,{1,0,0,1,36.25,39.2},1"}},"frameNumber":18},{"state":{"Z11":{"st":"10,{1,0,0,1,84.6,54.95},1"},"Z14":{"st":"13,{1,0,0,1,63.5,35.5},1"},"Z12":{"st":"11,{1,0,0,1,19.65,53.9},1"},"Z13":{"st":"12,{1,0,0,1,36.25,40.2},1"}},"frameNumber":19},{"state":{"Z11":{"st":"10,{1,0,0,1,84.6,56},1"},"Z14":{"st":"13,{1,0,0,1,63.5,36.5},1"},"Z12":{"st":"11,{1,0,0,1,19.65,54.95},1"},"Z13":{"st":"12,{1,0,0,1,36.25,41.2},1"}},"frameNumber":20},{"state":{"Z11":{"st":"10,{1,0,0,1,84.6,57},1"},"Z14":{"st":"13,{1,0,0,1,63.5,37.55},1"},"Z12":{"st":"11,{1,0,0,1,19.65,55.95},1"},"Z13":{"st":"12,{1,0,0,1,36.25,42.25},1"}},"frameNumber":21},{"state":{"Z11":{"st":"10,{0.91,0,0,0.91,84.9,58.15},0.75"},"Z14":{"st":"13,{1,0,0,1,63.5,38.55},1"},"Z12":{"st":"11,{0.91,0,0,0.91,19.95,57.1},0.75"},"Z13":{"st":"12,{1,0,0,1,36.25,43.25},1"}},"frameNumber":22},{"state":{"Z11":{"st":"10,{0.81,0,0,0.81,85.15,59.25},0.5"},"Z14":{"st":"13,{1,0,0,1,63.5,39.55},1"},"Z12":{"st":"11,{0.81,0,0,0.81,20.2,58.2},0.5"},"Z13":{"st":"12,{1,0,0,1,36.25,44.25},1"}},"frameNumber":23},{"state":{"Z11":{"st":"10,{0.72,0,0,0.72,85.45,60.3},0.25"},"Z14":{"st":"13,{1,0,0,1,63.5,40.6},1"},"Z12":{"st":"11,{0.72,0,0,0.72,20.5,59.25},0.25"},"Z13":{"st":"12,{1,0,0,1,36.25,45.3},1"}},"frameNumber":24},{"state":{"Z11":{"st":"10,{0.63,0,0,0.63,85.7,61.45},0"},"Z14":{"st":"13,{1,0,0,1,63.5,41.6},1"},"Z12":{"st":"11,{0.63,0,0,0.63,20.75,60.4},0"},"Z13":{"st":"12,{1,0,0,1,36.25,46.3},1"}},"frameNumber":25},{"state":{"Z11":{"st":"10,{0.91,0,0,0.91,36.55,47.45},0.75"},"Z14":{"st":"13,{1,0,0,1,63.5,41.6},0"},"Z12":{"st":"11,{0.91,0,0,0.91,63.8,42.75},0.75"},"Z13":{"st":"12,{1,0,0,1,36.25,46.3},0"}},"frameNumber":26},{"state":{"Z11":{"st":"10,{0.81,0,0,0.81,36.8,48.55},0.5"},"Z12":{"st":"11,{0.81,0,0,0.81,64.05,43.85},0.5"}},"frameNumber":27},{"state":{"Z9":{"st":"9,{1,0,0,0.95,55,59.5},1"},"Z12":{"st":"12,{0.72,0,0,0.72,64.35,44.9},0.25"},"Z8":{"st":"8,{1,0,0,0.95,15.25,18.7},0.42"},"Z11":{"st":"11,{0.72,0,0,0.72,37.1,49.6},0.25"},"Z10":{"st":"10,{1,0,0,0.95,36.2,55.1},0.16"},"Z7":{"st":"7,{1,0,0,1,55,58.5},1"},"Z6":{"st":"6,{1,0,0,0.95,57.75,20.35},0.16"},"Z15":{"st":"5,{0.98,0,0,0.82,27,56.3},1"}},"frameNumber":28},{"state":{"Z11":{"st":"11,{0.63,0,0,0.63,37.35,50.75},0"},"Z15":{"st":"5,{0.98,0,0,0.82,27,56.3},0"},"Z12":{"st":"12,{0.63,0,0,0.63,64.6,46.05},0"},"Z16":{"st":"5,{0.96,0,0,0.8,27,56.3},1"}},"frameNumber":29},{"state":{"Z11":{"st":"11,{0.63,0,0,0.63,37.35,50.75},0"},"Z12":{"st":"12,{0.63,0,0,0.63,64.6,46.05},0"}},"frameNumber":30},{"state":{"Z9":{"st":"9,{1,0,0,0.95,55,59.5},0"},"Z8":{"st":"8,{1,0,0,0.95,15.25,18.7},0"},"Z10":{"st":"10,{1,0,0,0.95,36.2,55.1},0"},"Z7":{"st":"7,{1,0,0,1,55,58.5},0"},"Z18":{"st":"5,{0.94,0,0,0.97,10,15.5},1"},"Z6":{"st":"6,{1,0,0,0.95,57.75,20.35},0"},"Z16":{"st":"5,{0.96,0,0,0.8,27,56.3},0"},"Z5":{"st":"4,{0.94,0,0,0.97,26.85,54.95},1"},"Z4":{"st":"3,{-0.94,0,0,0.97,42.9,61.19},0.64"},"Z3":{"st":"2,{0.94,0,0,0.97,26.85,54.95},1"},"Z2":{"st":"1,{-0.94,0,0,0.97,76.96,62},0.64"},"Z1":{"st":"0,{0.94,0,0,0.97,26.85,54.95},1"}},"frameNumber":31},{"state":{"Z5":{"st":"4,{0.94,0,0,0.95,26.85,56.4},1"},"Z4":{"st":"3,{-0.94,0,0,0.95,42.9,62.46},0.64"},"Z18":{"st":"5,{0.94,0,0,0.96,10,16.5},1"},"Z3":{"st":"2,{0.94,0,0,0.95,26.85,56.4},1"},"Z2":{"st":"1,{-0.94,0,0,0.95,76.96,63.25},0.64"},"Z1":{"st":"0,{0.94,0,0,0.95,26.85,56.4},1"}},"frameNumber":32},{"state":{"Z5":{"st":"4,{0.94,0,0,0.92,26.85,57.75},1"},"Z4":{"st":"3,{-0.94,0,0,0.92,42.9,63.64},0.64"},"Z18":{"st":"5,{0.94,0,0,0.95,10,17.45},1"},"Z3":{"st":"2,{0.94,0,0,0.92,26.85,57.75},1"},"Z2":{"st":"1,{-0.94,0,0,0.92,76.96,64.4},0.64"},"Z1":{"st":"0,{0.94,0,0,0.92,26.85,57.75},1"}},"frameNumber":33},{"state":{"Z5":{"st":"4,{0.94,0,0,0.89,26.85,59.2},1"},"Z4":{"st":"3,{-0.94,0,0,0.89,42.9,64.92},0.64"},"Z18":{"st":"5,{0.94,0,0,0.94,10,18.45},1"},"Z3":{"st":"2,{0.94,0,0,0.89,26.85,59.2},1"},"Z2":{"st":"1,{-0.94,0,0,0.89,76.96,65.66},0.64"},"Z1":{"st":"0,{0.94,0,0,0.89,26.85,59.2},1"}},"frameNumber":34},{"state":{"Z5":{"st":"4,{0.94,0,0,0.91,26.85,58.1},1"},"Z4":{"st":"3,{-0.94,0,0,0.91,42.9,63.96},0.64"},"Z18":{"st":"5,{0.94,0,0,0.95,10,17.95},1"},"Z3":{"st":"2,{0.94,0,0,0.91,26.85,58.1},1"},"Z2":{"st":"1,{-0.94,0,0,0.91,76.96,64.71},0.64"},"Z1":{"st":"0,{0.94,0,0,0.91,26.85,58.1},1"}},"frameNumber":35},{"state":{"Z5":{"st":"4,{0.94,0,0,0.93,26.85,56.9},1"},"Z4":{"st":"3,{-0.94,0,0,0.93,42.9,62.89},0.64"},"Z18":{"st":"5,{0.94,0,0,0.95,10,17.5},1"},"Z3":{"st":"2,{0.94,0,0,0.93,26.85,56.9},1"},"Z2":{"st":"1,{-0.94,0,0,0.93,76.96,63.67},0.64"},"Z1":{"st":"0,{0.94,0,0,0.93,26.85,56.9},1"}},"frameNumber":36},{"state":{"Z5":{"st":"4,{0.94,0,0,0.96,26.85,55.85},1"},"Z4":{"st":"3,{-0.94,0,0,0.96,42.9,61.98},0.64"},"Z18":{"st":"5,{0.94,0,0,0.96,10,17},1"},"Z3":{"st":"2,{0.94,0,0,0.96,26.85,55.85},1"},"Z2":{"st":"1,{-0.94,0,0,0.96,76.96,62.77},0.64"},"Z1":{"st":"0,{0.94,0,0,0.96,26.85,55.85},1"}},"frameNumber":37},{"state":{"Z5":{"st":"4,{0.96,0,0,0.98,26.3,50.1},1"},"Z4":{"st":"3,{-0.96,0,0,0.98,42.67,56.35},0.64"},"Z18":{"st":"6,{0.96,0,0,0.98,9.1,10.5},1"},"Z3":{"st":"2,{0.96,0,0,0.98,26.3,50.1},1"},"Z2":{"st":"1,{-0.96,0,0,0.98,77.4,57.16},0.64"},"Z1":{"st":"0,{0.96,0,0,0.98,26.3,50.1},1"},"Z15":{"st":"5,{1,0,0,1,26.3,50.1},1"}},"frameNumber":38},{"state":{"Z5":{"st":"4,{0.97,0,0,0.99,25.95,45.95},1"},"Z4":{"st":"3,{-0.97,0,0,0.99,42.55,52.29},0.64"},"Z18":{"st":"6,{0.97,0,0,0.99,8.5,5.75},1"},"Z3":{"st":"2,{0.97,0,0,0.99,25.95,45.95},1"},"Z15":{"st":"5,{1,0,0,1,26.3,50.1},0"},"Z2":{"st":"1,{-0.97,0,0,0.99,77.76,53.11},0.64"},"Z1":{"st":"0,{0.97,0,0,0.99,25.95,45.95},1"},"Z16":{"st":"5,{0.99,0,0,0.99,25.95,45.95},1"}},"frameNumber":39},{"state":{"Z5":{"st":"4,{0.98,0,0,1,25.7,43.45},1"},"Z4":{"st":"3,{-0.98,0,0,1,42.43,49.84},0.64"},"Z18":{"st":"6,{0.98,0,0,1,8.1,2.95},1"},"Z3":{"st":"2,{0.98,0,0,1,25.7,43.45},1"},"Z2":{"st":"1,{-0.98,0,0,1,77.93,50.67},0.64"},"Z1":{"st":"0,{0.98,0,0,1,25.7,43.45},1"},"Z16":{"st":"5,{1,0,0,1,25.7,43.45},1"}},"frameNumber":40},{"state":{"Z5":{"st":"4,{0.99,0,0,1,25.6,42.5},1"},"Z4":{"st":"3,{-0.99,0,0,1,42.38,48.91},0.64"},"Z18":{"st":"6,{0.98,0,0,1,8,2.05},1"},"Z3":{"st":"2,{0.99,0,0,1,25.6,42.5},1"},"Z2":{"st":"1,{-0.99,0,0,1,77.98,49.74},0.64"},"Z1":{"st":"0,{0.99,0,0,1,25.6,42.5},1"},"Z16":{"st":"5,{1,0,0,1,25.6,42.5},1"}},"frameNumber":41},{"state":{"Z5":{"st":"4,{0.98,0,0,1,25.75,44.8},1"},"Z17":{"st":"5,{1.02,0,0,1.02,25.75,44.8},1"},"Z4":{"st":"3,{-0.98,0,0,1,42.45,51.18},0.64"},"Z18":{"st":"6,{0.98,0,0,1,8.25,3.95},1"},"Z3":{"st":"2,{0.98,0,0,1,25.75,44.8},1"},"Z2":{"st":"1,{-0.98,0,0,1,77.88,52.01},0.64"},"Z1":{"st":"0,{0.98,0,0,1,25.75,44.8},1"},"Z16":{"st":"5,{1,0,0,1,25.6,42.5},0"}},"frameNumber":42},{"state":{"Z5":{"st":"4,{0.97,0,0,0.98,26.15,51.65},1"},"Z17":{"st":"5,{1.02,0,0,1.02,25.75,44.8},0"},"Z4":{"st":"3,{-0.97,0,0,0.98,42.61,57.93},0.64"},"Z18":{"st":"5,{0.97,0,0,0.98,8.9,9.85},1"},"Z3":{"st":"2,{0.97,0,0,0.98,26.15,51.65},1"},"Z2":{"st":"1,{-0.97,0,0,0.98,77.52,58.75},0.64"},"Z1":{"st":"0,{0.97,0,0,0.98,26.15,51.65},1"}},"frameNumber":43},{"state":{"Z5":{"st":"4,{0.94,0,0,0.96,26.85,63.1},1"},"Z4":{"st":"3,{-0.94,0,0,0.96,42.9,69.23},0.64"},"Z18":{"st":"5,{0.94,0,0,0.96,10,19.5},1"},"Z3":{"st":"2,{0.94,0,0,0.96,26.85,63.1},1"},"Z2":{"st":"1,{-0.94,0,0,0.96,76.96,70.02},0.64"},"Z1":{"st":"0,{0.94,0,0,0.96,26.85,63.1},1"}},"frameNumber":44},{"state":{"Z5":{"st":"4,{0.97,0,0,0.89,26.05,65.5},1"},"Z4":{"st":"3,{-0.97,0,0,0.89,42.6,71.19},0.64"},"Z18":{"st":"5,{0.97,0,0,0.89,8.65,25.9},1"},"Z3":{"st":"2,{0.97,0,0,0.89,26.05,65.5},1"},"Z2":{"st":"1,{-0.97,0,0,0.89,77.69,71.93},0.64"},"Z1":{"st":"0,{0.97,0,0,0.89,26.05,65.5},1"}},"frameNumber":45},{"state":{"Z5":{"st":"4,{1,0,0,0.82,25.15,67.9},1"},"Z4":{"st":"3,{-1,0,0,0.82,42.19,73.15},0.64"},"Z18":{"st":"5,{1,0,0,0.82,7.25,32.25},1"},"Z3":{"st":"2,{1,0,0,0.82,25.15,67.9},1"},"Z2":{"st":"1,{-1,0,0,0.82,78.32,73.83},0.64"},"Z1":{"st":"0,{1,0,0,0.82,25.15,67.9},1"}},"frameNumber":46},{"state":{"Z5":{"st":"4,{0.97,0,0,0.9,26,61.35},1"},"Z4":{"st":"3,{-0.97,0,0,0.9,42.55,67.09},0.64"},"Z18":{"st":"5,{0.97,0,0,0.9,8.6,23.85},1"},"Z3":{"st":"2,{0.97,0,0,0.9,26,61.35},1"},"Z2":{"st":"1,{-0.97,0,0,0.9,77.64,67.84},0.64"},"Z1":{"st":"0,{0.97,0,0,0.9,26,61.35},1"}},"frameNumber":47},{"state":{"Z5":{"st":"4,{0.94,0,0,0.97,26.85,54.75},1"},"Z4":{"st":"3,{-0.94,0,0,0.97,42.9,60.99},0.64"},"Z18":{"st":"5,{0.94,0,0,0.97,10,15.5},1"},"Z3":{"st":"2,{0.94,0,0,0.97,26.85,54.75},1"},"Z2":{"st":"1,{-0.94,0,0,0.97,76.96,61.8},0.64"},"Z1":{"st":"0,{0.94,0,0,0.97,26.85,54.75},1"}},"frameNumber":48},{"state":{"Z9":{"st":"9,{1,0,0,0.95,55,59.5},1","m":"Z19"},"Z8":{"st":"8,{1,0,0,0.95,15.25,18.7},0.42","m":"Z19"},"Z10":{"st":"10,{1,0,0,0.95,36.2,55.1},0.16","m":"Z19"},"Z21":{"st":"11,{0.83,0.56,-0.37,0.55,61.8,21.05},0.4"},"Z1":{"st":"1,{0.94,0,0,0.8,27,56.3},1","m":"Z19"},"Z22":{"st":"12,{-0.81,0.58,0.39,0.54,49.1,14.75},0.4"},"Z5":{"st":"5,{0.94,0,0,0.8,27,56.3},1","m":"Z19"},"Z4":{"st":"4,{-0.94,0,0,0.8,43.05,61.45},0.64","m":"Z19"},"Z18":{"st":"5,{0.94,0,0,0.97,10,15.5},0"},"Z6":{"st":"6,{1,0,0,0.95,57.75,20.35},0.16","m":"Z19"},"Z3":{"st":"3,{0.94,0,0,0.8,27,56.3},1","m":"Z19"},"Z2":{"st":"2,{-0.94,0,0,0.8,77.1,62.1},0.64","m":"Z19"},"Z20":{"st":"7,{1,0,0,1,55,59.5},1","m":"Z19"},"Z19":{"st":"0,{1,0,0,1,55,57.5},1"}},"frameNumber":49},{"state":{"Z9":{"st":"9,{0.99,0,0,0.96,55,59.05},1","m":"Z19"},"Z8":{"st":"8,{0.99,0,0,0.96,15.7,17.85},0.42","m":"Z19"},"Z10":{"st":"10,{0.99,0,0,0.96,36.4,54.6},0.16","m":"Z19"},"Z21":{"st":"11,{0.79,0.44,-0.3,0.54,62.15,19.5},0.52"},"Z1":{"st":"1,{0.94,0,0,0.79,27,56.85},1","m":"Z19"},"Z22":{"st":"12,{-0.78,0.46,0.32,0.53,48.75,13.2},0.52"},"Z5":{"st":"5,{0.94,0,0,0.79,27,56.85},1","m":"Z19"},"Z4":{"st":"4,{-0.94,0,0,0.79,43.05,61.9},0.64","m":"Z19"},"Z6":{"st":"6,{0.99,0,0,0.96,57.7,19.5},0.16","m":"Z19"},"Z3":{"st":"3,{0.94,0,0,0.79,27,56.85},1","m":"Z19"},"Z2":{"st":"2,{-0.94,0,0,0.79,77.1,62.55},0.64","m":"Z19"},"Z20":{"st":"7,{0.99,0,0,1.01,55,59.05},1","m":"Z19"},"Z19":{"st":"0,{1,0,0,0.96,55,59.45},1"}},"frameNumber":50},{"state":{"Z9":{"st":"9,{0.98,0,0,0.97,55,58.6},1","m":"Z19"},"Z8":{"st":"8,{0.98,0,0,0.97,16.15,17},0.42","m":"Z19"},"Z10":{"st":"10,{0.98,0,0,0.97,36.6,54.1},0.16","m":"Z19"},"Z21":{"st":"11,{0.73,0.34,-0.24,0.52,63,18.1},0.64"},"Z1":{"st":"1,{0.94,0,0,0.78,27,57.4},1","m":"Z19"},"Z22":{"st":"12,{-0.72,0.35,0.25,0.52,47.85,11.85},0.64"},"Z5":{"st":"5,{0.94,0,0,0.78,27,57.4},1","m":"Z19"},"Z4":{"st":"4,{-0.94,0,0,0.78,43.05,62.4},0.64","m":"Z19"},"Z6":{"st":"6,{0.98,0,0,0.97,57.7,18.65},0.16","m":"Z19"},"Z3":{"st":"3,{0.94,0,0,0.78,27,57.4},1","m":"Z19"},"Z2":{"st":"2,{-0.94,0,0,0.78,77.1,63.05},0.64","m":"Z19"},"Z20":{"st":"7,{0.98,0,0,1.02,55,58.6},1","m":"Z19"},"Z19":{"st":"0,{1,0,0,0.92,55,61.35},1"}},"frameNumber":51},{"state":{"Z9":{"st":"9,{0.97,0,0,0.98,55,58.15},1","m":"Z19"},"Z8":{"st":"8,{0.97,0,0,0.98,16.6,16.15},0.42","m":"Z19"},"Z10":{"st":"10,{0.97,0,0,0.98,36.85,53.6},0.16","m":"Z19"},"Z21":{"st":"11,{0.67,0.24,-0.18,0.5,64.2,16.8},0.76"},"Z1":{"st":"1,{0.94,0,0,0.77,27,57.95},1","m":"Z19"},"Z22":{"st":"12,{-0.66,0.26,0.19,0.5,46.7,10.6},0.76"},"Z5":{"st":"5,{0.94,0,0,0.77,27,57.95},1","m":"Z19"},"Z4":{"st":"4,{-0.94,0,0,0.77,43.05,62.9},0.64","m":"Z19"},"Z6":{"st":"6,{0.97,0,0,0.98,57.65,17.85},0.16","m":"Z19"},"Z3":{"st":"3,{0.94,0,0,0.77,27,57.95},1","m":"Z19"},"Z2":{"st":"2,{-0.94,0,0,0.77,77.1,63.55},0.64","m":"Z19"},"Z20":{"st":"7,{0.97,0,0,1.03,55,58.15},1","m":"Z19"},"Z19":{"st":"0,{1,0,0,0.88,55,63.3},1"}},"frameNumber":52},{"state":{"Z9":{"st":"9,{0.96,0,0,0.99,55,57.7},1","m":"Z19"},"Z8":{"st":"8,{0.96,0,0,0.99,17,15.25},0.42","m":"Z19"},"Z10":{"st":"10,{0.96,0,0,0.99,37.05,53.1},0.16","m":"Z19"},"Z21":{"st":"11,{0.59,0.16,-0.13,0.48,65.85,15.5},0.88"},"Z1":{"st":"1,{0.94,0,0,0.76,27,58.45},1","m":"Z19"},"Z22":{"st":"12,{-0.59,0.17,0.14,0.47,45,9.3},0.88"},"Z5":{"st":"5,{0.94,0,0,0.76,27,58.45},1","m":"Z19"},"Z4":{"st":"4,{-0.94,0,0,0.76,43.05,63.3},0.64","m":"Z19"},"Z6":{"st":"6,{0.96,0,0,0.99,57.65,17},0.16","m":"Z19"},"Z3":{"st":"3,{0.94,0,0,0.76,27,58.45},1","m":"Z19"},"Z2":{"st":"2,{-0.94,0,0,0.76,77.1,63.95},0.64","m":"Z19"},"Z20":{"st":"7,{0.96,0,0,1.04,55,57.7},1","m":"Z19"},"Z19":{"st":"0,{1,0,0,0.83,55,65.2},1"}},"frameNumber":53},{"state":{"Z24":{"st":"14,{-0.65,0.47,0.31,0.43,47.55,27.95},0.4"},"Z9":{"st":"9,{0.94,0,0,1,55,57.25},1","m":"Z19"},"Z8":{"st":"8,{0.94,0,0,1,17.45,14.4},0.42","m":"Z19"},"Z10":{"st":"10,{0.94,0,0,1,37.25,52.65},0.16","m":"Z19"},"Z25":{"st":"15,{0.3,0.63,-0.41,0.2,91.7,37.1},0.4"},"Z21":{"st":"11,{0.51,0.09,-0.08,0.44,67.95,14.45},1"},"Z1":{"st":"1,{0.94,0,0,0.75,27,58.95},1","m":"Z19"},"Z22":{"st":"12,{-0.51,0.11,0.09,0.44,42.85,8.35},1"},"Z5":{"st":"5,{0.94,0,0,0.75,27,58.95},1","m":"Z19"},"Z4":{"st":"4,{-0.94,0,0,0.75,43.05,63.75},0.64","m":"Z19"},"Z6":{"st":"6,{0.94,0,0,1,57.6,16.15},0.16","m":"Z19"},"Z3":{"st":"3,{0.94,0,0,0.75,27,58.95},1","m":"Z19"},"Z26":{"st":"16,{-0.33,0.73,0.48,0.22,20.05,28.65},0.4"},"Z2":{"st":"2,{-0.94,0,0,0.75,77.1,64.4},0.64","m":"Z19"},"Z23":{"st":"13,{0.75,0.51,-0.34,0.5,63.7,23.9},0.4"},"Z20":{"st":"7,{0.94,0,0,1.05,55,57.25},1","m":"Z19"},"Z19":{"st":"0,{1,0,0,0.79,55,67.15},1"}},"frameNumber":54},{"state":{"Z24":{"st":"14,{-0.62,0.37,0.25,0.43,47.25,26.7},0.52"},"Z9":{"st":"9,{0.96,0,0,0.99,55,57.7},1","m":"Z19"},"Z8":{"st":"8,{0.96,0,0,0.99,17,15.25},0.42","m":"Z19"},"Z10":{"st":"10,{0.96,0,0,0.99,37.05,53.1},0.16","m":"Z19"},"Z25":{"st":"15,{0.32,0.54,-0.37,0.22,92.4,36.3},0.52"},"Z21":{"st":"11,{0.45,0.08,-0.07,0.39,71.8,13.35},1"},"Z1":{"st":"1,{0.94,0,0,0.74,27,59.5},1","m":"Z19"},"Z22":{"st":"12,{-0.45,0.09,0.08,0.39,38.9,7.35},1"},"Z5":{"st":"5,{0.94,0,0,0.74,27,59.5},1","m":"Z19"},"Z4":{"st":"4,{-0.94,0,0,0.74,43.05,64.25},0.64","m":"Z19"},"Z6":{"st":"6,{0.96,0,0,0.99,57.65,17},0.16","m":"Z19"},"Z3":{"st":"3,{0.94,0,0,0.74,27,59.5},1","m":"Z19"},"Z26":{"st":"16,{-0.35,0.63,0.43,0.24,19.2,27.75},0.52"},"Z2":{"st":"2,{-0.94,0,0,0.74,77.1,64.85},0.64","m":"Z19"},"Z23":{"st":"13,{0.71,0.4,-0.27,0.49,64.05,22.55},0.52"},"Z20":{"st":"7,{0.96,0,0,1.04,55,57.7},1","m":"Z19"},"Z19":{"st":"0,{1,0,0,0.75,55,69.1},1"}},"frameNumber":55},{"state":{"Z24":{"st":"15,{-0.58,0.28,0.2,0.42,46.6,25.65},0.64"},"Z9":{"st":"10,{0.97,0,0,0.98,55,58.15},1","m":"Z19"},"Z8":{"st":"9,{0.97,0,0,0.98,16.6,16.15},0.42","m":"Z19"},"Z10":{"st":"11,{0.97,0,0,0.98,36.85,53.6},0.16","m":"Z19"},"Z25":{"st":"16,{0.32,0.46,-0.33,0.23,93.4,35.75},0.64"},"Z21":{"st":"12,{0.39,0.07,-0.06,0.34,76.1,14.05},1"},"Z1":{"st":"1,{0.94,0,0,0.73,27,60.05},1","m":"Z19"},"Z22":{"st":"13,{-0.39,0.08,0.07,0.34,34.7,8.15},1"},"Z5":{"st":"5,{0.94,0,0,0.73,27,60.05},1","m":"Z19"},"Z4":{"st":"4,{-0.94,0,0,0.73,43.05,64.75},0.64","m":"Z19"},"Z6":{"st":"7,{0.97,0,0,0.98,57.65,17.85},0.16","m":"Z19"},"Z3":{"st":"3,{0.94,0,0,0.73,27,60.05},1","m":"Z19"},"Z26":{"st":"17,{-0.36,0.54,0.38,0.26,18.05,27.15},0.64"},"Z2":{"st":"2,{-0.94,0,0,0.73,77.1,65.35},0.64","m":"Z19"},"Z23":{"st":"14,{0.67,0.3,-0.22,0.47,64.75,21.25},0.64"},"Z20":{"st":"8,{0.97,0,0,1.03,55,58.15},1","m":"Z19"},"Z19":{"st":"0,{1,0,0,0.71,55,71},1"},"Z15":{"st":"6,{0.98,0,0,0.75,27,60.05},1","m":"Z19"}},"frameNumber":56},{"state":{"Z24":{"st":"15,{-0.53,0.21,0.16,0.4,45.65,24.55},0.76"},"Z9":{"st":"10,{0.98,0,0,0.97,55,58.6},1","m":"Z19"},"Z8":{"st":"9,{0.98,0,0,0.97,16.15,17},0.42","m":"Z19"},"Z10":{"st":"11,{0.98,0,0,0.97,36.6,54.1},0.16","m":"Z19"},"Z25":{"st":"16,{0.32,0.38,-0.28,0.24,94.55,35.4},0.76"},"Z21":{"st":"12,{0.34,0.06,-0.05,0.29,80.15,16.05},1"},"Z1":{"st":"1,{0.94,0,0,0.72,27,60.55},1","m":"Z19"},"Z16":{"st":"6,{0.96,0,0,0.72,27,60.55},1","m":"Z19"},"Z5":{"st":"5,{0.94,0,0,0.72,27,60.55},1","m":"Z19"},"Z4":{"st":"4,{-0.94,0,0,0.72,43.05,65.15},0.64","m":"Z19"},"Z6":{"st":"7,{0.98,0,0,0.97,57.7,18.65},0.16","m":"Z19"},"Z3":{"st":"3,{0.94,0,0,0.72,27,60.55},1","m":"Z19"},"Z22":{"st":"13,{-0.34,0.07,0.06,0.29,30.65,10.25},1"},"Z26":{"st":"17,{-0.36,0.44,0.33,0.27,16.65,26.7},0.76"},"Z2":{"st":"2,{-0.94,0,0,0.72,77.1,65.75},0.64","m":"Z19"},"Z23":{"st":"14,{0.61,0.22,-0.16,0.46,65.75,20.05},0.76"},"Z20":{"st":"8,{0.98,0,0,1.02,55,58.6},1","m":"Z19"},"Z19":{"st":"0,{1,0,0,0.67,55,72.95},1"},"Z15":{"st":"6,{0.98,0,0,0.75,27,60.05},0","m":"Z19"}},"frameNumber":57},{"state":{"Z24":{"st":"15,{-0.47,0.14,0.11,0.38,44.2,23.6},0.88"},"Z9":{"st":"10,{0.99,0,0,0.96,55,59.05},1","m":"Z19"},"Z8":{"st":"9,{0.99,0,0,0.96,15.7,17.85},0.42","m":"Z19"},"Z10":{"st":"11,{0.99,0,0,0.96,36.4,54.6},0.16","m":"Z19"},"Z25":{"st":"16,{0.3,0.3,-0.24,0.24,96,35.2},0.88"},"Z21":{"st":"12,{0.28,0.05,-0.04,0.24,83.4,19.25},1"},"Z1":{"st":"1,{0.94,0,0,0.71,27,61.1},1","m":"Z19"},"Z16":{"st":"6,{0.96,0,0,0.71,27,61.1},1","m":"Z19"},"Z5":{"st":"5,{0.94,0,0,0.71,27,61.1},1","m":"Z19"},"Z4":{"st":"4,{-0.94,0,0,0.71,43.05,65.65},0.64","m":"Z19"},"Z6":{"st":"7,{0.99,0,0,0.96,57.7,19.5},0.16","m":"Z19"},"Z3":{"st":"3,{0.94,0,0,0.71,27,61.1},1","m":"Z19"},"Z22":{"st":"13,{-0.28,0.06,0.05,0.24,27.5,13.5},1"},"Z26":{"st":"17,{-0.34,0.36,0.29,0.27,15,26.45},0.88"},"Z2":{"st":"2,{-0.94,0,0,0.71,77.1,66.25},0.64","m":"Z19"},"Z23":{"st":"14,{0.54,0.14,-0.12,0.43,67.3,18.85},0.88"},"Z20":{"st":"8,{0.99,0,0,1.01,55,59.05},1","m":"Z19"},"Z19":{"st":"0,{1,0,0,0.63,55,74.85},1"}},"frameNumber":58},{"state":{"Z24":{"st":"15,{-0.41,0.08,0.07,0.35,42.55,22.8},1"},"Z9":{"st":"10,{1,0,0,0.95,55,59.5},1","m":"Z19"},"Z8":{"st":"9,{1,0,0,0.95,15.25,18.7},0.42","m":"Z19"},"Z10":{"st":"11,{1,0,0,0.95,36.2,55.1},0.16","m":"Z19"},"Z25":{"st":"16,{0.28,0.23,-0.2,0.24,97.65,35.3},1"},"Z21":{"st":"12,{0.22,0.04,-0.03,0.19,85.4,23.4},1"},"Z1":{"st":"1,{0.94,0,0,0.7,27,61.65},1","m":"Z19"},"Z16":{"st":"6,{0.96,0,0,0.7,27,61.65},1","m":"Z19"},"Z5":{"st":"5,{0.94,0,0,0.7,27,61.65},1","m":"Z19"},"Z27":{"st":"18,{0.75,0.51,-0.34,0.5,70.45,41.65},0.4"},"Z4":{"st":"4,{-0.94,0,0,0.7,43.05,66.15},0.64","m":"Z19"},"Z28":{"st":"19,{-0.65,0.47,0.31,0.43,39.05,45.75},0.4"},"Z6":{"st":"7,{1,0,0,0.95,57.75,20.35},0.16","m":"Z19"},"Z3":{"st":"3,{0.94,0,0,0.7,27,61.65},1","m":"Z19"},"Z22":{"st":"13,{-0.22,0.05,0.04,0.19,25.65,17.8},1"},"Z26":{"st":"17,{-0.31,0.28,0.24,0.27,13.1,26.75},1"},"Z2":{"st":"2,{-0.94,0,0,0.7,77.1,66.7},0.64","m":"Z19"},"Z23":{"st":"14,{0.46,0.08,-0.07,0.4,69.2,17.95},1"},"Z20":{"st":"8,{1,0,0,1,55,59.5},1","m":"Z19"},"Z19":{"st":"0,{1,0,0,0.59,55,76.8},1"}},"frameNumber":59},{"state":{"Z24":{"st":"15,{-0.28,0.25,0.21,0.24,10,27.55},1"},"Z9":{"st":"10,{0.99,0,0,0.96,55,59.05},1","m":"Z19"},"Z8":{"st":"9,{0.99,0,0,0.96,15.7,17.85},0.42","m":"Z19"},"Z27":{"st":"18,{0.75,0.51,-0.34,0.5,70.45,41.65},0"},"Z17":{"st":"6,{0.98,0,0,0.71,27,62.2},1","m":"Z19"},"Z25":{"st":"16,{0.71,0.4,-0.27,0.49,70.8,40.3},0.52"},"Z21":{"st":"12,{0.41,0.07,-0.06,0.36,72.8,16.9},1"},"Z1":{"st":"1,{0.94,0,0,0.69,27,62.2},1","m":"Z19"},"Z22":{"st":"13,{-0.36,0.08,0.07,0.31,39.4,22},1"},"Z5":{"st":"5,{0.94,0,0,0.69,27,62.2},1","m":"Z19"},"Z10":{"st":"11,{0.99,0,0,0.96,36.4,54.6},0.16","m":"Z19"},"Z4":{"st":"4,{-0.94,0,0,0.69,43.05,66.6},0.64","m":"Z19"},"Z28":{"st":"19,{-0.65,0.47,0.31,0.43,39.05,45.75},0"},"Z6":{"st":"7,{0.99,0,0,0.96,57.7,19.5},0.16","m":"Z19"},"Z3":{"st":"3,{0.94,0,0,0.69,27,62.2},1","m":"Z19"},"Z16":{"st":"6,{0.96,0,0,0.7,27,61.65},0","m":"Z19"},"Z26":{"st":"17,{-0.62,0.37,0.25,0.43,38.75,44.5},0.52"},"Z2":{"st":"2,{-0.94,0,0,0.69,77.1,67.2},0.64","m":"Z19"},"Z23":{"st":"14,{0.24,0.21,-0.18,0.21,100.3,35.95},1"},"Z20":{"st":"8,{0.99,0,0,1.01,55,59.05},1","m":"Z19"},"Z19":{"st":"0,{1,0,0,0.54,55,78.7},1"}},"frameNumber":60},{"state":{"Z24":{"st":"14,{-0.24,0.21,0.19,0.21,7.35,29.85},1"},"Z9":{"st":"9,{0.98,0,0,0.97,55,58.6},1","m":"Z19"},"Z8":{"st":"8,{0.98,0,0,0.97,16.15,17},0.42","m":"Z19"},"Z10":{"st":"10,{0.98,0,0,0.97,36.6,54.1},0.16","m":"Z19"},"Z25":{"st":"15,{0.67,0.3,-0.22,0.47,71.5,39},0.64"},"Z21":{"st":"11,{0.36,0.07,-0.06,0.31,76.65,17.55},1"},"Z1":{"st":"1,{0.94,0,0,0.68,27,62.75},1","m":"Z19"},"Z22":{"st":"12,{-0.32,0.07,0.06,0.27,36,22.6},1"},"Z5":{"st":"5,{0.94,0,0,0.68,27,62.75},1","m":"Z19"},"Z17":{"st":"6,{0.98,0,0,0.71,27,62.2},0","m":"Z19"},"Z4":{"st":"4,{-0.94,0,0,0.68,43.05,67.1},0.64","m":"Z19"},"Z6":{"st":"6,{0.98,0,0,0.97,57.7,18.65},0.16","m":"Z19"},"Z3":{"st":"3,{0.94,0,0,0.68,27,62.75},1","m":"Z19"},"Z26":{"st":"16,{-0.58,0.28,0.2,0.42,38.1,43.45},0.64"},"Z2":{"st":"2,{-0.94,0,0,0.68,77.1,67.65},0.64","m":"Z19"},"Z23":{"st":"13,{0.21,0.18,-0.16,0.18,102.7,37.85},1"},"Z20":{"st":"7,{0.98,0,0,1.02,55,58.6},1","m":"Z19"},"Z19":{"st":"0,{1,0,0,0.5,55,80.65},1"}},"frameNumber":61},{"state":{"Z24":{"st":"14,{-0.2,0.18,0.16,0.18,5.4,32.95},1"},"Z9":{"st":"9,{0.97,0,0,0.98,55,58.15},1","m":"Z19"},"Z8":{"st":"8,{0.97,0,0,0.98,16.6,16.15},0.42","m":"Z19"},"Z10":{"st":"10,{0.97,0,0,0.98,36.85,53.6},0.16","m":"Z19"},"Z25":{"st":"15,{0.61,0.22,-0.16,0.46,72.5,37.8},0.76"},"Z21":{"st":"11,{0.31,0.06,-0.05,0.27,80.35,19.3},1"},"Z1":{"st":"1,{0.94,0,0,0.67,26.95,63.2},1","m":"Z19"},"Z22":{"st":"12,{-0.27,0.06,0.05,0.23,32.8,24.35},1"},"Z5":{"st":"5,{0.94,0,0,0.67,26.95,63.2},1","m":"Z19"},"Z4":{"st":"4,{-0.94,0,0,0.67,43,67.5},0.64","m":"Z19"},"Z6":{"st":"6,{0.97,0,0,0.98,57.65,17.85},0.16","m":"Z19"},"Z3":{"st":"3,{0.94,0,0,0.67,26.95,63.2},1","m":"Z19"},"Z26":{"st":"16,{-0.53,0.21,0.16,0.4,37.15,42.35},0.76"},"Z2":{"st":"2,{-0.94,0,0,0.67,77.05,68.05},0.64","m":"Z19"},"Z23":{"st":"13,{0.18,0.15,-0.13,0.16,104.45,40.55},1"},"Z20":{"st":"7,{0.97,0,0,1.03,55,58.15},1","m":"Z19"},"Z19":{"st":"0,{1,0,0,0.46,55,82.6},1"}},"frameNumber":62},{"state":{"Z24":{"st":"14,{-0.17,0.15,0.13,0.15,4.5,36.4},1"},"Z9":{"st":"9,{0.96,0,0,0.99,55,57.7},1","m":"Z19"},"Z8":{"st":"8,{0.96,0,0,0.99,17,15.25},0.42","m":"Z19"},"Z10":{"st":"10,{0.96,0,0,0.99,37.05,53.1},0.16","m":"Z19"},"Z25":{"st":"15,{0.54,0.14,-0.12,0.43,74.05,36.6},0.88"},"Z21":{"st":"11,{0.25,0.05,-0.04,0.22,83.3,22.25},1"},"Z1":{"st":"1,{0.94,0,0,0.66,26.95,63.75},1","m":"Z19"},"Z22":{"st":"12,{-0.22,0.05,0.04,0.19,30.2,26.95},1"},"Z5":{"st":"5,{0.94,0,0,0.66,26.95,63.75},1","m":"Z19"},"Z4":{"st":"4,{-0.94,0,0,0.66,43,68},0.64","m":"Z19"},"Z6":{"st":"6,{0.96,0,0,0.99,57.65,17},0.16","m":"Z19"},"Z3":{"st":"3,{0.94,0,0,0.66,26.95,63.75},1","m":"Z19"},"Z26":{"st":"16,{-0.47,0.14,0.11,0.38,35.7,41.4},0.88"},"Z2":{"st":"2,{-0.94,0,0,0.66,77.05,68.5},0.64","m":"Z19"},"Z23":{"st":"13,{0.15,0.13,-0.11,0.13,105.25,43.55},1"},"Z20":{"st":"7,{0.96,0,0,1.04,55,57.7},1","m":"Z19"},"Z19":{"st":"0,{1,0,0,0.42,55,84.5},1"}},"frameNumber":63},{"state":{"Z24":{"st":"14,{-0.13,0.12,0.1,0.12,4.95,40.15},1"},"Z9":{"st":"9,{0.94,0,0,1,55,57.25},1","m":"Z19"},"Z8":{"st":"8,{0.94,0,0,1,17.45,14.4},0.42","m":"Z19"},"Z10":{"st":"10,{0.94,0,0,1,37.25,52.65},0.16","m":"Z19"},"Z25":{"st":"15,{0.46,0.08,-0.07,0.4,75.95,35.7},1"},"Z21":{"st":"11,{0.2,0.04,-0.03,0.17,85.05,26.05},1"},"Z1":{"st":"1,{0.94,0,0,0.65,26.95,64.25},1","m":"Z19"},"Z22":{"st":"12,{-0.18,0.04,0.03,0.15,28.7,30.35},1"},"Z5":{"st":"5,{0.94,0,0,0.65,26.95,64.25},1","m":"Z19"},"Z27":{"st":"17,{0.59,0.69,-0.45,0.39,67.7,61.95},0.4"},"Z4":{"st":"4,{-0.94,0,0,0.65,43,68.4},0.64","m":"Z19"},"Z28":{"st":"18,{-0.65,0.47,0.31,0.43,46.3,63.1},0.4"},"Z6":{"st":"6,{0.94,0,0,1,57.6,16.15},0.16","m":"Z19"},"Z3":{"st":"3,{0.94,0,0,0.65,26.95,64.25},1","m":"Z19"},"Z26":{"st":"16,{-0.41,0.08,0.07,0.35,34.05,40.6},1"},"Z2":{"st":"2,{-0.94,0,0,0.65,77.05,68.95},0.64","m":"Z19"},"Z23":{"st":"13,{0.12,0.1,-0.09,0.1,105,46.75},1"},"Z20":{"st":"7,{0.94,0,0,1.05,55,57.25},1","m":"Z19"},"Z19":{"st":"0,{1,0,0,0.38,55,86.45},1"}},"frameNumber":64},{"state":{"Z24":{"st":"14,{-0.62,0.37,0.25,0.43,46,61.85},0.52"},"Z9":{"st":"9,{0.96,0,0,0.99,55,57.7},1","m":"Z19"},"Z8":{"st":"8,{0.96,0,0,0.99,17,15.25},0.42","m":"Z19"},"Z10":{"st":"10,{0.96,0,0,0.99,37.05,53.1},0.16","m":"Z19"},"Z25":{"st":"15,{0.46,0.08,-0.07,0.4,75.95,35.7},0"},"Z21":{"st":"11,{0.41,0.07,-0.06,0.36,79.55,34.65},1"},"Z1":{"st":"1,{0.94,0,0,0.64,26.95,64.85},1","m":"Z19"},"Z22":{"st":"12,{-0.36,0.08,0.07,0.31,30.9,39.8},1"},"Z5":{"st":"5,{0.94,0,0,0.64,26.95,64.85},1","m":"Z19"},"Z27":{"st":"17,{0.59,0.69,-0.45,0.39,67.7,61.95},0"},"Z4":{"st":"4,{-0.94,0,0,0.64,43,68.95},0.64","m":"Z19"},"Z28":{"st":"18,{-0.65,0.47,0.31,0.43,46.3,63.1},0"},"Z6":{"st":"6,{0.96,0,0,0.99,57.65,17},0.16","m":"Z19"},"Z3":{"st":"3,{0.94,0,0,0.64,26.95,64.85},1","m":"Z19"},"Z26":{"st":"16,{-0.41,0.08,0.07,0.35,34.05,40.6},0"},"Z2":{"st":"2,{-0.94,0,0,0.64,77.05,69.5},0.64","m":"Z19"},"Z23":{"st":"13,{0.59,0.57,-0.39,0.4,68.4,60.75},0.52"},"Z20":{"st":"7,{0.96,0,0,1.04,55,57.7},1","m":"Z19"},"Z19":{"st":"0,{1,0,0,0.34,55,88.35},1"}},"frameNumber":65},{"state":{"Z24":{"st":"14,{-0.58,0.28,0.2,0.42,45.35,60.8},0.64"},"Z9":{"st":"9,{0.97,0,0,0.98,55,58.15},1","m":"Z19"},"Z8":{"st":"8,{0.97,0,0,0.98,16.6,16.15},0.42","m":"Z19"},"Z10":{"st":"10,{0.97,0,0,0.98,36.85,53.6},0.16","m":"Z19"},"Z21":{"st":"11,{0.36,0.07,-0.06,0.31,83.4,35.3},1"},"Z1":{"st":"1,{0.94,0,0,0.63,26.95,65.35},1","m":"Z19"},"Z22":{"st":"12,{-0.32,0.07,0.06,0.27,27.5,40.4},1"},"Z5":{"st":"5,{0.94,0,0,0.63,26.95,65.35},1","m":"Z19"},"Z4":{"st":"4,{-0.94,0,0,0.63,43,69.4},0.64","m":"Z19"},"Z6":{"st":"6,{0.97,0,0,0.98,57.65,17.85},0.16","m":"Z19"},"Z3":{"st":"3,{0.94,0,0,0.63,26.95,65.35},1","m":"Z19"},"Z2":{"st":"2,{-0.94,0,0,0.63,77.05,69.9},0.64","m":"Z19"},"Z23":{"st":"13,{0.56,0.47,-0.33,0.4,69.45,59.65},0.64"},"Z20":{"st":"7,{0.97,0,0,1.03,55,58.15},1","m":"Z19"},"Z19":{"st":"0,{1,0,0,0.3,55,90.3},1"}},"frameNumber":66},{"state":{"Z24":{"st":"14,{-0.53,0.21,0.16,0.4,44.4,59.7},0.76"},"Z9":{"st":"9,{0.98,0,0,0.97,55,58.6},1","m":"Z19"},"Z8":{"st":"8,{0.98,0,0,0.97,16.15,17},0.42","m":"Z19"},"Z10":{"st":"10,{0.98,0,0,0.97,36.6,54.1},0.16","m":"Z19"},"Z21":{"st":"11,{0.31,0.06,-0.05,0.27,87.1,37.05},1"},"Z1":{"st":"1,{0.94,0,0,0.62,26.95,65.9},1","m":"Z19"},"Z22":{"st":"12,{-0.27,0.06,0.05,0.23,24.3,42.15},1"},"Z5":{"st":"5,{0.94,0,0,0.62,26.95,65.9},1","m":"Z19"},"Z4":{"st":"4,{-0.94,0,0,0.62,43,69.85},0.64","m":"Z19"},"Z6":{"st":"6,{0.98,0,0,0.97,57.7,18.65},0.16","m":"Z19"},"Z3":{"st":"3,{0.94,0,0,0.62,26.95,65.9},1","m":"Z19"},"Z2":{"st":"2,{-0.94,0,0,0.62,77.05,70.4},0.64","m":"Z19"},"Z23":{"st":"13,{0.53,0.37,-0.28,0.4,70.75,58.75},0.76"},"Z20":{"st":"7,{0.98,0,0,1.02,55,58.6},1","m":"Z19"},"Z19":{"st":"0,{1,0,0,0.26,55,92.25},1"}},"frameNumber":67},{"state":{"Z24":{"st":"14,{-0.47,0.14,0.11,0.38,42.95,58.75},0.88"},"Z9":{"st":"9,{0.99,0,0,0.96,55,59.05},1","m":"Z19"},"Z8":{"st":"8,{0.99,0,0,0.96,15.7,17.85},0.42","m":"Z19"},"Z10":{"st":"10,{0.99,0,0,0.96,36.4,54.6},0.16","m":"Z19"},"Z21":{"st":"11,{0.25,0.05,-0.04,0.22,90.05,40},1"},"Z1":{"st":"1,{0.94,0,0,0.61,26.95,66.45},1","m":"Z19"},"Z22":{"st":"12,{-0.22,0.05,0.04,0.19,21.7,44.75},1"},"Z5":{"st":"5,{0.94,0,0,0.61,26.95,66.45},1","m":"Z19"},"Z4":{"st":"4,{-0.94,0,0,0.61,43,70.35},0.64","m":"Z19"},"Z6":{"st":"6,{0.99,0,0,0.96,57.7,19.5},0.16","m":"Z19"},"Z3":{"st":"3,{0.94,0,0,0.61,26.95,66.45},1","m":"Z19"},"Z2":{"st":"2,{-0.94,0,0,0.61,77.05,70.85},0.64","m":"Z19"},"Z23":{"st":"13,{0.48,0.28,-0.22,0.39,72.55,57.95},0.88"},"Z20":{"st":"7,{0.99,0,0,1.01,55,59.05},1","m":"Z19"},"Z19":{"st":"0,{1,0,0,0.21,55,94.15},1"}},"frameNumber":68},{"state":{"Z24":{"st":"14,{-0.41,0.08,0.07,0.35,41.3,57.95},1"},"Z9":{"st":"9,{1,0,0,0.95,55,59.5},1","m":"Z19"},"Z8":{"st":"8,{1,0,0,0.95,15.25,18.7},0.42","m":"Z19"},"Z10":{"st":"10,{1,0,0,0.95,36.2,55.1},0.16","m":"Z19"},"Z21":{"st":"11,{0.2,0.04,-0.03,0.17,91.8,43.8},1"},"Z1":{"st":"1,{0.94,0,0,0.6,26.95,66.95},1","m":"Z19"},"Z22":{"st":"12,{-0.18,0.04,0.03,0.15,20.2,48.15},1"},"Z5":{"st":"5,{0.94,0,0,0.6,26.95,66.95},1","m":"Z19"},"Z4":{"st":"4,{-0.94,0,0,0.6,43,70.8},0.64","m":"Z19"},"Z6":{"st":"6,{1,0,0,0.95,57.75,20.35},0.16","m":"Z19"},"Z3":{"st":"3,{0.94,0,0,0.6,26.95,66.95},1","m":"Z19"},"Z2":{"st":"2,{-0.94,0,0,0.6,77.05,71.3},0.64","m":"Z19"},"Z23":{"st":"13,{0.43,0.2,-0.17,0.37,74.65,57.6},1"},"Z20":{"st":"7,{1,0,0,1,55,59.5},1","m":"Z19"},"Z19":{"st":"0,{1,0,0,0.17,55,96.1},1"}},"frameNumber":69},{"state":{"Z24":{"st":"14,{-0.41,0.08,0.07,0.35,41.3,57.95},0"},"Z9":{"st":"9,{1,0,0,0.95,55,59.5},1","m":"Z19"},"Z8":{"st":"8,{1,0,0,0.95,15.25,18.7},0.42","m":"Z19"},"Z10":{"st":"10,{1,0,0,0.95,36.2,55.1},0.16","m":"Z19"},"Z21":{"st":"11,{0.38,0.18,-0.15,0.33,78.3,57.55},1"},"Z1":{"st":"1,{0.94,0,0,0.59,26.95,67.5},1","m":"Z19"},"Z22":{"st":"12,{-0.36,0.08,0.07,0.31,38.15,57.15},1"},"Z5":{"st":"5,{0.94,0,0,0.59,26.95,67.5},1","m":"Z19"},"Z4":{"st":"4,{-0.94,0,0,0.59,43,71.25},0.64","m":"Z19"},"Z6":{"st":"6,{1,0,0,0.95,57.75,20.35},0.16","m":"Z19"},"Z3":{"st":"3,{0.94,0,0,0.59,26.95,67.5},1","m":"Z19"},"Z2":{"st":"2,{-0.94,0,0,0.59,77.05,71.75},0.64","m":"Z19"},"Z23":{"st":"13,{0.43,0.2,-0.17,0.37,74.65,57.6},0"},"Z20":{"st":"7,{1,0,0,1,55,59.5},1","m":"Z19"},"Z19":{"st":"0,{1,0,0,0.13,55,98},1"}},"frameNumber":70},{"state":{"Z9":{"st":"9,{1,0,0,0.95,55,59.5},1","m":"Z19"},"Z8":{"st":"8,{1,0,0,0.95,15.25,18.7},0.42","m":"Z19"},"Z10":{"st":"10,{1,0,0,0.95,36.2,55.1},0.16","m":"Z19"},"Z21":{"st":"11,{0.33,0.16,-0.13,0.29,81.85,59.15},1"},"Z1":{"st":"1,{0.94,0,0,0.58,26.95,68},1","m":"Z19"},"Z22":{"st":"12,{-0.32,0.07,0.06,0.27,34.75,57.75},1"},"Z5":{"st":"5,{0.94,0,0,0.58,26.95,68},1","m":"Z19"},"Z4":{"st":"4,{-0.94,0,0,0.58,43,71.7},0.64","m":"Z19"},"Z6":{"st":"6,{1,0,0,0.95,57.75,20.35},0.16","m":"Z19"},"Z3":{"st":"3,{0.94,0,0,0.58,26.95,68},1","m":"Z19"},"Z2":{"st":"2,{-0.94,0,0,0.58,77.05,72.2},0.64","m":"Z19"},"Z20":{"st":"7,{1,0,0,1,55,59.5},1","m":"Z19"},"Z19":{"st":"0,{1,0,0,0.09,55,99.95},1"}},"frameNumber":71},{"state":{"Z9":{"st":"9,{1,0,0,0.95,55,59.5},1","m":"Z19"},"Z8":{"st":"8,{1,0,0,0.95,15.25,18.7},0.42","m":"Z19"},"Z10":{"st":"10,{1,0,0,0.95,36.2,55.1},0.16","m":"Z19"},"Z21":{"st":"11,{0.28,0.13,-0.12,0.24,84.95,61.85},1"},"Z1":{"st":"1,{0.94,0,0,0.57,26.95,68.55},1","m":"Z19"},"Z22":{"st":"12,{-0.27,0.06,0.05,0.23,31.55,59.5},1"},"Z5":{"st":"5,{0.94,0,0,0.57,26.95,68.55},1","m":"Z19"},"Z4":{"st":"4,{-0.94,0,0,0.57,43,72.2},0.64","m":"Z19"},"Z6":{"st":"6,{1,0,0,0.95,57.75,20.35},0.16","m":"Z19"},"Z3":{"st":"3,{0.94,0,0,0.57,26.95,68.55},1","m":"Z19"},"Z2":{"st":"2,{-0.94,0,0,0.57,77.05,72.65},0.64","m":"Z19"},"Z20":{"st":"7,{1,0,0,1,55,59.5},1","m":"Z19"},"Z19":{"st":"0,{1,0,0,0.05,55,101.85},1"}},"frameNumber":72},{"state":{"Z30":{"st":"1,{0.94,0,0,0.97,55,59.5},1"},"Z9":{"st":"9,{1,0,0,0.95,55,59.5},0","m":"Z19"},"Z8":{"st":"8,{1,0,0,0.95,15.25,18.7},0","m":"Z19"},"Z10":{"st":"10,{1,0,0,0.95,36.2,55.1},0","m":"Z19"},"Z21":{"st":"11,{0.28,0.13,-0.12,0.24,84.95,61.85},0"},"Z1":{"st":"1,{0.94,0,0,0.57,26.95,68.55},0","m":"Z19"},"Z22":{"st":"12,{-0.27,0.06,0.05,0.23,31.55,59.5},0"},"Z5":{"st":"5,{0.94,0,0,0.57,26.95,68.55},0","m":"Z19"},"Z4":{"st":"4,{-0.94,0,0,0.57,43,72.2},0","m":"Z19"},"Z6":{"st":"6,{1,0,0,0.95,57.75,20.35},0","m":"Z19"},"Z3":{"st":"3,{0.94,0,0,0.57,26.95,68.55},0","m":"Z19"},"Z2":{"st":"2,{-0.94,0,0,0.57,77.05,72.65},0","m":"Z19"},"Z20":{"st":"7,{1,0,0,1,55,59.5},0","m":"Z19"},"Z19":{"st":"0,{1,0,0,0.05,55,101.85},0"},"Z29":{"st":"0,{0.88,0,0,0.96,55,66.6},1"}},"frameNumber":73},{"state":{"Z30":{"st":"1,{0.98,0,0,0.97,55,59.8},1","c":"0,0.88,0.13,0.88,0.13,0.88,0.13"},"Z29":{"st":"0,{0.91,0,0,0.95,55,66.85},1"}},"frameNumber":74},{"state":{"Z30":{"st":"1,{1.01,0,0,0.96,55,60.05},1","c":"0,0.75,0.25,0.75,0.25,0.75,0.25"},"Z29":{"st":"0,{0.94,0,0,0.95,55,67.1},1"}},"frameNumber":75},{"state":{"Z22":{"st":"3,{-0.66,0.5,0.6,0.8,44.3,14},0.4"},"Z30":{"st":"1,{1.04,0,0,0.96,55,60.35},1","c":"0,0.63,0.38,0.63,0.38,0.63,0.38"},"Z21":{"st":"2,{0.66,0.36,-0.44,0.8,73.3,41.75},0.4"},"Z29":{"st":"0,{0.97,0,0,0.94,55,67.3},1"}},"frameNumber":76},{"state":{"Z22":{"st":"6,{-0.66,0.41,0.48,0.76,44.6,12.15},0.52"},"Z30":{"st":"1,{1.07,0,0,0.96,55,60.6},1","c":"0,0.5,0.5,0.5,0.5,0.5,0.5"},"Z32":{"st":"3,{0.24,-0.24,0.24,0.24,24,65.75},0.5"},"Z29":{"st":"0,{1,0,0,0.94,55,67.55},1"},"Z31":{"st":"2,{0.71,0.71,-0.71,0.71,57.35,30.15},1"},"Z21":{"st":"5,{0.65,0.29,-0.33,0.75,72.85,40.15},0.52"},"Z33":{"st":"4,{0.24,0.24,-0.24,0.24,88.65,55.85},0.5"}},"frameNumber":77},{"state":{"Z22":{"st":"6,{-0.56,0.41,0.49,0.68,21.55,30.9},0.4"},"Z24":{"st":"8,{-0.65,0.33,0.37,0.71,44.45,10.6},0.64"},"Z30":{"st":"1,{1.04,0,0,0.97,55,59.85},1","c":"0,0.63,0.38,0.63,0.38,0.63,0.38"},"Z23":{"st":"7,{0.63,0.22,-0.24,0.69,72.8,38.7},0.64"},"Z32":{"st":"3,{0.35,-0.23,0.23,0.35,22.85,64.6},0.63"},"Z29":{"st":"0,{0.97,0,0,0.95,55,66.9},1"},"Z31":{"st":"2,{0.48,0.73,-0.73,0.48,57.35,28.95},1"},"Z21":{"st":"5,{0.49,0.28,-0.34,0.59,90.85,29.6},0.4"},"Z33":{"st":"4,{0.23,0.35,-0.35,0.23,89.8,54.7},0.63"}},"frameNumber":78},{"state":{"Z22":{"st":"6,{-0.56,0.33,0.39,0.65,21.85,29.35},0.52"},"Z24":{"st":"8,{-0.63,0.26,0.27,0.65,43.85,9.2},0.76"},"Z30":{"st":"1,{1.01,0,0,0.99,55,59},1","c":"0,0.75,0.25,0.75,0.25,0.75,0.25"},"Z23":{"st":"7,{0.6,0.15,-0.16,0.62,73.1,37.35},0.76"},"Z32":{"st":"3,{0.46,-0.19,0.19,0.46,21.75,63.5},0.75"},"Z29":{"st":"0,{0.94,0,0,0.97,55,66.25},1"},"Z31":{"st":"2,{0.28,0.69,-0.69,0.28,57.45,27.75},1"},"Z21":{"st":"5,{0.48,0.22,-0.26,0.56,90.45,28.45},0.52"},"Z33":{"st":"4,{0.19,0.46,-0.46,0.19,90.9,53.6},0.75"}},"frameNumber":79},{"state":{"Z22":{"st":"6,{-0.55,0.27,0.29,0.6,21.8,28.05},0.64"},"Z24":{"st":"8,{-0.6,0.19,0.18,0.58,42.7,8.15},0.88"},"Z30":{"st":"1,{0.98,0,0,1,55,58.3},1","c":"0,0.88,0.13,0.88,0.13,0.88,0.13"},"Z23":{"st":"7,{0.57,0.09,-0.09,0.54,74.1,36.25},0.88"},"Z32":{"st":"3,{0.57,-0.11,0.11,0.57,20.55,62.3},0.88"},"Z29":{"st":"0,{0.91,0,0,0.98,55,65.55},1"},"Z31":{"st":"2,{0.12,0.61,-0.61,0.12,57.3,26.6},1"},"Z21":{"st":"5,{0.47,0.17,-0.19,0.52,90.45,27.35},0.64"},"Z33":{"st":"4,{0.11,0.57,-0.57,0.11,92.1,52.4},0.88"}},"frameNumber":80},{"state":{"Z22":{"st":"6,{-0.53,0.21,0.21,0.55,21.2,26.9},0.76"},"Z24":{"st":"8,{-0.57,0.13,0.11,0.49,40.85,7.45},1"},"Z30":{"st":"1,{0.94,0,0,1.02,55,57.5},1"},"Z23":{"st":"7,{0.53,0.04,-0.04,0.46,75.6,35.4},1"},"Z32":{"st":"3,{0.67,0,0,0.67,19.4,61.15},1"},"Z29":{"st":"0,{0.88,0,0,1,55,64.9},1"},"Z31":{"st":"2,{0,0.5,-0.5,0,57.35,25.35},1"},"Z21":{"st":"5,{0.45,0.12,-0.13,0.46,90.75,26.3},0.76"},"Z33":{"st":"4,{0,0.67,-0.67,0,93.25,51.25},1"}},"frameNumber":81},{"state":{"Z33":{"st":"4,{0,0.67,-0.67,0,93.25,51.25},0"},"Z24":{"st":"7,{-0.52,0.12,0.1,0.45,37.2,6.5},1"},"Z30":{"st":"1,{0.94,0,0,1.01,55,58},1"},"Z23":{"st":"6,{0.48,0.04,-0.03,0.42,78.7,34.1},1"},"Z32":{"st":"3,{-0.12,0.57,-0.57,-0.12,93.8,50.75},1"},"Z29":{"st":"0,{0.88,0,0,0.99,55,65.35},1"},"Z26":{"st":"9,{-0.26,0.58,0.69,0.31,29.05,50},0.4"},"Z25":{"st":"8,{0.27,0.6,-0.72,0.32,76.55,57.05},0.4"},"Z31":{"st":"2,{0.57,0.12,-0.12,0.57,18.9,60.6},1"},"Z21":{"st":"4,{0.43,0.08,-0.08,0.41,91.4,25.5},0.88"},"Z22":{"st":"5,{-0.51,0.15,0.14,0.48,20.35,26},0.88"}},"frameNumber":82},{"state":{"Z24":{"st":"7,{-0.46,0.11,0.09,0.4,33.2,6.8},1"},"Z30":{"st":"1,{0.94,0,0,0.99,55,58.45},1"},"Z23":{"st":"6,{0.43,0.04,-0.03,0.37,82.35,33.8},1"},"Z32":{"st":"3,{-0.19,0.46,-0.46,-0.19,94.4,50.15},1"},"Z29":{"st":"0,{0.88,0,0,0.98,55,65.7},1"},"Z26":{"st":"9,{-0.29,0.52,0.6,0.33,28.55,48.7},0.52"},"Z25":{"st":"8,{0.3,0.54,-0.62,0.35,77.05,55.65},0.52"},"Z31":{"st":"2,{0.46,0.19,-0.19,0.46,18.3,60},1"},"Z21":{"st":"4,{0.4,0.04,-0.03,0.34,92.6,24.9},1"},"Z22":{"st":"5,{-0.48,0.1,0.09,0.41,18.85,25.4},1"}},"frameNumber":83},{"state":{"Z24":{"st":"7,{-0.41,0.09,0.08,0.35,29.3,8.45},1"},"Z30":{"st":"1,{0.94,0,0,0.98,55,59},1"},"Z23":{"st":"6,{0.38,0.03,-0.03,0.33,86.15,34.75},1"},"Z32":{"st":"3,{-0.23,0.35,-0.35,-0.23,94.9,49.55},1"},"Z29":{"st":"0,{0.88,0,0,0.97,55,66.2},1"},"Z26":{"st":"9,{-0.31,0.46,0.51,0.34,27.9,47.65},0.64"},"Z25":{"st":"8,{0.32,0.48,-0.53,0.35,77.7,54.65},0.64"},"Z31":{"st":"2,{0.35,0.23,-0.23,0.35,17.7,59.5},1"},"Z21":{"st":"4,{0.36,0.04,-0.03,0.31,94.95,23.9},1"},"Z22":{"st":"5,{-0.43,0.09,0.08,0.38,15.8,24.55},1"}},"frameNumber":84},{"state":{"Z24":{"st":"7,{-0.35,0.08,0.07,0.31,25.9,11},1"},"Z30":{"st":"1,{0.94,0,0,0.97,55,59.5},1"},"Z23":{"st":"6,{0.33,0.03,-0.02,0.29,89.5,36.6},1"},"Z32":{"st":"3,{-0.23,0.24,-0.24,-0.23,95.5,49},1"},"Z29":{"st":"0,{0.88,0,0,0.96,55,66.6},1"},"Z26":{"st":"9,{-0.32,0.4,0.42,0.33,26.95,46.95},0.76"},"Z25":{"st":"8,{0.34,0.42,-0.43,0.35,78.65,53.95},0.76"},"Z31":{"st":"2,{0.24,0.23,-0.23,0.24,17.15,58.9},1"},"Z21":{"st":"4,{0.32,0.03,-0.03,0.28,97.7,23.8},1"},"Z22":{"st":"5,{-0.39,0.08,0.07,0.34,12.4,24.7},1"}},"frameNumber":85},{"state":{"Z24":{"st":"5,{-0.3,0.07,0.06,0.26,23.25,14.4},1"},"Z31":{"st":"2,{0.24,0.23,-0.23,0.24,17.15,58.9},0"},"Z32":{"st":"3,{-0.23,0.24,-0.24,-0.23,95.5,49},0"},"Z26":{"st":"7,{-0.33,0.35,0.33,0.32,25.8,46.7},0.88"},"Z25":{"st":"6,{0.34,0.36,-0.35,0.33,79.95,53.7},0.88"},"Z23":{"st":"4,{0.28,0.02,-0.02,0.24,92.3,39.35},1"},"Z21":{"st":"2,{0.28,0.03,-0.02,0.25,100.5,24.55},1"},"Z22":{"st":"3,{-0.34,0.07,0.06,0.3,9.2,26},1"}},"frameNumber":86},{"state":{"Z24":{"st":"5,{-0.25,0.06,0.05,0.21,21.7,18.45},1"},"Z26":{"st":"7,{-0.33,0.3,0.26,0.29,24.35,46.9},1"},"Z25":{"st":"6,{0.34,0.31,-0.27,0.3,81.45,53.85},1"},"Z23":{"st":"4,{0.23,0.02,-0.02,0.2,94.3,42.8},1"},"Z21":{"st":"2,{0.25,0.02,-0.02,0.21,103,26},1"},"Z22":{"st":"3,{-0.3,0.06,0.05,0.26,6.3,28.1},1"}},"frameNumber":87},{"state":{"Z24":{"st":"5,{-0.3,0.27,0.23,0.26,21.6,47.55},1"},"Z26":{"st":"7,{-0.33,0.3,0.26,0.29,24.35,46.9},0"},"Z25":{"st":"6,{0.34,0.31,-0.27,0.3,81.45,53.85},0"},"Z23":{"st":"4,{0.31,0.28,-0.24,0.27,84.35,54.5},1"},"Z21":{"st":"2,{0.21,0.02,-0.02,0.18,105.15,28.05},1"},"Z22":{"st":"3,{-0.25,0.05,0.05,0.22,3.95,30.9},1"}},"frameNumber":88},{"state":{"Z24":{"st":"5,{-0.27,0.24,0.21,0.23,19,49.25},1"},"Z23":{"st":"4,{0.28,0.25,-0.22,0.24,86.9,56.35},1"},"Z21":{"st":"2,{0.17,0.02,-0.01,0.15,106.55,30.7},1"},"Z22":{"st":"3,{-0.21,0.04,0.04,0.18,2.6,34.25},1"}},"frameNumber":89},{"state":{"Z24":{"st":"5,{-0.27,0.24,0.21,0.23,19,49.25},0"},"Z23":{"st":"4,{0.28,0.25,-0.22,0.24,86.9,56.35},0"},"Z21":{"st":"2,{0.25,0.22,-0.19,0.21,89,58.9},1"},"Z22":{"st":"3,{-0.24,0.21,0.18,0.21,17.05,51.8},1"}},"frameNumber":90},{"state":{"Z21":{"st":"2,{0.21,0.19,-0.17,0.19,90.4,62},1"},"Z22":{"st":"3,{-0.21,0.18,0.16,0.18,15.7,54.8},1"}},"frameNumber":91},{"state":{"Z21":{"st":"2,{0.18,0.16,-0.14,0.16,90.95,65.35},1"},"Z22":{"st":"3,{-0.17,0.16,0.14,0.15,15.15,58},1"}},"frameNumber":92}],"animationSequences":[{"endFrameNo":30,"id":"idle","startFrameNo":1},{"endFrameNo":48,"id":"move","startFrameNo":31},{"endFrameNo":72,"id":"vanish","startFrameNo":49},{"endFrameNo":91,"id":"hit","startFrameNo":73}],"animationMasks":{"Z19":"A15"}}