{"version":"2.5","namedParts":{},"animationObjects":{"Z22":"A6","Z9":"A5","Z14":"A5","Z8":"A5","Z11":"A5","Z10":"A5","Z7":"A5","Z18":"A5","Z6":"A5","Z13":"A5","Z16":"A5","Z5":"A4","Z17":"A5","Z4":"A3","Z21":"A5","Z3":"A2","Z20":"A5","Z2":"A1","Z1":"A0","Z12":"A5","Z19":"A5","Z15":"A5"},"animationFrameCount":154,"textureAtlas":[{"elements":[{"pivotY":2,"scale":1,"x":414,"height":113,"y":420,"pivotX":2,"name":"A0","atlasID":1,"width":113},{"pivotY":60,"scale":1,"x":527,"height":120,"y":420,"pivotX":62,"name":"A1","atlasID":1,"width":124},{"pivotY":6,"scale":1,"x":761,"height":77,"y":62,"pivotX":6,"name":"A2","atlasID":1,"width":141},{"pivotY":4,"scale":1,"x":527,"height":149,"y":540,"pivotX":4,"name":"A3","atlasID":1,"width":149},{"pivotY":85,"scale":1,"x":676,"height":169,"y":540,"pivotX":86,"name":"A4","atlasID":1,"width":170},{"pivotY":3,"scale":1,"x":823,"height":27,"y":26,"pivotX":3,"name":"A5","atlasID":1,"width":27},{"pivotY":51,"scale":1,"x":527,"height":101,"y":318,"pivotX":52,"name":"A6","atlasID":1,"width":102}],"atlases":[{"id":1,"sources":[{"csf":1,"source":"atlas1.png"},{"csf":2,"source":"atlas2.png"}]}],"scale":1}],"animationConfigFrames":[{"state":{"Z2":{"st":"1,{1,0,0,1,70,70},1","e":[{"y":"5","t":"Fblur","x":"5"}]},"Z1":{"c":"0,0,0.85,0,1,0,0.75","st":"0,{0.72,0.69,-0.69,0.72,67.8,-6.65},1","e":[{"y":"10","t":"Fblur","x":"10"}]},"Z3":{"st":"2,{0.51,0,0,1,36.8,36.85},1","e":[{"y":"5","t":"Fblur","x":"5"}]}},"frameNumber":1},{"state":{"Z2":{"st":"1,{1,0.01,-0.01,1,70,70},1","e":[{"y":"5","t":"Fblur","x":"5"}]},"Z1":{"c":"0,0,0.85,0,1,0,0.75","st":"0,{0.74,0.66,-0.66,0.74,65.4,-6.45},1","e":[{"y":"10","t":"Fblur","x":"10"}]},"Z3":{"st":"2,{0.59,0,0,1,31.75,36.85},1","e":[{"y":"5","t":"Fblur","x":"5"}]}},"frameNumber":2},{"state":{"Z2":{"st":"1,{1,0.03,-0.03,1,70,70},1","e":[{"y":"5","t":"Fblur","x":"5"}]},"Z1":{"c":"0,0,0.85,0,1,0,0.75","st":"0,{0.77,0.64,-0.64,0.77,63,-6.3},1","e":[{"y":"10","t":"Fblur","x":"10"}]},"Z3":{"st":"2,{0.66,0,0,1,27.15,36.85},1","e":[{"y":"5","t":"Fblur","x":"5"}]}},"frameNumber":3},{"state":{"Z2":{"st":"1,{1,0.04,-0.04,1,70,70},1","e":[{"y":"5","t":"Fblur","x":"5"}]},"Z1":{"c":"0,0,0.85,0,1,0,0.75","st":"0,{0.79,0.61,-0.61,0.79,60.4,-6},1","e":[{"y":"10","t":"Fblur","x":"10"}]},"Z3":{"st":"2,{0.73,0,0,1,22.95,36.85},1","e":[{"y":"5","t":"Fblur","x":"5"}]}},"frameNumber":4},{"state":{"Z2":{"st":"1,{0.99,0.06,-0.06,0.99,70.05,70.05},1","e":[{"y":"5","t":"Fblur","x":"5"}]},"Z1":{"c":"0,0,0.85,0,1,0,0.75","st":"0,{0.81,0.59,-0.59,0.81,58.05,-5.7},1","e":[{"y":"10","t":"Fblur","x":"10"}]},"Z3":{"st":"2,{0.78,0,0,1,19.15,36.85},1","e":[{"y":"5","t":"Fblur","x":"5"}]}},"frameNumber":5},{"state":{"Z2":{"st":"1,{0.99,0.07,-0.07,0.99,70,70},1","e":[{"y":"5","t":"Fblur","x":"5"}]},"Z1":{"c":"0,0,0.85,0,1,0,0.75","st":"0,{0.82,0.56,-0.56,0.82,55.8,-5.25},1","e":[{"y":"10","t":"Fblur","x":"10"}]},"Z3":{"st":"2,{0.83,0,0,1,15.85,36.85},1","e":[{"y":"5","t":"Fblur","x":"5"}]}},"frameNumber":6},{"state":{"Z2":{"st":"1,{0.99,0.09,-0.09,0.99,70,70},1","e":[{"y":"5","t":"Fblur","x":"5"}]},"Z1":{"c":"0,0,0.85,0,1,0,0.75","st":"0,{0.84,0.54,-0.54,0.84,53.45,-4.85},1","e":[{"y":"10","t":"Fblur","x":"10"}]},"Z3":{"st":"2,{0.88,0,0,1,12.95,36.85},1","e":[{"y":"5","t":"Fblur","x":"5"}]}},"frameNumber":7},{"state":{"Z2":{"st":"1,{0.99,0.1,-0.1,0.99,69.95,69.95},1","e":[{"y":"5","t":"Fblur","x":"5"}]},"Z1":{"c":"0,0,0.85,0,1,0,0.75","st":"0,{0.86,0.51,-0.51,0.86,50.8,-4.25},1","e":[{"y":"10","t":"Fblur","x":"10"}]},"Z3":{"st":"2,{0.92,0,0,1,10.5,36.85},1","e":[{"y":"5","t":"Fblur","x":"5"}]}},"frameNumber":8},{"state":{"Z2":{"st":"1,{0.99,0.12,-0.12,0.99,69.95,69.95},1","e":[{"y":"5","t":"Fblur","x":"5"}]},"Z1":{"c":"0,0,0.85,0,1,0,0.75","st":"0,{0.87,0.48,-0.48,0.87,48.6,-3.65},1","e":[{"y":"10","t":"Fblur","x":"10"}]},"Z3":{"st":"2,{0.95,0,0,1,8.55,36.85},1","e":[{"y":"5","t":"Fblur","x":"5"}]}},"frameNumber":9},{"state":{"Z2":{"st":"1,{0.98,0.13,-0.13,0.98,70,70},1","e":[{"y":"5","t":"Fblur","x":"5"}]},"Z1":{"c":"0,0,0.85,0,1,0,0.75","st":"0,{0.89,0.45,-0.45,0.89,46.3,-2.95},1","e":[{"y":"10","t":"Fblur","x":"10"}]},"Z3":{"st":"2,{0.97,0,0,1,7,36.85},1","e":[{"y":"5","t":"Fblur","x":"5"}]}},"frameNumber":10},{"state":{"Z2":{"st":"1,{0.98,0.15,-0.15,0.98,70,70},1","e":[{"y":"5","t":"Fblur","x":"5"}]},"Z1":{"c":"0,0,0.85,0,1,0,0.75","st":"0,{0.9,0.43,-0.43,0.9,44.1,-2.2},1","e":[{"y":"10","t":"Fblur","x":"10"}]},"Z3":{"st":"2,{0.99,0,0,1,5.85,36.85},1","e":[{"y":"5","t":"Fblur","x":"5"}]}},"frameNumber":11},{"state":{"Z2":{"st":"1,{0.98,0.16,-0.16,0.98,70,70},1","e":[{"y":"5","t":"Fblur","x":"5"}]},"Z1":{"c":"0,0,0.85,0,1,0,0.75","st":"0,{0.91,0.4,-0.4,0.91,41.85,-1.35},1","e":[{"y":"10","t":"Fblur","x":"10"}]},"Z3":{"st":"2,{1,0,0,1,5.2,36.85},1","e":[{"y":"5","t":"Fblur","x":"5"}]}},"frameNumber":12},{"state":{"Z2":{"st":"1,{0.97,0.18,-0.18,0.97,70,69.9},1","e":[{"y":"5","t":"Fblur","x":"5"}]},"Z1":{"c":"0,0,0.85,0,1,0,0.75","st":"0,{0.93,0.37,-0.37,0.93,39.5,-0.35},1","e":[{"y":"10","t":"Fblur","x":"10"}]},"Z3":{"st":"2,{1,0,0,1,5,36.85},1","e":[{"y":"5","t":"Fblur","x":"5"}]}},"frameNumber":13},{"state":{"Z2":{"st":"1,{0.97,0.19,-0.19,0.97,70.05,70.05},1","e":[{"y":"5","t":"Fblur","x":"5"}]},"Z1":{"c":"0,0,0.85,0,1,0,0.75","st":"0,{0.94,0.34,-0.34,0.94,37.3,0.55},1","e":[{"y":"10","t":"Fblur","x":"10"}]},"Z3":{"st":"2,{1,0,0,1,5.25,36.85},1","e":[{"y":"5","t":"Fblur","x":"5"}]}},"frameNumber":14},{"state":{"Z2":{"st":"1,{0.97,0.21,-0.21,0.97,70,70},1","e":[{"y":"5","t":"Fblur","x":"5"}]},"Z1":{"c":"0,0,0.85,0,1,0,0.75","st":"0,{0.95,0.31,-0.31,0.95,35.15,1.65},1","e":[{"y":"10","t":"Fblur","x":"10"}]},"Z3":{"st":"2,{0.99,0,0,1,5.95,36.85},1","e":[{"y":"5","t":"Fblur","x":"5"}]}},"frameNumber":15},{"state":{"Z2":{"st":"1,{0.96,0.22,-0.22,0.96,69.95,69.95},1","e":[{"y":"5","t":"Fblur","x":"5"}]},"Z1":{"c":"0,0,0.85,0,1,0,0.75","st":"0,{0.96,0.28,-0.28,0.96,33.05,2.7},1","e":[{"y":"10","t":"Fblur","x":"10"}]},"Z3":{"st":"2,{0.97,0,0,1,7,36.85},1","e":[{"y":"5","t":"Fblur","x":"5"}]}},"frameNumber":16},{"state":{"Z2":{"st":"1,{0.96,0.23,-0.23,0.96,70,70},1","e":[{"y":"5","t":"Fblur","x":"5"}]},"Z1":{"c":"0,0,0.85,0,1,0,0.75","st":"0,{0.97,0.25,-0.25,0.97,30.8,4},1","e":[{"y":"10","t":"Fblur","x":"10"}]},"Z3":{"st":"2,{0.95,0,0,1,8.6,36.85},1","e":[{"y":"5","t":"Fblur","x":"5"}]}},"frameNumber":17},{"state":{"Z2":{"st":"1,{0.95,0.25,-0.25,0.95,69.95,69.95},1","e":[{"y":"5","t":"Fblur","x":"5"}]},"Z1":{"c":"0,0,0.85,0,1,0,0.75","st":"0,{0.97,0.22,-0.22,0.97,28.8,5.25},1","e":[{"y":"10","t":"Fblur","x":"10"}]},"Z3":{"st":"2,{0.92,0,0,1,10.55,36.85},1","e":[{"y":"5","t":"Fblur","x":"5"}]}},"frameNumber":18},{"state":{"Z2":{"st":"1,{0.95,0.26,-0.26,0.95,69.95,69.95},1","e":[{"y":"5","t":"Fblur","x":"5"}]},"Z1":{"c":"0,0,0.85,0,1,0,0.75","st":"0,{0.98,0.19,-0.19,0.98,26.7,6.5},1","e":[{"y":"10","t":"Fblur","x":"10"}]},"Z3":{"st":"2,{0.88,0,0,1,13,36.85},1","e":[{"y":"5","t":"Fblur","x":"5"}]}},"frameNumber":19},{"state":{"Z2":{"st":"1,{0.94,0.28,-0.28,0.94,70,70},1","e":[{"y":"5","t":"Fblur","x":"5"}]},"Z1":{"c":"0,0,0.85,0,1,0,0.75","st":"0,{0.99,0.16,-0.16,0.99,24.9,7.85},1","e":[{"y":"10","t":"Fblur","x":"10"}]},"Z3":{"st":"2,{0.83,0,0,1,15.8,36.85},1","e":[{"y":"5","t":"Fblur","x":"5"}]}},"frameNumber":20},{"state":{"Z2":{"st":"1,{0.94,0.29,-0.29,0.94,70,69.9},1","e":[{"y":"5","t":"Fblur","x":"5"}]},"Z1":{"c":"0,0,0.85,0,1,0,0.75","st":"0,{0.99,0.12,-0.12,0.99,22.75,9.4},1","e":[{"y":"10","t":"Fblur","x":"10"}]},"Z3":{"st":"2,{0.78,0,0,1,19.15,36.85},1","e":[{"y":"5","t":"Fblur","x":"5"}]}},"frameNumber":21},{"state":{"Z2":{"st":"1,{0.93,0.3,-0.3,0.93,69.95,69.95},1","e":[{"y":"5","t":"Fblur","x":"5"}]},"Z1":{"c":"0,0,0.85,0,1,0,0.75","st":"0,{1,0.09,-0.09,1,20.9,10.9},1","e":[{"y":"10","t":"Fblur","x":"10"}]},"Z3":{"st":"2,{0.73,0,0,1,22.95,36.85},1","e":[{"y":"5","t":"Fblur","x":"5"}]}},"frameNumber":22},{"state":{"Z2":{"st":"1,{0.93,0.32,-0.32,0.93,70,70},1","e":[{"y":"5","t":"Fblur","x":"5"}]},"Z1":{"c":"0,0,0.85,0,1,0,0.75","st":"0,{1,0.06,-0.06,1,19.1,12.45},1","e":[{"y":"10","t":"Fblur","x":"10"}]},"Z3":{"st":"2,{0.66,0,0,1,27.15,36.85},1","e":[{"y":"5","t":"Fblur","x":"5"}]}},"frameNumber":23},{"state":{"Z2":{"st":"1,{0.92,0.33,-0.33,0.92,70,70},1","e":[{"y":"5","t":"Fblur","x":"5"}]},"Z1":{"c":"0,0,0.85,0,1,0,0.75","st":"0,{1,0.03,-0.03,1,17.3,14},1","e":[{"y":"10","t":"Fblur","x":"10"}]},"Z3":{"st":"2,{0.59,0,0,1,31.75,36.85},1","e":[{"y":"5","t":"Fblur","x":"5"}]}},"frameNumber":24},{"state":{"Z2":{"st":"1,{0.92,0.35,-0.35,0.92,70,70},1","e":[{"y":"5","t":"Fblur","x":"5"}]},"Z1":{"c":"0,0,0.85,0,1,0,0.75","st":"0,{1,0,0,1,15.65,15.65},1","e":[{"y":"10","t":"Fblur","x":"10"}]},"Z3":{"st":"2,{0.51,0,0,1,36.8,36.85},1","e":[{"y":"5","t":"Fblur","x":"5"}]}},"frameNumber":25},{"state":{"Z2":{"st":"1,{1,0,0,1,70,70},1","e":[{"y":"5","t":"Fblur","x":"5"}]},"Z4":{"st":"2,{0.71,0,0,0.71,19.6,19.6},1","e":[{"y":"5","t":"Fblur","x":"5"}]},"Z1":{"c":"0,0,0.85,0,1,0,0.75","st":"0,{0.72,0.69,-0.69,0.72,67.8,-6.65},1","e":[{"y":"10","t":"Fblur","x":"10"}]},"Z3":{"st":"2,{0.51,0,0,1,36.8,36.85},0","e":[{"y":"5","t":"Fblur","x":"5"}]}},"frameNumber":26},{"state":{"Z2":{"st":"1,{1,0.01,-0.01,1,70,70},1","e":[{"y":"5","t":"Fblur","x":"5"}]},"Z4":{"st":"2,{0.76,0,0,0.76,16.4,16.4},1","e":[{"y":"5","t":"Fblur","x":"5"}]},"Z1":{"c":"0,0,0.85,0,1,0,0.75","st":"0,{0.74,0.66,-0.66,0.74,65.4,-6.45},1","e":[{"y":"10","t":"Fblur","x":"10"}]}},"frameNumber":27},{"state":{"Z2":{"st":"1,{1,0.03,-0.03,1,70,70},1","e":[{"y":"5","t":"Fblur","x":"5"}]},"Z4":{"st":"2,{0.8,0,0,0.8,13.45,13.45},1","e":[{"y":"5","t":"Fblur","x":"5"}]},"Z1":{"c":"0,0,0.85,0,1,0,0.75","st":"0,{0.77,0.64,-0.64,0.77,63,-6.3},1","e":[{"y":"10","t":"Fblur","x":"10"}]}},"frameNumber":28},{"state":{"Z2":{"st":"1,{1,0.04,-0.04,1,70,70},1","e":[{"y":"5","t":"Fblur","x":"5"}]},"Z4":{"st":"2,{0.84,0,0,0.84,10.8,10.8},1","e":[{"y":"5","t":"Fblur","x":"5"}]},"Z1":{"c":"0,0,0.85,0,1,0,0.75","st":"0,{0.79,0.61,-0.61,0.79,60.4,-6},1","e":[{"y":"10","t":"Fblur","x":"10"}]}},"frameNumber":29},{"state":{"Z2":{"st":"1,{0.99,0.06,-0.06,0.99,70.05,70.05},1","e":[{"y":"5","t":"Fblur","x":"5"}]},"Z4":{"st":"2,{0.87,0,0,0.87,8.4,8.4},1","e":[{"y":"5","t":"Fblur","x":"5"}]},"Z1":{"c":"0,0,0.85,0,1,0,0.75","st":"0,{0.81,0.59,-0.59,0.81,58.05,-5.7},1","e":[{"y":"10","t":"Fblur","x":"10"}]}},"frameNumber":30},{"state":{"Z2":{"st":"1,{0.99,0.07,-0.07,0.99,70,70},1","e":[{"y":"5","t":"Fblur","x":"5"}]},"Z4":{"st":"2,{0.9,0,0,0.9,6.3,6.3},1","e":[{"y":"5","t":"Fblur","x":"5"}]},"Z1":{"c":"0,0,0.85,0,1,0,0.75","st":"0,{0.82,0.56,-0.56,0.82,55.8,-5.25},1","e":[{"y":"10","t":"Fblur","x":"10"}]}},"frameNumber":31},{"state":{"Z2":{"st":"1,{0.99,0.09,-0.09,0.99,70,70},1","e":[{"y":"5","t":"Fblur","x":"5"}]},"Z4":{"st":"2,{0.93,0,0,0.93,4.55,4.55},1","e":[{"y":"5","t":"Fblur","x":"5"}]},"Z1":{"c":"0,0,0.85,0,1,0,0.75","st":"0,{0.84,0.54,-0.54,0.84,53.45,-4.85},1","e":[{"y":"10","t":"Fblur","x":"10"}]}},"frameNumber":32},{"state":{"Z2":{"st":"1,{0.99,0.1,-0.1,0.99,69.95,69.95},1","e":[{"y":"5","t":"Fblur","x":"5"}]},"Z4":{"st":"2,{0.95,0,0,0.95,3,3},1","e":[{"y":"5","t":"Fblur","x":"5"}]},"Z1":{"c":"0,0,0.85,0,1,0,0.75","st":"0,{0.86,0.51,-0.51,0.86,50.8,-4.25},1","e":[{"y":"10","t":"Fblur","x":"10"}]}},"frameNumber":33},{"state":{"Z2":{"st":"1,{0.99,0.12,-0.12,0.99,69.95,69.95},1","e":[{"y":"5","t":"Fblur","x":"5"}]},"Z4":{"st":"2,{0.97,0,0,0.97,1.7,1.7},1","e":[{"y":"5","t":"Fblur","x":"5"}]},"Z1":{"c":"0,0,0.85,0,1,0,0.75","st":"0,{0.87,0.48,-0.48,0.87,48.6,-3.65},1","e":[{"y":"10","t":"Fblur","x":"10"}]}},"frameNumber":34},{"state":{"Z2":{"st":"1,{0.98,0.13,-0.13,0.98,70,70},1","e":[{"y":"5","t":"Fblur","x":"5"}]},"Z4":{"st":"2,{0.98,0,0,0.98,0.75,0.75},1","e":[{"y":"5","t":"Fblur","x":"5"}]},"Z1":{"c":"0,0,0.85,0,1,0,0.75","st":"0,{0.89,0.45,-0.45,0.89,46.3,-2.95},1","e":[{"y":"10","t":"Fblur","x":"10"}]}},"frameNumber":35},{"state":{"Z2":{"st":"1,{0.98,0.15,-0.15,0.98,70,70},1","e":[{"y":"5","t":"Fblur","x":"5"}]},"Z4":{"st":"2,{0.99,0,0,0.99,0,0},1","e":[{"y":"5","t":"Fblur","x":"5"}]},"Z1":{"c":"0,0,0.85,0,1,0,0.75","st":"0,{0.9,0.43,-0.43,0.9,44.1,-2.2},1","e":[{"y":"10","t":"Fblur","x":"10"}]}},"frameNumber":36},{"state":{"Z2":{"st":"1,{0.98,0.16,-0.16,0.98,70,70},1","e":[{"y":"5","t":"Fblur","x":"5"}]},"Z4":{"st":"2,{1,0,0,1,-0.35,-0.35},1","e":[{"y":"5","t":"Fblur","x":"5"}]},"Z1":{"c":"0,0,0.85,0,1,0,0.75","st":"0,{0.91,0.4,-0.4,0.91,41.85,-1.35},1","e":[{"y":"10","t":"Fblur","x":"10"}]}},"frameNumber":37},{"state":{"Z2":{"st":"1,{0.97,0.18,-0.18,0.97,70,69.9},1","e":[{"y":"5","t":"Fblur","x":"5"}]},"Z4":{"st":"2,{1,0,0,1,-0.55,-0.55},1","e":[{"y":"5","t":"Fblur","x":"5"}]},"Z1":{"c":"0,0,0.85,0,1,0,0.75","st":"0,{0.93,0.37,-0.37,0.93,39.5,-0.35},1","e":[{"y":"10","t":"Fblur","x":"10"}]}},"frameNumber":38},{"state":{"Z2":{"st":"1,{0.97,0.19,-0.19,0.97,70.05,70.05},1","e":[{"y":"5","t":"Fblur","x":"5"}]},"Z4":{"st":"2,{1,0,0,1,-0.45,-0.45},1","e":[{"y":"5","t":"Fblur","x":"5"}]},"Z1":{"c":"0,0,0.85,0,1,0,0.75","st":"0,{0.94,0.34,-0.34,0.94,37.3,0.55},1","e":[{"y":"10","t":"Fblur","x":"10"}]}},"frameNumber":39},{"state":{"Z2":{"st":"1,{0.97,0.21,-0.21,0.97,70,70},1","e":[{"y":"5","t":"Fblur","x":"5"}]},"Z4":{"st":"2,{0.99,0,0,0.99,0,0},1","e":[{"y":"5","t":"Fblur","x":"5"}]},"Z1":{"c":"0,0,0.85,0,1,0,0.75","st":"0,{0.95,0.31,-0.31,0.95,35.15,1.65},1","e":[{"y":"10","t":"Fblur","x":"10"}]}},"frameNumber":40},{"state":{"Z2":{"st":"1,{0.96,0.22,-0.22,0.96,69.95,69.95},1","e":[{"y":"5","t":"Fblur","x":"5"}]},"Z4":{"st":"2,{0.98,0,0,0.98,0.65,0.65},1","e":[{"y":"5","t":"Fblur","x":"5"}]},"Z1":{"c":"0,0,0.85,0,1,0,0.75","st":"0,{0.96,0.28,-0.28,0.96,33.05,2.7},1","e":[{"y":"10","t":"Fblur","x":"10"}]}},"frameNumber":41},{"state":{"Z2":{"st":"1,{0.96,0.23,-0.23,0.96,70,70},1","e":[{"y":"5","t":"Fblur","x":"5"}]},"Z4":{"st":"2,{0.97,0,0,0.97,1.65,1.65},1","e":[{"y":"5","t":"Fblur","x":"5"}]},"Z1":{"c":"0,0,0.85,0,1,0,0.75","st":"0,{0.97,0.25,-0.25,0.97,30.8,4},1","e":[{"y":"10","t":"Fblur","x":"10"}]}},"frameNumber":42},{"state":{"Z2":{"st":"1,{0.95,0.25,-0.25,0.95,69.95,69.95},1","e":[{"y":"5","t":"Fblur","x":"5"}]},"Z4":{"st":"2,{0.95,0,0,0.95,2.95,2.95},1","e":[{"y":"5","t":"Fblur","x":"5"}]},"Z1":{"c":"0,0,0.85,0,1,0,0.75","st":"0,{0.97,0.22,-0.22,0.97,28.8,5.25},1","e":[{"y":"10","t":"Fblur","x":"10"}]}},"frameNumber":43},{"state":{"Z2":{"st":"1,{0.95,0.26,-0.26,0.95,69.95,69.95},1","e":[{"y":"5","t":"Fblur","x":"5"}]},"Z4":{"st":"2,{0.93,0,0,0.93,4.45,4.45},1","e":[{"y":"5","t":"Fblur","x":"5"}]},"Z1":{"c":"0,0,0.85,0,1,0,0.75","st":"0,{0.98,0.19,-0.19,0.98,26.7,6.5},1","e":[{"y":"10","t":"Fblur","x":"10"}]}},"frameNumber":44},{"state":{"Z2":{"st":"1,{0.94,0.28,-0.28,0.94,70,70},1","e":[{"y":"5","t":"Fblur","x":"5"}]},"Z4":{"st":"2,{0.9,0,0,0.9,6.3,6.3},1","e":[{"y":"5","t":"Fblur","x":"5"}]},"Z1":{"c":"0,0,0.85,0,1,0,0.75","st":"0,{0.99,0.16,-0.16,0.99,24.9,7.85},1","e":[{"y":"10","t":"Fblur","x":"10"}]}},"frameNumber":45},{"state":{"Z2":{"st":"1,{0.94,0.29,-0.29,0.94,70,69.9},1","e":[{"y":"5","t":"Fblur","x":"5"}]},"Z4":{"st":"2,{0.87,0,0,0.87,8.35,8.35},1","e":[{"y":"5","t":"Fblur","x":"5"}]},"Z1":{"c":"0,0,0.85,0,1,0,0.75","st":"0,{0.99,0.12,-0.12,0.99,22.75,9.4},1","e":[{"y":"10","t":"Fblur","x":"10"}]}},"frameNumber":46},{"state":{"Z2":{"st":"1,{0.93,0.3,-0.3,0.93,69.95,69.95},1","e":[{"y":"5","t":"Fblur","x":"5"}]},"Z4":{"st":"2,{0.84,0,0,0.84,10.75,10.75},1","e":[{"y":"5","t":"Fblur","x":"5"}]},"Z1":{"c":"0,0,0.85,0,1,0,0.75","st":"0,{1,0.09,-0.09,1,20.9,10.9},1","e":[{"y":"10","t":"Fblur","x":"10"}]}},"frameNumber":47},{"state":{"Z2":{"st":"1,{0.93,0.32,-0.32,0.93,70,70},1","e":[{"y":"5","t":"Fblur","x":"5"}]},"Z4":{"st":"2,{0.8,0,0,0.8,13.4,13.4},1","e":[{"y":"5","t":"Fblur","x":"5"}]},"Z1":{"c":"0,0,0.85,0,1,0,0.75","st":"0,{1,0.06,-0.06,1,19.1,12.45},1","e":[{"y":"10","t":"Fblur","x":"10"}]}},"frameNumber":48},{"state":{"Z2":{"st":"1,{0.92,0.33,-0.33,0.92,70,70},1","e":[{"y":"5","t":"Fblur","x":"5"}]},"Z4":{"st":"2,{0.76,0,0,0.76,16.35,16.35},1","e":[{"y":"5","t":"Fblur","x":"5"}]},"Z1":{"c":"0,0,0.85,0,1,0,0.75","st":"0,{1,0.03,-0.03,1,17.3,14},1","e":[{"y":"10","t":"Fblur","x":"10"}]}},"frameNumber":49},{"state":{"Z2":{"st":"1,{0.92,0.35,-0.35,0.92,70,70},1","e":[{"y":"5","t":"Fblur","x":"5"}]},"Z4":{"st":"2,{0.71,0,0,0.71,19.6,19.6},1","e":[{"y":"5","t":"Fblur","x":"5"}]},"Z1":{"c":"0,0,0.85,0,1,0,0.75","st":"0,{1,0,0,1,15.65,15.65},1","e":[{"y":"10","t":"Fblur","x":"10"}]}},"frameNumber":50},{"state":{"Z9":{"st":"4,{-0.91,0,0,-0.91,73.75,20.8},0.2"},"Z8":{"st":"3,{0.91,0,0,0.91,66.2,119.1},0.2"},"Z11":{"st":"6,{-0.52,-0.51,0.51,-0.52,100.05,44.15},0.2"},"Z10":{"st":"5,{0.52,0.51,-0.51,0.52,39.95,95.75},0.2"},"Z7":{"st":"2,{0,-0.91,0.91,0,119.15,73.75},0.2"},"Z6":{"st":"1,{0,0.91,-0.91,0,20.8,66.25},0.2"},"Z13":{"st":"8,{-0.51,0.51,-0.51,-0.51,44.2,39.9},0.2"},"Z5":{"st":"0,{0.61,0,0,0.61,70,70},0.6","e":[]},"Z4":{"st":"2,{0.71,0,0,0.71,19.6,19.6},0","e":[{"y":"5","t":"Fblur","x":"5"}]},"Z2":{"st":"1,{0.92,0.35,-0.35,0.92,70,70},0","e":[{"y":"5","t":"Fblur","x":"5"}]},"Z1":{"c":"0,0,0.85,0,1,0,0.75","st":"0,{1,0,0,1,15.65,15.65},0","e":[{"y":"10","t":"Fblur","x":"10"}]},"Z12":{"st":"7,{0.51,-0.51,0.51,0.51,95.75,99.95},0.2"}},"frameNumber":51},{"state":{"Z5":{"st":"0,{0.61,0,0,0.61,70,70},0.63","e":[]},"Z9":{"st":"4,{-0.85,0.08,-0.08,-0.85,74.05,20.6},0.3"},"Z12":{"st":"7,{0.44,-0.53,0.53,0.44,95.7,100.2},0.3"},"Z8":{"st":"3,{0.85,-0.08,0.08,0.85,65.9,119.3},0.3"},"Z11":{"st":"6,{-0.53,-0.44,0.44,-0.53,100.3,44.2},0.3"},"Z10":{"st":"5,{0.53,0.44,-0.44,0.53,39.7,95.7},0.3"},"Z7":{"st":"2,{-0.08,-0.85,0.85,-0.08,119.35,74.05},0.3"},"Z6":{"st":"1,{0.08,0.85,-0.85,0.08,20.6,65.95},0.3"},"Z13":{"st":"8,{-0.44,0.53,-0.53,-0.44,44.25,39.65},0.3"}},"frameNumber":52},{"state":{"Z5":{"st":"0,{0.6,0,0,0.6,69.95,69.95},0.66","e":[]},"Z9":{"st":"4,{-0.79,0.15,-0.15,-0.79,74.15,20.3},0.4"},"Z12":{"st":"7,{0.37,-0.54,0.54,0.37,95.75,100.5},0.4"},"Z8":{"st":"3,{0.79,-0.15,0.15,0.79,65.8,119.6},0.4"},"Z11":{"st":"6,{-0.54,-0.37,0.37,-0.54,100.6,44.15},0.4"},"Z10":{"st":"5,{0.54,0.37,-0.37,0.54,39.4,95.75},0.4"},"Z7":{"st":"2,{-0.15,-0.79,0.79,-0.15,119.65,74.15},0.4"},"Z6":{"st":"1,{0.15,0.79,-0.79,0.15,20.3,65.85},0.4"},"Z13":{"st":"8,{-0.37,0.54,-0.54,-0.37,44.2,39.35},0.4"}},"frameNumber":53},{"state":{"Z5":{"st":"0,{0.59,0,0,0.59,70,70},0.68","e":[]},"Z9":{"st":"4,{-0.73,0.21,-0.21,-0.73,74.1,20.3},0.5"},"Z12":{"st":"7,{0.3,-0.53,0.53,0.3,95.8,100.45},0.5"},"Z8":{"st":"3,{0.73,-0.21,0.21,0.73,65.85,119.6},0.5"},"Z11":{"st":"6,{-0.53,-0.3,0.3,-0.53,100.55,44.1},0.5"},"Z10":{"st":"5,{0.53,0.3,-0.3,0.53,39.45,95.8},0.5"},"Z7":{"st":"2,{-0.21,-0.73,0.73,-0.21,119.65,74.1},0.5"},"Z6":{"st":"1,{0.21,0.73,-0.73,0.21,20.3,65.9},0.5"},"Z13":{"st":"8,{-0.3,0.53,-0.53,-0.3,44.15,39.4},0.5"}},"frameNumber":54},{"state":{"Z5":{"st":"0,{0.59,0,0,0.59,70,70},0.71","e":[]},"Z9":{"st":"4,{-0.66,0.26,-0.26,-0.66,73.95,20.1},0.6"},"Z12":{"st":"7,{0.23,-0.52,0.52,0.23,96.05,100.45},0.6"},"Z8":{"st":"3,{0.66,-0.26,0.26,0.66,66,119.8},0.6"},"Z11":{"st":"6,{-0.52,-0.23,0.23,-0.52,100.55,43.85},0.6"},"Z10":{"st":"5,{0.52,0.23,-0.23,0.52,39.45,96.05},0.6"},"Z7":{"st":"2,{-0.26,-0.66,0.66,-0.26,119.85,73.95},0.6"},"Z6":{"st":"1,{0.26,0.66,-0.66,0.26,20.1,66.05},0.6"},"Z13":{"st":"8,{-0.23,0.52,-0.52,-0.23,43.9,39.4},0.6"}},"frameNumber":55},{"state":{"Z9":{"st":"4,{0,-0.91,0.91,0,109.2,63.8},0.2"},"Z14":{"st":"9,{0.51,0.17,-0.17,0.51,39.7,96.2},0.7"},"Z8":{"st":"3,{-0.3,-0.59,0.59,-0.3,119.8,73.55},0.7"},"Z11":{"st":"6,{0.91,0,0,0.91,76.15,109.15},0.2"},"Z10":{"st":"5,{0.59,-0.3,0.3,0.59,66.4,119.75},0.7"},"Z7":{"st":"2,{0,0.91,-0.91,0,30.75,76.2},0.2"},"Z18":{"st":"13,{0.17,-0.51,0.51,0.17,96.2,100.2},0.7"},"Z6":{"st":"1,{0.3,0.59,-0.59,0.3,20.15,66.45},0.7"},"Z13":{"st":"8,{-0.91,0,0,-0.91,63.8,30.75},0.2"},"Z16":{"st":"11,{-0.51,-0.17,0.17,-0.51,100.3,43.7},0.7"},"Z5":{"st":"0,{0.58,0,0,0.58,70,70},0.73","e":[]},"Z17":{"st":"12,{-0.52,-0.51,0.51,-0.52,88.75,44.15},0.2"},"Z21":{"st":"16,{-0.51,0.51,-0.51,-0.51,44.2,51.2},0.2"},"Z20":{"st":"15,{-0.17,0.51,-0.51,-0.17,43.75,39.65},0.7"},"Z12":{"st":"7,{-0.59,0.3,-0.3,-0.59,73.55,20.15},0.7"},"Z19":{"st":"14,{0.51,-0.51,0.51,0.51,95.75,88.65},0.2"},"Z15":{"st":"10,{0.52,0.51,-0.51,0.52,51.25,95.75},0.2"}},"frameNumber":56},{"state":{"Z9":{"st":"4,{-0.08,-0.85,0.85,-0.08,109.45,64.1},0.3"},"Z14":{"st":"9,{0.48,0.11,-0.11,0.48,40.05,96.45},0.8"},"Z8":{"st":"3,{-0.33,-0.52,0.52,-0.33,119.65,73.05},0.8"},"Z11":{"st":"6,{0.85,-0.08,0.08,0.85,75.85,109.4},0.3"},"Z10":{"st":"5,{0.52,-0.33,0.33,0.52,66.9,119.6},0.8"},"Z7":{"st":"2,{0.08,0.85,-0.85,0.08,30.5,75.9},0.3"},"Z18":{"st":"13,{0.11,-0.48,0.48,0.11,96.45,99.85},0.8"},"Z6":{"st":"1,{0.33,0.52,-0.52,0.33,20.3,66.95},0.8"},"Z13":{"st":"8,{-0.85,0.08,-0.08,-0.85,64.1,30.5},0.3"},"Z16":{"st":"11,{-0.48,-0.11,0.11,-0.48,99.95,43.45},0.8"},"Z5":{"st":"0,{0.57,0,0,0.57,70,70},0.76","e":[]},"Z17":{"st":"12,{-0.53,-0.44,0.44,-0.53,89.05,44.2},0.3"},"Z21":{"st":"16,{-0.44,0.53,-0.53,-0.44,44.25,50.9},0.3"},"Z20":{"st":"15,{-0.11,0.48,-0.48,-0.11,43.5,40},0.8"},"Z12":{"st":"7,{-0.52,0.33,-0.33,-0.52,73.05,20.3},0.8"},"Z19":{"st":"14,{0.44,-0.53,0.53,0.44,95.7,88.95},0.3"},"Z15":{"st":"10,{0.53,0.44,-0.44,0.53,50.95,95.7},0.3"}},"frameNumber":57},{"state":{"Z9":{"st":"4,{-0.15,-0.79,0.79,-0.15,109.6,64.3},0.4"},"Z14":{"st":"9,{0.45,0.06,-0.06,0.45,40.6,96.65},0.9"},"Z8":{"st":"3,{-0.34,-0.45,0.45,-0.34,119.35,72.5},0.9"},"Z11":{"st":"6,{0.79,-0.15,0.15,0.79,75.65,109.55},0.4"},"Z10":{"st":"5,{0.45,-0.34,0.34,0.45,67.45,119.3},0.9"},"Z7":{"st":"2,{0.15,0.79,-0.79,0.15,30.35,75.7},0.4"},"Z18":{"st":"13,{0.06,-0.45,0.45,0.06,96.65,99.3},0.9"},"Z6":{"st":"1,{0.34,0.45,-0.45,0.34,20.6,67.5},0.9"},"Z13":{"st":"8,{-0.79,0.15,-0.15,-0.79,64.3,30.35},0.4"},"Z16":{"st":"11,{-0.45,-0.06,0.06,-0.45,99.4,43.25},0.9"},"Z5":{"st":"0,{0.57,0,0,0.57,70,70},0.79","e":[]},"Z17":{"st":"12,{-0.54,-0.37,0.37,-0.54,89.25,44.1},0.4"},"Z21":{"st":"16,{-0.37,0.54,-0.54,-0.37,44.15,50.7},0.4"},"Z20":{"st":"15,{-0.06,0.45,-0.45,-0.06,43.3,40.55},0.9"},"Z12":{"st":"7,{-0.45,0.34,-0.34,-0.45,72.5,20.6},0.9"},"Z19":{"st":"14,{0.37,-0.54,0.54,0.37,95.8,89.15},0.4"},"Z15":{"st":"10,{0.54,0.37,-0.37,0.54,50.75,95.8},0.4"}},"frameNumber":58},{"state":{"Z9":{"st":"4,{-0.21,-0.73,0.73,-0.21,109.75,64.2},0.5"},"Z14":{"st":"9,{0.42,0.01,-0.01,0.42,41.15,96.85},1"},"Z8":{"st":"3,{-0.35,-0.38,0.38,-0.35,119.05,71.7},1"},"Z11":{"st":"6,{0.73,-0.21,0.21,0.73,75.75,109.7},0.5"},"Z10":{"st":"5,{0.38,-0.35,0.35,0.38,68.25,119},1"},"Z7":{"st":"2,{0.21,0.73,-0.73,0.21,30.2,75.8},0.5"},"Z18":{"st":"13,{0.01,-0.42,0.42,0.01,96.85,98.75},1"},"Z6":{"st":"1,{0.35,0.38,-0.38,0.35,20.9,68.3},1"},"Z13":{"st":"8,{-0.73,0.21,-0.21,-0.73,64.2,30.2},0.5"},"Z16":{"st":"11,{-0.42,-0.01,0.01,-0.42,98.85,43.05},1"},"Z5":{"st":"0,{0.56,0,0,0.56,69.95,69.95},0.81","e":[]},"Z17":{"st":"12,{-0.53,-0.3,0.3,-0.53,89.3,44.05},0.5"},"Z21":{"st":"16,{-0.3,0.53,-0.53,-0.3,44.1,50.65},0.5"},"Z20":{"st":"15,{-0.01,0.42,-0.42,-0.01,43.1,41.1},1"},"Z12":{"st":"7,{-0.38,0.35,-0.35,-0.38,71.7,20.9},1"},"Z19":{"st":"14,{0.3,-0.53,0.53,0.3,95.85,89.2},0.5"},"Z15":{"st":"10,{0.53,0.3,-0.3,0.53,50.7,95.85},0.5"}},"frameNumber":59},{"state":{"Z9":{"st":"4,{-0.26,-0.66,0.66,-0.26,109.9,63.95},0.6"},"Z14":{"st":"9,{0.39,-0.02,0.02,0.39,41.35,97.25},0.89"},"Z8":{"st":"3,{-0.36,-0.32,0.32,-0.36,119.2,71.1},0.89"},"Z11":{"st":"6,{0.66,-0.26,0.26,0.66,76,109.85},0.6"},"Z10":{"st":"5,{0.32,-0.36,0.36,0.32,68.85,119.15},0.89"},"Z7":{"st":"2,{0.26,0.66,-0.66,0.26,30.05,76.05},0.6"},"Z18":{"st":"13,{-0.02,-0.39,0.39,-0.02,97.25,98.55},0.89"},"Z6":{"st":"1,{0.36,0.32,-0.32,0.36,20.75,68.9},0.89"},"Z13":{"st":"8,{-0.66,0.26,-0.26,-0.66,63.95,30.05},0.6"},"Z16":{"st":"11,{-0.39,0.02,-0.02,-0.39,98.65,42.65},0.89"},"Z5":{"st":"0,{0.55,0,0,0.55,70,70},0.84","e":[]},"Z17":{"st":"12,{-0.52,-0.23,0.23,-0.52,89.3,43.8},0.6"},"Z21":{"st":"16,{-0.23,0.52,-0.52,-0.23,43.85,50.65},0.6"},"Z20":{"st":"15,{0.02,0.39,-0.39,0.02,42.7,41.3},0.89"},"Z12":{"st":"7,{-0.32,0.36,-0.36,-0.32,71.1,20.75},0.89"},"Z19":{"st":"14,{0.23,-0.52,0.52,0.23,96.1,89.2},0.6"},"Z15":{"st":"10,{0.52,0.23,-0.23,0.52,50.7,96.1},0.6"}},"frameNumber":60},{"state":{"Z9":{"st":"4,{-0.3,-0.59,0.59,-0.3,109.8,63.6},0.7"},"Z14":{"st":"9,{0.36,-0.06,0.06,0.36,41.65,97.55},0.78"},"Z8":{"st":"3,{-0.37,-0.27,0.27,-0.37,119.2,70.6},0.78"},"Z11":{"st":"6,{0.59,-0.3,0.3,0.59,76.35,109.75},0.7"},"Z10":{"st":"5,{0.27,-0.37,0.37,0.27,69.35,119.15},0.78"},"Z7":{"st":"2,{0.3,0.59,-0.59,0.3,30.15,76.4},0.7"},"Z18":{"st":"13,{-0.06,-0.36,0.36,-0.06,97.55,98.25},0.78"},"Z6":{"st":"1,{0.37,0.27,-0.27,0.37,20.75,69.4},0.78"},"Z13":{"st":"8,{-0.59,0.3,-0.3,-0.59,63.6,30.15},0.7"},"Z16":{"st":"11,{-0.36,0.06,-0.06,-0.36,98.35,42.35},0.78"},"Z5":{"st":"0,{0.55,0,0,0.55,70,70},0.87","e":[]},"Z17":{"st":"12,{-0.51,-0.17,0.17,-0.51,88.95,43.7},0.7"},"Z21":{"st":"16,{-0.17,0.51,-0.51,-0.17,43.75,51},0.7"},"Z20":{"st":"15,{0.06,0.36,-0.36,0.06,42.4,41.6},0.78"},"Z12":{"st":"7,{-0.27,0.37,-0.37,-0.27,70.6,20.75},0.78"},"Z19":{"st":"14,{0.17,-0.51,0.51,0.17,96.2,88.85},0.7"},"Z15":{"st":"10,{0.51,0.17,-0.17,0.51,51.05,96.2},0.7"}},"frameNumber":61},{"state":{"Z9":{"st":"4,{-0.33,-0.52,0.52,-0.33,109.7,63.15},0.8"},"Z14":{"st":"9,{0.34,-0.08,0.08,0.34,42.1,97.8},0.67"},"Z8":{"st":"3,{-0.37,-0.22,0.22,-0.37,119,70.05},0.67"},"Z11":{"st":"6,{0.52,-0.33,0.33,0.52,76.8,109.65},0.8"},"Z10":{"st":"5,{0.22,-0.37,0.37,0.22,69.9,118.95},0.67"},"Z7":{"st":"2,{0.33,0.52,-0.52,0.33,30.25,76.85},0.8"},"Z18":{"st":"13,{-0.08,-0.34,0.34,-0.08,97.8,97.8},0.67"},"Z6":{"st":"1,{0.37,0.22,-0.22,0.37,20.95,69.95},0.67"},"Z13":{"st":"8,{-0.52,0.33,-0.33,-0.52,63.15,30.25},0.8"},"Z16":{"st":"11,{-0.34,0.08,-0.08,-0.34,97.9,42.1},0.67"},"Z5":{"st":"0,{0.54,0,0,0.54,70,70},0.89","e":[]},"Z17":{"st":"12,{-0.48,-0.11,0.11,-0.48,88.7,43.5},0.8"},"Z21":{"st":"16,{-0.11,0.48,-0.48,-0.11,43.55,51.25},0.8"},"Z20":{"st":"15,{0.08,0.34,-0.34,0.08,42.15,42.05},0.67"},"Z12":{"st":"7,{-0.22,0.37,-0.37,-0.22,70.05,20.95},0.67"},"Z19":{"st":"14,{0.11,-0.48,0.48,0.11,96.4,88.6},0.8"},"Z15":{"st":"10,{0.48,0.11,-0.11,0.48,51.3,96.4},0.8"}},"frameNumber":62},{"state":{"Z9":{"st":"4,{-0.34,-0.45,0.45,-0.34,109.35,62.4},0.9"},"Z14":{"st":"9,{0.31,-0.1,0.1,0.31,42.55,98.05},0.55"},"Z8":{"st":"3,{-0.36,-0.18,0.18,-0.36,118.85,69.4},0.55"},"Z11":{"st":"6,{0.45,-0.34,0.34,0.45,77.55,109.3},0.9"},"Z10":{"st":"5,{0.18,-0.36,0.36,0.18,70.55,118.8},0.55"},"Z7":{"st":"2,{0.34,0.45,-0.45,0.34,30.6,77.6},0.9"},"Z18":{"st":"13,{-0.1,-0.31,0.31,-0.1,98.05,97.35},0.55"},"Z6":{"st":"1,{0.36,0.18,-0.18,0.36,21.1,70.6},0.55"},"Z13":{"st":"8,{-0.45,0.34,-0.34,-0.45,62.4,30.6},0.9"},"Z16":{"st":"11,{-0.31,0.1,-0.1,-0.31,97.45,41.85},0.55"},"Z5":{"st":"0,{0.54,0,0,0.54,70,70},0.92","e":[]},"Z17":{"st":"12,{-0.45,-0.06,0.06,-0.45,88.15,43.3},0.9"},"Z21":{"st":"16,{-0.06,0.45,-0.45,-0.06,43.35,51.8},0.9"},"Z20":{"st":"15,{0.1,0.31,-0.31,0.1,41.9,42.5},0.55"},"Z12":{"st":"7,{-0.18,0.36,-0.36,-0.18,69.4,21.1},0.55"},"Z19":{"st":"14,{0.06,-0.45,0.45,0.06,96.6,88.05},0.9"},"Z15":{"st":"10,{0.45,0.06,-0.06,0.45,51.85,96.6},0.9"}},"frameNumber":63},{"state":{"Z9":{"st":"4,{-0.35,-0.38,0.38,-0.35,109.1,61.7},1"},"Z14":{"st":"9,{0.27,-0.12,0.12,0.27,43.05,98.25},0.45"},"Z8":{"st":"3,{-0.35,-0.13,0.13,-0.35,118.6,68.8},0.45"},"Z11":{"st":"6,{0.38,-0.35,0.35,0.38,78.25,109.05},1"},"Z10":{"st":"5,{0.13,-0.35,0.35,0.13,71.15,118.55},0.45"},"Z7":{"st":"2,{0.35,0.38,-0.38,0.35,30.85,78.3},1"},"Z18":{"st":"13,{-0.12,-0.27,0.27,-0.12,98.25,96.85},0.45"},"Z6":{"st":"1,{0.35,0.13,-0.13,0.35,21.35,71.2},0.45"},"Z13":{"st":"8,{-0.38,0.35,-0.35,-0.38,61.7,30.85},1"},"Z16":{"st":"11,{-0.27,0.12,-0.12,-0.27,96.95,41.65},0.45"},"Z5":{"st":"0,{0.53,0,0,0.53,70,70},0.95","e":[]},"Z17":{"st":"12,{-0.42,-0.01,0.01,-0.42,87.55,43.05},1"},"Z21":{"st":"16,{-0.01,0.42,-0.42,-0.01,43.1,52.4},1"},"Z20":{"st":"15,{0.12,0.27,-0.27,0.12,41.7,43},0.45"},"Z12":{"st":"7,{-0.13,0.35,-0.35,-0.13,68.8,21.35},0.45"},"Z19":{"st":"14,{0.01,-0.42,0.42,0.01,96.85,87.45},1"},"Z15":{"st":"10,{0.42,0.01,-0.01,0.42,52.45,96.85},1"}},"frameNumber":64},{"state":{"Z9":{"st":"4,{-0.36,-0.32,0.32,-0.36,109.15,61.2},0.89"},"Z14":{"st":"9,{0.24,-0.14,0.14,0.24,43.6,98.4},0.33"},"Z8":{"st":"3,{-0.33,-0.09,0.09,-0.33,118.2,68.15},0.33"},"Z11":{"st":"6,{0.32,-0.36,0.36,0.32,78.75,109.1},0.89"},"Z10":{"st":"5,{0.09,-0.33,0.33,0.09,71.8,118.15},0.33"},"Z7":{"st":"2,{0.36,0.32,-0.32,0.36,30.8,78.8},0.89"},"Z18":{"st":"13,{-0.14,-0.24,0.24,-0.14,98.4,96.3},0.33"},"Z6":{"st":"1,{0.33,0.09,-0.09,0.33,21.75,71.85},0.33"},"Z13":{"st":"8,{-0.32,0.36,-0.36,-0.32,61.2,30.8},0.89"},"Z16":{"st":"11,{-0.24,0.14,-0.14,-0.24,96.4,41.5},0.33"},"Z5":{"st":"0,{0.52,0,0,0.52,69.95,69.95},0.97","e":[]},"Z17":{"st":"12,{-0.39,0.02,-0.02,-0.39,87.3,42.65},0.89"},"Z21":{"st":"16,{0.02,0.39,-0.39,0.02,42.7,52.65},0.89"},"Z20":{"st":"15,{0.14,0.24,-0.24,0.14,41.55,43.55},0.33"},"Z12":{"st":"7,{-0.09,0.33,-0.33,-0.09,68.15,21.75},0.33"},"Z19":{"st":"14,{-0.02,-0.39,0.39,-0.02,97.25,87.2},0.89"},"Z15":{"st":"10,{0.39,-0.02,0.02,0.39,52.7,97.25},0.89"}},"frameNumber":65},{"state":{"Z9":{"st":"4,{-0.37,-0.27,0.27,-0.37,109.25,60.7},0.78"},"Z14":{"st":"9,{0.21,-0.14,0.14,0.21,44.3,98.5},0.22"},"Z8":{"st":"3,{-0.31,-0.06,0.06,-0.31,117.7,67.5},0.22"},"Z11":{"st":"6,{0.27,-0.37,0.37,0.27,79.25,109.2},0.78"},"Z10":{"st":"5,{0.06,-0.31,0.31,0.06,72.45,117.65},0.22"},"Z7":{"st":"2,{0.37,0.27,-0.27,0.37,30.7,79.3},0.78"},"Z18":{"st":"13,{-0.14,-0.21,0.21,-0.14,98.5,95.6},0.22"},"Z6":{"st":"1,{0.31,0.06,-0.06,0.31,22.25,72.5},0.22"},"Z13":{"st":"8,{-0.27,0.37,-0.37,-0.27,60.7,30.7},0.78"},"Z16":{"st":"11,{-0.21,0.14,-0.14,-0.21,95.7,41.4},0.22"},"Z5":{"st":"0,{0.52,0,0,0.52,70,70},1","e":[]},"Z17":{"st":"12,{-0.36,0.06,-0.06,-0.36,87,42.35},0.78"},"Z21":{"st":"16,{0.06,0.36,-0.36,0.06,42.4,52.95},0.78"},"Z20":{"st":"15,{0.14,0.21,-0.21,0.14,41.45,44.25},0.22"},"Z12":{"st":"7,{-0.06,0.31,-0.31,-0.06,67.5,22.25},0.22"},"Z19":{"st":"14,{-0.06,-0.36,0.36,-0.06,97.55,86.9},0.78"},"Z15":{"st":"10,{0.36,-0.06,0.06,0.36,53,97.55},0.78"}},"frameNumber":66},{"state":{"Z9":{"st":"4,{-0.37,-0.22,0.22,-0.37,109.1,60.15},0.67"},"Z14":{"st":"9,{0.18,-0.15,0.15,0.18,45,98.6},0.11"},"Z8":{"st":"3,{-0.29,-0.03,0.03,-0.29,117.2,66.85},0.11"},"Z11":{"st":"6,{0.22,-0.37,0.37,0.22,79.8,109.05},0.67"},"Z10":{"st":"5,{0.03,-0.29,0.29,0.03,73.1,117.15},0.11"},"Z7":{"st":"2,{0.37,0.22,-0.22,0.37,30.85,79.85},0.67"},"Z18":{"st":"13,{-0.15,-0.18,0.18,-0.15,98.6,94.9},0.11"},"Z6":{"st":"1,{0.29,0.03,-0.03,0.29,22.75,73.15},0.11"},"Z13":{"st":"8,{-0.22,0.37,-0.37,-0.22,60.15,30.85},0.67"},"Z16":{"st":"11,{-0.18,0.15,-0.15,-0.18,95,41.3},0.11"},"Z5":{"st":"0,{0.52,0,0,0.52,70,70},0.97","e":[]},"Z17":{"st":"12,{-0.34,0.08,-0.08,-0.34,86.65,42.1},0.67"},"Z21":{"st":"16,{0.08,0.34,-0.34,0.08,42.15,53.3},0.67"},"Z20":{"st":"15,{0.15,0.18,-0.18,0.15,41.35,44.95},0.11"},"Z12":{"st":"7,{-0.03,0.29,-0.29,-0.03,66.85,22.75},0.11"},"Z19":{"st":"14,{-0.08,-0.34,0.34,-0.08,97.8,86.55},0.67"},"Z15":{"st":"10,{0.34,-0.08,0.08,0.34,53.35,97.8},0.67"}},"frameNumber":67},{"state":{"Z9":{"st":"4,{-0.36,-0.18,0.18,-0.36,108.9,59.45},0.55"},"Z14":{"st":"9,{0.15,-0.15,0.15,0.15,45.65,98.45},0"},"Z8":{"st":"3,{-0.26,0,0,-0.26,116.45,66.3},0"},"Z11":{"st":"6,{0.18,-0.36,0.36,0.18,80.5,108.85},0.55"},"Z10":{"st":"5,{0,-0.26,0.26,0,73.65,116.4},0"},"Z7":{"st":"2,{0.36,0.18,-0.18,0.36,31.05,80.55},0.55"},"Z18":{"st":"13,{-0.15,-0.15,0.15,-0.15,98.45,94.25},0"},"Z6":{"st":"1,{0.26,0,0,0.26,23.5,73.7},0"},"Z13":{"st":"8,{-0.18,0.36,-0.36,-0.18,59.45,31.05},0.55"},"Z16":{"st":"11,{-0.15,0.15,-0.15,-0.15,94.35,41.45},0"},"Z5":{"st":"0,{0.53,0,0,0.53,70,70},0.93","e":[]},"Z17":{"st":"12,{-0.31,0.1,-0.1,-0.31,86.15,41.85},0.55"},"Z21":{"st":"16,{0.1,0.31,-0.31,0.1,41.9,53.8},0.55"},"Z20":{"st":"15,{0.15,0.15,-0.15,0.15,41.5,45.6},0"},"Z12":{"st":"7,{0,0.26,-0.26,0,66.3,23.5},0"},"Z19":{"st":"14,{-0.1,-0.31,0.31,-0.1,98.05,86.05},0.55"},"Z15":{"st":"10,{0.31,-0.1,0.1,0.31,53.85,98.05},0.55"}},"frameNumber":68},{"state":{"Z9":{"st":"4,{-0.13,0.35,-0.35,-0.13,58.85,31.25},0.45"},"Z14":{"st":"9,{0.15,-0.15,0.15,0.15,45.65,98.45},0"},"Z8":{"st":"3,{0.13,-0.35,0.35,0.13,81.1,108.65},0.45"},"Z11":{"st":"6,{-0.27,0.12,-0.12,-0.27,85.65,41.65},0.45"},"Z10":{"st":"5,{0.27,-0.12,0.12,0.27,54.35,98.25},0.45"},"Z7":{"st":"2,{-0.35,-0.13,0.13,-0.35,108.7,58.85},0.45"},"Z18":{"st":"13,{-0.15,-0.15,0.15,-0.15,98.45,94.25},0"},"Z6":{"st":"1,{0.35,0.13,-0.13,0.35,31.25,81.15},0.45"},"Z13":{"st":"8,{0.12,0.27,-0.27,0.12,41.7,54.3},0.45"},"Z16":{"st":"11,{-0.15,0.15,-0.15,-0.15,94.35,41.45},0"},"Z5":{"st":"0,{0.54,0,0,0.54,70,70},0.9","e":[]},"Z17":{"st":"12,{-0.31,0.1,-0.1,-0.31,86.15,41.85},0"},"Z21":{"st":"16,{0.1,0.31,-0.31,0.1,41.9,53.8},0"},"Z20":{"st":"15,{0.15,0.15,-0.15,0.15,41.5,45.6},0"},"Z12":{"st":"7,{-0.12,-0.27,0.27,-0.12,98.25,85.55},0.45"},"Z19":{"st":"14,{-0.1,-0.31,0.31,-0.1,98.05,86.05},0"},"Z15":{"st":"10,{0.31,-0.1,0.1,0.31,53.85,98.05},0"}},"frameNumber":69},{"state":{"Z5":{"st":"0,{0.55,0,0,0.55,70,70},0.87","e":[]},"Z9":{"st":"4,{-0.09,0.33,-0.33,-0.09,58.2,31.65},0.33"},"Z12":{"st":"7,{-0.14,-0.24,0.24,-0.14,98.4,84.95},0.33"},"Z8":{"st":"3,{0.09,-0.33,0.33,0.09,81.75,108.25},0.33"},"Z11":{"st":"6,{-0.24,0.14,-0.14,-0.24,85.05,41.5},0.33"},"Z10":{"st":"5,{0.24,-0.14,0.14,0.24,54.95,98.4},0.33"},"Z7":{"st":"2,{-0.33,-0.09,0.09,-0.33,108.3,58.2},0.33"},"Z6":{"st":"1,{0.33,0.09,-0.09,0.33,31.65,81.8},0.33"},"Z13":{"st":"8,{0.14,0.24,-0.24,0.14,41.55,54.9},0.33"}},"frameNumber":70},{"state":{"Z5":{"st":"0,{0.56,0,0,0.56,70,70},0.83","e":[]},"Z9":{"st":"4,{-0.06,0.31,-0.31,-0.06,57.55,32.25},0.22"},"Z12":{"st":"7,{-0.14,-0.21,0.21,-0.14,98.4,84.3},0.22"},"Z8":{"st":"3,{0.06,-0.31,0.31,0.06,82.4,107.65},0.22"},"Z11":{"st":"6,{-0.21,0.14,-0.14,-0.21,84.4,41.5},0.22"},"Z10":{"st":"5,{0.21,-0.14,0.14,0.21,55.6,98.4},0.22"},"Z7":{"st":"2,{-0.31,-0.06,0.06,-0.31,107.7,57.55},0.22"},"Z6":{"st":"1,{0.31,0.06,-0.06,0.31,32.25,82.45},0.22"},"Z13":{"st":"8,{0.14,0.21,-0.21,0.14,41.55,55.55},0.22"}},"frameNumber":71},{"state":{"Z5":{"st":"0,{0.56,0,0,0.56,70,70},0.8","e":[]},"Z9":{"st":"4,{-0.03,0.29,-0.29,-0.03,56.9,32.75},0.11"},"Z12":{"st":"7,{-0.15,-0.18,0.18,-0.15,98.55,83.55},0.11"},"Z8":{"st":"3,{0.03,-0.29,0.29,0.03,83.05,107.15},0.11"},"Z11":{"st":"6,{-0.18,0.15,-0.15,-0.18,83.65,41.35},0.11"},"Z10":{"st":"5,{0.18,-0.15,0.15,0.18,56.35,98.55},0.11"},"Z7":{"st":"2,{-0.29,-0.03,0.03,-0.29,107.2,56.9},0.11"},"Z6":{"st":"1,{0.29,0.03,-0.03,0.29,32.75,83.1},0.11"},"Z13":{"st":"8,{0.15,0.18,-0.18,0.15,41.4,56.3},0.11"}},"frameNumber":72},{"state":{"Z5":{"st":"0,{0.57,0,0,0.57,70,70},0.77","e":[]},"Z9":{"st":"4,{-0.03,0.29,-0.29,-0.03,56.9,32.75},0"},"Z12":{"st":"7,{-0.15,-0.18,0.18,-0.15,98.55,83.55},0"},"Z8":{"st":"3,{0.03,-0.29,0.29,0.03,83.05,107.15},0"},"Z11":{"st":"6,{-0.18,0.15,-0.15,-0.18,83.65,41.35},0"},"Z10":{"st":"5,{0.18,-0.15,0.15,0.18,56.35,98.55},0"},"Z7":{"st":"2,{-0.29,-0.03,0.03,-0.29,107.2,56.9},0"},"Z6":{"st":"1,{0.29,0.03,-0.03,0.29,32.75,83.1},0"},"Z13":{"st":"8,{0.15,0.18,-0.18,0.15,41.4,56.3},0"}},"frameNumber":73},{"state":{"Z5":{"st":"0,{0.58,0,0,0.58,70,70},0.73","e":[]}},"frameNumber":74},{"state":{"Z5":{"st":"0,{0.59,0,0,0.59,70,70},0.7","e":[]}},"frameNumber":75},{"state":{"Z5":{"st":"0,{0.6,0,0,0.6,70,70},0.67","e":[]}},"frameNumber":76},{"state":{"Z5":{"st":"0,{0.61,0,0,0.61,70,70},0.63","e":[]}},"frameNumber":77},{"state":{"Z5":{"st":"0,{0.61,0,0,0.61,70,70},0.6","e":[]}},"frameNumber":78},{"state":{"Z5":{"st":"0,{0.34,0,0,0.34,80,80},0.2"},"Z9":{"st":"5,{0,-0.9,-0.9,0,114.86,90.81},0.2"},"Z8":{"st":"4,{0,0.91,0.91,0,45.11,69.25},0.2"},"Z7":{"st":"3,{-1.08,0,0,-1.08,92.76,118.1},0.2"},"Z6":{"st":"2,{-0.69,0,0,0.69,88.35,46.25},0.2"},"Z22":{"st":"1,{0.59,0,0,0.59,80,80},1"}},"frameNumber":79},{"state":{"Z5":{"st":"0,{0.35,0,0,0.35,80,80},0.21"},"Z9":{"st":"5,{0.08,-0.85,-0.85,-0.08,114.69,91.14},0.3"},"Z8":{"st":"4,{-0.08,0.85,0.85,0.08,45.27,68.92},0.3"},"Z7":{"st":"3,{-1.02,0.09,-0.09,-1.02,93.16,117.9},0.3"},"Z6":{"st":"2,{-0.65,-0.06,-0.06,0.65,88.6,46.38},0.3"},"Z22":{"st":"1,{0.56,0,0,0.56,80.05,80.05},1"}},"frameNumber":80},{"state":{"Z5":{"st":"0,{0.35,0,0,0.35,80,80},0.22"},"Z9":{"st":"5,{0.15,-0.79,-0.79,-0.15,114.43,91.24},0.4"},"Z8":{"st":"4,{-0.15,0.8,0.8,0.15,45.54,68.82},0.4"},"Z7":{"st":"3,{-0.95,0.18,-0.18,-0.95,93.28,117.58},0.4"},"Z6":{"st":"2,{-0.61,-0.12,-0.12,0.61,88.68,46.58},0.4"},"Z22":{"st":"1,{0.53,0,0,0.53,80,80},1"}},"frameNumber":81},{"state":{"Z5":{"st":"0,{0.36,0,0,0.36,80,80},0.23"},"Z9":{"st":"5,{0.21,-0.73,-0.73,-0.21,114.33,91.17},0.5"},"Z8":{"st":"4,{-0.21,0.73,0.73,0.21,45.64,68.88},0.5"},"Z7":{"st":"3,{-0.87,0.25,-0.25,-0.87,93.2,117.46},0.5"},"Z6":{"st":"2,{-0.56,-0.16,-0.16,0.56,88.63,46.66},0.5"},"Z22":{"st":"1,{0.5,0,0,0.5,80,80},1"}},"frameNumber":82},{"state":{"Z5":{"st":"0,{0.36,0,0,0.36,80,80},0.23"},"Z9":{"st":"5,{0.26,-0.66,-0.66,-0.26,114.19,90.97},0.6"},"Z12":{"st":"8,{-0.44,0.44,0.44,0.44,69.32,58.73},0.2"},"Z8":{"st":"4,{-0.26,0.66,0.66,0.26,45.77,69.08},0.6"},"Z11":{"st":"7,{-0.52,-0.52,0.52,-0.52,68.95,105.05},0.2"},"Z10":{"st":"6,{-0.33,-0.33,-0.33,0.33,101.3,68.33},0.2"},"Z7":{"st":"3,{-0.79,0.31,-0.31,-0.79,92.96,117.31},0.6"},"Z6":{"st":"2,{-0.51,-0.2,-0.2,0.51,88.48,46.76},0.6"},"Z13":{"st":"9,{0.43,-0.44,-0.44,-0.43,92.73,102.48},0.2"},"Z22":{"st":"1,{0.48,0,0,0.48,80,80},1"}},"frameNumber":83},{"state":{"Z9":{"st":"5,{-1.08,0,0,-1.08,80.91,129.95},0.2"},"Z14":{"st":"10,{-0.29,-0.34,-0.34,0.29,101.36,68.52},0.3"},"Z8":{"st":"4,{-0.7,0.36,-0.36,-0.7,92.57,117.43},0.7"},"Z11":{"st":"7,{0,0.91,0.91,0,35.14,79.22},0.2"},"Z10":{"st":"6,{-0.3,0.59,0.59,0.3,45.67,69.41},0.7"},"Z7":{"st":"3,{-0.69,0,0,0.69,80.73,38.63},0.2"},"Z6":{"st":"2,{-0.45,-0.23,-0.23,0.45,88.22,46.68},0.7"},"Z13":{"st":"9,{0,-0.9,-0.9,0,124.78,80.88},0.2"},"Z22":{"st":"1,{0.45,0,0,0.45,80,80},1"},"Z5":{"st":"0,{0.37,0,0,0.37,80,80},0.25"},"Z17":{"st":"13,{0.45,-0.37,-0.37,-0.45,92.49,102.56},0.3"},"Z16":{"st":"12,{-0.45,0.37,0.37,0.45,69.56,58.65},0.3"},"Z12":{"st":"8,{0.3,-0.59,-0.59,-0.3,114.29,90.64},0.7"},"Z15":{"st":"11,{-0.53,-0.44,0.44,-0.53,69.24,105.15},0.3"}},"frameNumber":84},{"state":{"Z9":{"st":"5,{-1.02,0.09,-0.09,-1.02,81.27,129.67},0.3"},"Z14":{"st":"10,{-0.24,-0.35,-0.35,0.24,101.3,68.65},0.4"},"Z8":{"st":"4,{-0.62,0.39,-0.39,-0.62,91.94,117.54},0.8"},"Z11":{"st":"7,{-0.08,0.85,0.85,0.08,35.37,78.92},0.3"},"Z10":{"st":"6,{-0.33,0.52,0.52,0.33,45.57,69.95},0.8"},"Z7":{"st":"3,{-0.65,-0.06,-0.06,0.65,80.96,38.81},0.3"},"Z6":{"st":"2,{-0.4,-0.25,-0.25,0.4,87.82,46.61},0.8"},"Z13":{"st":"9,{0.08,-0.85,-0.85,-0.08,124.55,81.18},0.3"},"Z22":{"st":"1,{0.44,0,0,0.44,80,80},1"},"Z5":{"st":"0,{0.38,0,0,0.38,80.05,80.05},0.25"},"Z17":{"st":"13,{0.45,-0.31,-0.31,-0.45,92.32,102.48},0.4"},"Z16":{"st":"12,{-0.45,0.31,0.31,0.45,69.74,58.73},0.4"},"Z12":{"st":"8,{0.33,-0.52,-0.52,-0.33,114.39,90.11},0.8"},"Z15":{"st":"11,{-0.54,-0.37,0.37,-0.54,69.45,105.05},0.4"}},"frameNumber":85},{"state":{"Z9":{"st":"5,{-0.95,0.18,-0.18,-0.95,81.43,129.43},0.4"},"Z14":{"st":"10,{-0.19,-0.35,-0.35,0.19,101.24,68.66},0.5"},"Z8":{"st":"4,{-0.53,0.41,-0.41,-0.53,91.18,117.86},0.9"},"Z11":{"st":"7,{-0.15,0.8,0.8,0.15,35.57,78.79},0.4"},"Z10":{"st":"6,{-0.35,0.45,0.45,0.35,45.31,70.58},0.9"},"Z7":{"st":"3,{-0.61,-0.12,-0.12,0.61,81.06,38.96},0.4"},"Z6":{"st":"2,{-0.34,-0.26,-0.26,0.34,87.33,46.4},0.9"},"Z13":{"st":"9,{0.15,-0.79,-0.79,-0.15,124.35,81.31},0.4"},"Z22":{"st":"1,{0.42,0,0,0.42,80,80},1"},"Z5":{"st":"0,{0.38,0,0,0.38,80,80},0.27"},"Z17":{"st":"13,{0.45,-0.25,-0.25,-0.45,92.3,102.4},0.5"},"Z16":{"st":"12,{-0.45,0.25,0.25,0.45,69.76,58.81},0.5"},"Z12":{"st":"8,{0.34,-0.45,-0.45,-0.34,114.66,89.48},0.9"},"Z15":{"st":"11,{-0.54,-0.3,0.3,-0.54,69.46,104.96},0.5"}},"frameNumber":86},{"state":{"Z9":{"st":"5,{-0.87,0.25,-0.25,-0.87,81.39,129.28},0.5"},"Z14":{"st":"10,{-0.15,-0.34,-0.34,0.15,101.12,68.64},0.6"},"Z8":{"st":"4,{-0.45,0.42,-0.42,-0.45,90.32,118.22},1"},"Z11":{"st":"7,{-0.21,0.73,0.73,0.21,35.7,78.82},0.5"},"Z10":{"st":"6,{-0.35,0.38,0.38,0.35,45.01,71.31},1"},"Z7":{"st":"3,{-0.56,-0.16,-0.16,0.56,81.03,39.07},0.5"},"Z6":{"st":"2,{-0.29,-0.27,-0.27,0.29,86.77,46.18},1"},"Z13":{"st":"9,{0.21,-0.73,-0.73,-0.21,124.22,81.28},0.5"},"Z22":{"st":"1,{0.41,0,0,0.41,80,80},1"},"Z5":{"st":"0,{0.39,0,0,0.39,80.05,80.05},0.27"},"Z17":{"st":"13,{0.44,-0.19,-0.19,-0.44,92.33,102.24},0.6"},"Z16":{"st":"12,{-0.44,0.19,0.19,0.44,69.72,58.97},0.6"},"Z12":{"st":"8,{0.35,-0.38,-0.38,-0.35,114.96,88.76},1"},"Z15":{"st":"11,{-0.53,-0.23,0.23,-0.53,69.43,104.77},0.6"}},"frameNumber":87},{"state":{"Z9":{"st":"5,{-0.79,0.31,-0.31,-0.79,81.11,129.12},0.6"},"Z14":{"st":"10,{-0.11,-0.33,-0.33,0.11,101.03,68.48},0.7"},"Z8":{"st":"4,{-0.39,0.43,-0.43,-0.39,89.72,118.06},0.89"},"Z11":{"st":"7,{-0.26,0.66,0.66,0.26,35.84,79.05},0.6"},"Z10":{"st":"6,{-0.36,0.32,0.32,0.36,45.14,71.81},0.89"},"Z7":{"st":"3,{-0.51,-0.2,-0.2,0.51,80.86,39.17},0.6"},"Z18":{"st":"14,{-0.43,0.14,0.14,0.43,69.52,59.09},0.7"},"Z6":{"st":"2,{-0.25,-0.28,-0.28,0.25,86.39,46.28},0.89"},"Z13":{"st":"9,{0.26,-0.66,-0.66,-0.26,124.09,81.05},0.6"},"Z22":{"st":"1,{0.4,0,0,0.4,80,80},1"},"Z5":{"st":"0,{0.39,0,0,0.39,80,80},0.28"},"Z17":{"st":"13,{-0.52,-0.52,0.52,-0.52,57.56,105.07},0.2"},"Z21":{"st":"17,{0.43,-0.44,-0.44,-0.43,102.28,102.46},0.2"},"Z16":{"st":"12,{-0.51,-0.17,0.17,-0.51,69.18,104.64},0.7"},"Z20":{"st":"16,{0.43,-0.14,-0.14,-0.43,92.54,102.13},0.7"},"Z12":{"st":"8,{0.36,-0.32,-0.32,-0.36,114.82,88.26},0.89"},"Z19":{"st":"15,{-0.44,0.44,0.44,0.44,59.74,58.75},0.2"},"Z15":{"st":"11,{-0.33,-0.33,-0.33,0.33,101.29,61.01},0.2"}},"frameNumber":88},{"state":{"Z9":{"st":"5,{-0.7,0.36,-0.36,-0.7,80.68,129.24},0.7"},"Z14":{"st":"10,{-0.07,-0.31,-0.31,0.07,100.87,68.25},0.8"},"Z8":{"st":"4,{-0.32,0.44,-0.44,-0.32,89.05,118.06},0.78"},"Z11":{"st":"7,{-0.3,0.59,0.59,0.3,35.74,79.42},0.7"},"Z10":{"st":"6,{-0.37,0.27,0.27,0.37,45.14,72.37},0.78"},"Z7":{"st":"3,{-0.45,-0.23,-0.23,0.45,80.58,39.09},0.7"},"Z18":{"st":"14,{-0.41,0.09,0.09,0.41,69.21,59.29},0.8"},"Z6":{"st":"2,{-0.21,-0.28,-0.28,0.21,85.96,46.28},0.78"},"Z13":{"st":"9,{0.3,-0.59,-0.59,-0.3,124.19,80.68},0.7"},"Z22":{"st":"1,{0.4,0,0,0.4,80,80},1"},"Z5":{"st":"0,{0.4,0,0,0.4,80,80},0.29"},"Z17":{"st":"13,{-0.53,-0.44,0.44,-0.53,57.86,105.11},0.3"},"Z21":{"st":"17,{0.45,-0.37,-0.37,-0.45,102.02,102.49},0.3"},"Z16":{"st":"12,{-0.48,-0.11,0.11,-0.48,68.82,104.39},0.8"},"Z20":{"st":"16,{0.41,-0.09,-0.09,-0.41,92.84,101.92},0.8"},"Z12":{"st":"8,{0.37,-0.27,-0.27,-0.37,114.82,87.7},0.78"},"Z19":{"st":"15,{-0.45,0.37,0.37,0.45,59.99,58.72},0.3"},"Z15":{"st":"11,{-0.29,-0.34,-0.34,0.29,101.31,61.2},0.3"}},"frameNumber":89},{"state":{"Z9":{"st":"5,{-0.62,0.39,-0.39,-0.62,80.08,129.36},0.8"},"Z14":{"st":"10,{-0.04,-0.29,-0.29,0.04,100.74,67.92},0.9"},"Z8":{"st":"4,{-0.27,0.44,-0.44,-0.27,88.38,118.25},0.67"},"Z11":{"st":"7,{-0.33,0.52,0.52,0.33,35.64,79.92},0.8"},"Z10":{"st":"6,{-0.37,0.22,0.22,0.37,44.98,72.94},0.67"},"Z7":{"st":"3,{-0.4,-0.25,-0.25,0.4,80.2,39.01},0.8"},"Z18":{"st":"14,{-0.38,0.05,0.05,0.38,68.78,59.47},0.9"},"Z6":{"st":"2,{-0.17,-0.28,-0.28,0.17,85.53,46.15},0.67"},"Z13":{"st":"9,{0.33,-0.52,-0.52,-0.33,124.29,80.19},0.8"},"Z22":{"st":"1,{0.4,0,0,0.4,80,80},1"},"Z5":{"st":"0,{0.4,0,0,0.4,80,80},0.3"},"Z17":{"st":"13,{-0.54,-0.37,0.37,-0.54,58.05,105.07},0.4"},"Z21":{"st":"17,{0.45,-0.31,-0.31,-0.45,101.86,102.46},0.4"},"Z16":{"st":"12,{-0.45,-0.06,0.06,-0.45,68.3,104.18},0.9"},"Z20":{"st":"16,{0.38,-0.05,-0.05,-0.38,93.27,101.74},0.9"},"Z12":{"st":"8,{0.37,-0.22,-0.22,-0.37,114.99,87.13},0.67"},"Z19":{"st":"15,{-0.45,0.31,0.31,0.45,60.15,58.75},0.4"},"Z15":{"st":"11,{-0.24,-0.35,-0.35,0.24,101.29,61.32},0.4"}},"frameNumber":90},{"state":{"Z9":{"st":"5,{-0.53,0.41,-0.41,-0.53,79.33,129.71},0.9"},"Z14":{"st":"10,{0,-0.27,-0.27,0,100.58,67.54},1"},"Z8":{"st":"4,{-0.21,0.43,-0.43,-0.21,87.59,118.45},0.55"},"Z11":{"st":"7,{-0.35,0.45,0.45,0.35,35.34,80.55},0.9"},"Z10":{"st":"6,{-0.36,0.18,0.18,0.36,44.81,73.6},0.55"},"Z7":{"st":"3,{-0.34,-0.26,-0.26,0.34,79.71,38.79},0.9"},"Z18":{"st":"14,{-0.35,0.01,0.01,0.35,68.29,59.68},1"},"Z6":{"st":"2,{-0.14,-0.28,-0.28,0.14,85.02,46.02},0.55"},"Z13":{"st":"9,{0.34,-0.45,-0.45,-0.34,124.58,79.56},0.9"},"Z22":{"st":"1,{0.4,0,0,0.4,80,80},1"},"Z5":{"st":"0,{0.4,0,0,0.4,80,80},0.3"},"Z17":{"st":"13,{-0.54,-0.3,0.3,-0.54,58.11,104.98},0.5"},"Z21":{"st":"17,{0.45,-0.25,-0.25,-0.45,101.82,102.38},0.5"},"Z16":{"st":"12,{-0.42,-0.01,0.01,-0.42,67.72,103.94},1"},"Z20":{"st":"16,{0.35,-0.01,-0.01,-0.35,93.76,101.54},1"},"Z12":{"st":"8,{0.36,-0.18,-0.18,-0.36,115.15,86.47},0.55"},"Z19":{"st":"15,{-0.45,0.25,0.25,0.45,60.2,58.83},0.5"},"Z15":{"st":"11,{-0.19,-0.35,-0.35,0.19,101.23,61.36},0.5"}},"frameNumber":91},{"state":{"Z9":{"st":"5,{-0.45,0.42,-0.42,-0.45,78.46,130.07},1"},"Z14":{"st":"10,{0.01,-0.25,-0.25,-0.01,100.35,67.41},0.89"},"Z8":{"st":"4,{-0.16,0.42,-0.42,-0.16,86.92,118.77},0.45"},"Z11":{"st":"7,{-0.35,0.38,0.38,0.35,35.04,81.28},1"},"Z10":{"st":"6,{-0.35,0.13,0.13,0.35,44.54,74.17},0.45"},"Z7":{"st":"3,{-0.29,-0.27,-0.27,0.29,79.16,38.56},1"},"Z18":{"st":"14,{-0.33,-0.02,-0.02,0.33,68.11,59.98},0.89"},"Z6":{"st":"2,{-0.1,-0.27,-0.27,0.1,84.59,45.82},0.45"},"Z13":{"st":"9,{0.35,-0.38,-0.38,-0.35,124.88,78.83},1"},"Z22":{"st":"1,{0.4,0,0,0.4,80,80},1"},"Z5":{"st":"0,{0.4,0,0,0.4,80,80},0.3"},"Z17":{"st":"13,{-0.53,-0.23,0.23,-0.53,58.05,104.77},0.6"},"Z21":{"st":"17,{0.44,-0.19,-0.19,-0.44,101.86,102.21},0.6"},"Z16":{"st":"12,{-0.39,0.02,-0.02,-0.39,67.51,103.57},0.89"},"Z20":{"st":"16,{0.33,0.02,0.02,-0.33,93.94,101.23},0.89"},"Z12":{"st":"8,{0.35,-0.13,-0.13,-0.35,115.42,85.91},0.45"},"Z19":{"st":"15,{-0.44,0.19,0.19,0.44,60.15,59},0.6"},"Z15":{"st":"11,{-0.15,-0.34,-0.34,0.15,101.09,61.32},0.6"}},"frameNumber":92},{"state":{"Z9":{"st":"5,{-0.39,0.43,-0.43,-0.39,77.87,129.95},0.89"},"Z14":{"st":"10,{0.04,-0.24,-0.24,-0.04,100.14,67.2},0.78"},"Z8":{"st":"4,{-0.11,0.4,-0.4,-0.11,86.09,119.24},0.33"},"Z11":{"st":"7,{-0.36,0.32,0.32,0.36,35.14,81.78},0.89"},"Z10":{"st":"6,{-0.33,0.09,0.09,0.33,44.15,74.86},0.33"},"Z7":{"st":"3,{-0.25,-0.28,-0.28,0.25,78.77,38.63},0.89"},"Z18":{"st":"14,{-0.31,-0.05,-0.05,0.31,67.84,60.25},0.78"},"Z6":{"st":"2,{-0.07,-0.25,-0.25,0.07,84.06,45.52},0.33"},"Z13":{"st":"9,{0.36,-0.32,-0.32,-0.36,124.78,78.33},0.89"},"Z22":{"st":"1,{0.41,0,0,0.41,80,80},1"},"Z5":{"st":"0,{0.4,0,0,0.4,80,80},0.29"},"Z17":{"st":"13,{-0.51,-0.17,0.17,-0.51,57.78,104.62},0.7"},"Z21":{"st":"17,{0.43,-0.14,-0.14,-0.43,102.09,102.08},0.7"},"Z16":{"st":"12,{-0.37,0.06,-0.06,-0.37,67.18,103.25},0.78"},"Z20":{"st":"16,{0.31,0.05,0.05,-0.31,94.21,100.96},0.78"},"Z12":{"st":"8,{0.33,-0.09,-0.09,-0.33,115.82,85.21},0.33"},"Z19":{"st":"15,{-0.43,0.14,0.14,0.43,59.93,59.13},0.7"},"Z15":{"st":"11,{-0.11,-0.33,-0.33,0.11,101,61.15},0.7"}},"frameNumber":93},{"state":{"Z9":{"st":"5,{-0.32,0.44,-0.44,-0.32,77.2,129.95},0.78"},"Z14":{"st":"10,{0.05,-0.22,-0.22,-0.05,99.99,66.93},0.67"},"Z8":{"st":"4,{-0.07,0.37,-0.37,-0.07,85.3,119.84},0.22"},"Z11":{"st":"7,{-0.37,0.27,0.27,0.37,35.14,82.34},0.78"},"Z10":{"st":"6,{-0.31,0.06,0.06,0.31,43.65,75.53},0.22"},"Z7":{"st":"3,{-0.21,-0.28,-0.28,0.21,78.34,38.63},0.78"},"Z18":{"st":"14,{-0.28,-0.07,-0.07,0.28,67.49,60.45},0.67"},"Z6":{"st":"2,{-0.04,-0.24,-0.24,0.04,83.55,45.13},0.22"},"Z13":{"st":"9,{0.37,-0.27,-0.27,-0.37,124.78,77.77},0.78"},"Z22":{"st":"1,{0.42,0,0,0.42,79.95,79.95},1"},"Z5":{"st":"0,{0.39,0,0,0.39,80,80},0.29"},"Z17":{"st":"13,{-0.48,-0.11,0.11,-0.48,57.44,104.39},0.8"},"Z21":{"st":"17,{0.41,-0.09,-0.09,-0.41,102.37,101.89},0.8"},"Z16":{"st":"12,{-0.34,0.08,-0.08,-0.34,66.76,103.02},0.67"},"Z20":{"st":"16,{0.28,0.07,0.07,-0.28,94.56,100.77},0.67"},"Z12":{"st":"8,{0.31,-0.06,-0.06,-0.31,116.31,84.55},0.22"},"Z19":{"st":"15,{-0.41,0.09,0.09,0.41,59.64,59.33},0.8"},"Z15":{"st":"11,{-0.07,-0.31,-0.31,0.07,100.85,60.93},0.8"}},"frameNumber":94},{"state":{"Z9":{"st":"5,{-0.27,0.44,-0.44,-0.27,76.57,130.11},0.67"},"Z14":{"st":"10,{0.07,-0.2,-0.2,-0.07,99.81,66.63},0.55"},"Z8":{"st":"4,{-0.03,0.34,-0.34,-0.03,84.55,120.47},0.11"},"Z11":{"st":"7,{-0.37,0.22,0.22,0.37,35.01,82.87},0.67"},"Z10":{"st":"6,{-0.29,0.03,0.03,0.29,43.11,76.16},0.11"},"Z7":{"st":"3,{-0.17,-0.28,-0.28,0.17,77.94,38.53},0.67"},"Z18":{"st":"14,{-0.26,-0.09,-0.09,0.26,67.09,60.69},0.55"},"Z6":{"st":"2,{-0.02,-0.22,-0.22,0.02,83.07,44.73},0.11"},"Z13":{"st":"9,{0.37,-0.22,-0.22,-0.37,124.91,77.24},0.67"},"Z22":{"st":"1,{0.44,0,0,0.44,80,80},1"},"Z5":{"st":"0,{0.39,0,0,0.39,80,80},0.28"},"Z17":{"st":"13,{-0.45,-0.06,0.06,-0.45,56.91,104.2},0.9"},"Z21":{"st":"17,{0.38,-0.05,-0.05,-0.38,102.82,101.73},0.9"},"Z16":{"st":"12,{-0.31,0.11,-0.11,-0.31,66.29,102.74},0.55"},"Z20":{"st":"16,{0.26,0.09,0.09,-0.26,94.95,100.53},0.55"},"Z12":{"st":"8,{0.29,-0.03,-0.03,-0.29,116.84,83.92},0.11"},"Z19":{"st":"15,{-0.38,0.05,0.05,0.38,59.2,59.49},0.9"},"Z15":{"st":"11,{-0.04,-0.29,-0.29,0.04,100.73,60.59},0.9"}},"frameNumber":95},{"state":{"Z9":{"st":"5,{-0.21,0.43,-0.43,-0.21,75.78,130.3},0.55"},"Z14":{"st":"10,{0.08,-0.18,-0.18,-0.08,99.7,66.32},0.45"},"Z8":{"st":"4,{0,0.31,-0.31,0,83.92,121.34},0"},"Z11":{"st":"7,{-0.36,0.18,0.18,0.36,34.84,83.54},0.55"},"Z10":{"st":"6,{-0.26,0,0,0.26,42.38,76.69},0"},"Z7":{"st":"3,{-0.14,-0.28,-0.28,0.14,77.43,38.4},0.55"},"Z18":{"st":"14,{-0.23,-0.1,-0.1,0.23,66.69,60.83},0.45"},"Z6":{"st":"2,{0,-0.2,-0.2,0,82.66,44.17},0"},"Z13":{"st":"9,{0.36,-0.18,-0.18,-0.36,125.08,76.58},0.55"},"Z22":{"st":"1,{0.45,0,0,0.45,80,80},1"},"Z5":{"st":"0,{0.38,0,0,0.38,80.05,80.05},0.27"},"Z17":{"st":"13,{-0.42,-0.01,0.01,-0.42,56.32,103.95},1"},"Z21":{"st":"17,{0.35,-0.01,-0.01,-0.35,103.31,101.52},1"},"Z16":{"st":"12,{-0.28,0.12,-0.12,-0.28,65.81,102.57},0.45"},"Z20":{"st":"16,{0.23,0.1,0.1,-0.23,95.35,100.39},0.45"},"Z12":{"st":"8,{0.26,0,0,-0.26,117.57,83.39},0"},"Z19":{"st":"15,{-0.35,0.01,0.01,0.35,58.7,59.69},1"},"Z15":{"st":"11,{0,-0.27,-0.27,0,100.57,60.21},1"}},"frameNumber":96},{"state":{"Z9":{"st":"5,{0.35,-0.13,-0.13,-0.35,125.35,75.95},0.45"},"Z14":{"st":"10,{-0.2,-0.12,-0.12,0.2,66.16,60.98},0.33"},"Z8":{"st":"4,{-0.35,0.13,0.13,0.35,34.57,84.17},0.45"},"Z11":{"st":"7,{0.01,-0.25,-0.25,-0.01,100.35,60.07},0.89"},"Z10":{"st":"6,{0.09,-0.16,-0.16,-0.09,99.59,65.92},0.33"},"Z7":{"st":"3,{-0.16,0.42,-0.42,-0.16,75.03,130.62},0.45"},"Z18":{"st":"14,{-0.23,-0.1,-0.1,0.23,66.69,60.83},0"},"Z6":{"st":"2,{-0.1,-0.27,-0.27,0.1,76.95,38.2},0.45"},"Z13":{"st":"9,{-0.39,0.02,-0.02,-0.39,56.09,103.61},0.89"},"Z22":{"st":"1,{0.48,0,0,0.48,80,80},1"},"Z5":{"st":"0,{0.38,0,0,0.38,80,80},0.26"},"Z17":{"st":"13,{0.33,0.02,0.02,-0.33,103.5,101.23},0.89"},"Z21":{"st":"17,{0.35,-0.01,-0.01,-0.35,103.31,101.52},0"},"Z16":{"st":"12,{0.2,0.11,0.11,-0.2,95.88,100.24},0.33"},"Z20":{"st":"16,{0.23,0.1,0.1,-0.23,95.35,100.39},0"},"Z12":{"st":"8,{-0.24,0.14,-0.14,-0.24,65.19,102.4},0.33"},"Z19":{"st":"15,{-0.35,0.01,0.01,0.35,58.7,59.69},0"},"Z15":{"st":"11,{-0.33,-0.02,-0.02,0.33,58.51,59.98},0.89"}},"frameNumber":97},{"state":{"Z9":{"st":"5,{0.33,-0.09,-0.09,-0.33,125.74,75.32},0.33"},"Z14":{"st":"10,{-0.18,-0.12,-0.12,0.18,65.61,61.06},0.22"},"Z8":{"st":"4,{-0.33,0.09,0.09,0.33,34.18,84.8},0.33"},"Z11":{"st":"7,{0.04,-0.24,-0.24,-0.04,100.14,59.86},0.78"},"Z10":{"st":"6,{0.09,-0.14,-0.14,-0.09,99.53,65.49},0.22"},"Z7":{"st":"3,{-0.11,0.4,-0.4,-0.11,74.28,131.09},0.33"},"Z6":{"st":"2,{-0.07,-0.25,-0.25,0.07,76.46,37.9},0.33"},"Z13":{"st":"9,{-0.37,0.06,-0.06,-0.37,55.77,103.29},0.78"},"Z22":{"st":"1,{0.5,0,0,0.5,80,80},1"},"Z5":{"st":"0,{0.37,0,0,0.37,80,80},0.25"},"Z17":{"st":"13,{0.31,0.05,0.05,-0.31,103.77,100.96},0.78"},"Z16":{"st":"12,{0.18,0.12,0.12,-0.18,96.43,100.16},0.22"},"Z12":{"st":"8,{-0.21,0.15,-0.15,-0.21,64.52,102.31},0.22"},"Z15":{"st":"11,{-0.31,-0.05,-0.05,0.31,58.24,60.25},0.78"}},"frameNumber":98},{"state":{"Z9":{"st":"5,{0.31,-0.06,-0.06,-0.31,126.27,74.69},0.22"},"Z14":{"st":"10,{-0.15,-0.13,-0.13,0.15,65.05,61.11},0.11"},"Z8":{"st":"4,{-0.31,0.06,0.06,0.31,33.64,85.43},0.22"},"Z11":{"st":"7,{0.05,-0.22,-0.22,-0.05,99.99,59.62},0.67"},"Z10":{"st":"6,{0.1,-0.11,-0.11,-0.1,99.49,65.06},0.11"},"Z7":{"st":"3,{-0.07,0.37,-0.37,-0.07,73.53,131.73},0.22"},"Z6":{"st":"2,{-0.04,-0.24,-0.24,0.04,75.98,37.49},0.22"},"Z13":{"st":"9,{-0.34,0.08,-0.08,-0.34,55.39,103.06},0.67"},"Z22":{"st":"1,{0.53,0,0,0.53,80,80},1"},"Z5":{"st":"0,{0.36,0,0,0.36,80,80},0.23"},"Z17":{"st":"13,{0.28,0.07,0.07,-0.28,104.09,100.77},0.67"},"Z16":{"st":"12,{0.15,0.12,0.12,-0.15,96.99,100.12},0.11"},"Z12":{"st":"8,{-0.18,0.15,-0.15,-0.18,63.86,102.25},0.11"},"Z15":{"st":"11,{-0.28,-0.07,-0.07,0.28,57.92,60.45},0.67"}},"frameNumber":99},{"state":{"Z9":{"st":"5,{0.29,-0.03,-0.03,-0.29,126.77,74},0.11"},"Z14":{"st":"10,{-0.12,-0.12,-0.12,0.12,64.44,61.01},0"},"Z8":{"st":"4,{-0.29,0.03,0.03,0.29,33.15,86.13},0.11"},"Z11":{"st":"7,{0.07,-0.2,-0.2,-0.07,99.81,59.31},0.55"},"Z10":{"st":"6,{0.1,-0.1,-0.1,-0.1,99.56,64.6},0"},"Z7":{"st":"3,{-0.03,0.34,-0.34,-0.03,72.7,132.32},0.11"},"Z6":{"st":"2,{-0.02,-0.22,-0.22,0.02,75.45,37.11},0.11"},"Z13":{"st":"9,{-0.31,0.11,-0.11,-0.31,54.91,102.78},0.55"},"Z22":{"st":"1,{0.56,0,0,0.56,80,80},1"},"Z5":{"st":"0,{0.35,0,0,0.35,80,80},0.22"},"Z17":{"st":"13,{0.26,0.09,0.09,-0.26,104.48,100.53},0.55"},"Z16":{"st":"12,{0.12,0.12,0.12,-0.12,97.6,100.21},0"},"Z12":{"st":"8,{-0.15,0.15,-0.15,-0.15,63.14,102.37},0"},"Z15":{"st":"11,{-0.26,-0.09,-0.09,0.26,57.52,60.69},0.55"}},"frameNumber":100},{"state":{"Z9":{"st":"5,{0.26,0,0,-0.26,127.5,73.47},0"},"Z14":{"st":"10,{-0.12,-0.12,-0.12,0.12,64.44,61.01},0"},"Z8":{"st":"4,{-0.26,0,0,0.26,32.41,86.66},0"},"Z11":{"st":"7,{-0.28,0.12,-0.12,-0.28,54.4,102.57},0.45"},"Z10":{"st":"6,{0.08,-0.18,-0.18,-0.08,99.67,58.98},0.45"},"Z7":{"st":"3,{0,0.31,-0.31,0,72.06,133.19},0"},"Z6":{"st":"2,{0,-0.2,-0.2,0,75.04,36.55},0"},"Z13":{"st":"9,{0.23,0.1,0.1,-0.23,104.91,100.36},0.45"},"Z22":{"st":"1,{0.59,0,0,0.59,80,80},1"},"Z5":{"st":"0,{0.34,0,0,0.34,80,80},0.2"},"Z17":{"st":"13,{0.26,0.09,0.09,-0.26,104.48,100.53},0"},"Z16":{"st":"12,{0.12,0.12,0.12,-0.12,97.6,100.21},0"},"Z12":{"st":"8,{-0.23,-0.1,-0.1,0.23,57.09,60.86},0.45"},"Z15":{"st":"11,{-0.26,-0.09,-0.09,0.26,57.52,60.69},0"}},"frameNumber":101},{"state":{"Z5":{"st":"0,{0.36,0,0,0.36,70,70.15},1"},"Z9":{"st":"4,{0,-1.36,1.36,0,24.8,97.85},0.2"},"Z12":{"st":"8,{-0.23,-0.1,-0.1,0.23,57.09,60.86},0"},"Z8":{"st":"3,{0,1.36,-1.36,0,112,41.45},0.2"},"Z11":{"st":"7,{-0.28,0.12,-0.12,-0.28,54.4,102.57},0"},"Z10":{"st":"6,{0.08,-0.18,-0.18,-0.08,99.67,58.98},0"},"Z7":{"st":"2,{-1.37,0,0,-1.37,96.65,113.2},0.2"},"Z6":{"st":"1,{1.37,0,0,1.37,40.3,26.05},0.2"},"Z13":{"st":"9,{0.23,0.1,0.1,-0.23,104.91,100.36},0"},"Z22":{"st":"1,{0.59,0,0,0.59,80,80},0"}},"frameNumber":102},{"state":{"Z5":{"st":"0,{0.39,0,0,0.39,70,70.15},1"},"Z7":{"st":"2,{-1.29,0.12,-0.12,-1.29,97.15,112.95},0.3"},"Z9":{"st":"4,{-0.12,-1.29,1.29,-0.12,25.1,98.35},0.3"},"Z6":{"st":"1,{1.29,-0.12,0.12,1.29,39.8,26.3},0.3"},"Z8":{"st":"3,{0.12,1.29,-1.29,0.12,111.7,40.95},0.3"}},"frameNumber":103},{"state":{"Z5":{"st":"0,{0.42,0,0,0.42,70,70.2},1"},"Z7":{"st":"2,{-1.2,0.23,-0.23,-1.2,97.3,112.55},0.4"},"Z9":{"st":"4,{-0.23,-1.2,1.2,-0.23,25.45,98.5},0.4"},"Z6":{"st":"1,{1.2,-0.23,0.23,1.2,39.65,26.7},0.4"},"Z8":{"st":"3,{0.23,1.2,-1.2,0.23,111.35,40.8},0.4"}},"frameNumber":104},{"state":{"Z5":{"st":"0,{0.45,0,0,0.45,70,70.2},1"},"Z7":{"st":"2,{-1.1,0.32,-0.32,-1.1,97.2,112.4},0.5"},"Z9":{"st":"4,{-0.32,-1.1,1.1,-0.32,25.6,98.4},0.5"},"Z6":{"st":"1,{1.1,-0.32,0.32,1.1,39.75,26.85},0.5"},"Z8":{"st":"3,{0.32,1.1,-1.1,0.32,111.2,40.9},0.5"}},"frameNumber":105},{"state":{"Z5":{"st":"0,{0.48,0,0,0.48,70,70.2},1"},"Z7":{"st":"2,{-1,0.39,-0.39,-1,96.9,112.2},0.6"},"Z9":{"st":"4,{-0.39,-1,1,-0.39,25.8,98.1},0.6"},"Z6":{"st":"1,{1,-0.39,0.39,1,40.05,27.05},0.6"},"Z8":{"st":"3,{0.39,1,-1,0.39,111,41.2},0.6"}},"frameNumber":106},{"state":{"Z5":{"st":"0,{0.51,0,0,0.51,70.05,70.2},1"},"Z9":{"st":"4,{-1.37,0,0,-1.37,81.65,128.2},0.2"},"Z12":{"st":"7,{-0.45,-0.89,0.89,-0.45,25.65,97.6},0.7"},"Z8":{"st":"3,{-0.89,0.45,-0.45,-0.89,96.4,112.35},0.7"},"Z11":{"st":"6,{0,1.36,-1.36,0,127,56.45},0.2"},"Z10":{"st":"5,{0.45,0.89,-0.89,0.45,111.15,41.7},0.7"},"Z7":{"st":"2,{1.37,0,0,1.37,55.3,11.05},0.2"},"Z6":{"st":"1,{0.89,-0.45,0.45,0.89,40.55,26.9},0.7"},"Z13":{"st":"8,{0,-1.36,1.36,0,9.8,82.85},0.2"}},"frameNumber":107},{"state":{"Z5":{"st":"0,{0.55,0,0,0.55,70.05,70.25},1"},"Z9":{"st":"4,{-1.29,0.12,-0.12,-1.29,82.1,127.85},0.3"},"Z12":{"st":"7,{-0.49,-0.78,0.78,-0.49,25.5,96.8},0.8"},"Z8":{"st":"3,{-0.78,0.49,-0.49,-0.78,95.6,112.5},0.8"},"Z11":{"st":"6,{0.12,1.29,-1.29,0.12,126.65,56},0.3"},"Z10":{"st":"5,{0.49,0.78,-0.78,0.49,111.3,42.5},0.8"},"Z7":{"st":"2,{1.29,-0.12,0.12,1.29,54.85,11.4},0.3"},"Z6":{"st":"1,{0.78,-0.49,0.49,0.78,41.35,26.75},0.8"},"Z13":{"st":"8,{-0.12,-1.29,1.29,-0.12,10.15,83.3},0.3"}},"frameNumber":108},{"state":{"Z5":{"st":"0,{0.58,0,0,0.58,70.05,70.25},1"},"Z9":{"st":"4,{-1.2,0.23,-0.23,-1.2,82.3,127.55},0.4"},"Z12":{"st":"7,{-0.52,-0.67,0.67,-0.52,25.1,95.85},0.9"},"Z8":{"st":"3,{-0.67,0.52,-0.52,-0.67,94.65,112.9},0.9"},"Z11":{"st":"6,{0.23,1.2,-1.2,0.23,126.35,55.8},0.4"},"Z10":{"st":"5,{0.52,0.67,-0.67,0.52,111.7,43.45},0.9"},"Z7":{"st":"2,{1.2,-0.23,0.23,1.2,54.65,11.7},0.4"},"Z6":{"st":"1,{0.67,-0.52,0.52,0.67,42.3,26.35},0.9"},"Z13":{"st":"8,{-0.23,-1.2,1.2,-0.23,10.45,83.5},0.4"}},"frameNumber":109},{"state":{"Z5":{"st":"0,{0.61,0,0,0.61,70.05,70.25},1"},"Z9":{"st":"4,{-1.1,0.32,-0.32,-1.1,82.25,127.35},0.5"},"Z12":{"st":"7,{-0.53,-0.57,0.57,-0.53,24.65,94.75},1"},"Z8":{"st":"3,{-0.57,0.53,-0.53,-0.57,93.55,113.35},1"},"Z11":{"st":"6,{0.32,1.1,-1.1,0.32,126.15,55.85},0.5"},"Z10":{"st":"5,{0.53,0.57,-0.57,0.53,112.15,44.55},1"},"Z7":{"st":"2,{1.1,-0.32,0.32,1.1,54.7,11.9},0.5"},"Z6":{"st":"1,{0.57,-0.53,0.53,0.57,43.4,25.9},1"},"Z13":{"st":"8,{-0.32,-1.1,1.1,-0.32,10.65,83.45},0.5"}},"frameNumber":110},{"state":{"Z5":{"st":"0,{0.64,0,0,0.64,70,70.25},1"},"Z9":{"st":"4,{-1,0.39,-0.39,-1,81.9,127.15},0.6"},"Z12":{"st":"7,{-0.55,-0.49,0.49,-0.55,24.85,94},0.89"},"Z8":{"st":"3,{-0.49,0.55,-0.55,-0.49,92.8,113.15},0.89"},"Z11":{"st":"6,{0.39,1,-1,0.39,125.95,56.2},0.6"},"Z10":{"st":"5,{0.55,0.49,-0.49,0.55,111.95,45.3},0.89"},"Z7":{"st":"2,{1,-0.39,0.39,1,55.05,12.1},0.6"},"Z6":{"st":"1,{0.49,-0.55,0.55,0.49,44.15,26.1},0.89"},"Z13":{"st":"8,{-0.39,-1,1,-0.39,10.85,83.1},0.6"}},"frameNumber":111},{"state":{"Z5":{"st":"0,{0.67,0,0,0.67,70,70.3},1"},"Z9":{"st":"4,{-0.89,0.45,-0.45,-0.89,81.35,127.3},0.7"},"Z12":{"st":"7,{-0.56,-0.41,0.41,-0.56,24.85,93.15},0.78"},"Z8":{"st":"3,{-0.41,0.56,-0.56,-0.41,91.95,113.15},0.78"},"Z11":{"st":"6,{0.45,0.89,-0.89,0.45,126.1,56.75},0.7"},"Z10":{"st":"5,{0.56,0.41,-0.41,0.56,111.95,46.15},0.78"},"Z7":{"st":"2,{0.89,-0.45,0.45,0.89,55.6,11.95},0.7"},"Z6":{"st":"1,{0.41,-0.56,0.56,0.41,45,26.1},0.78"},"Z13":{"st":"8,{-0.45,-0.89,0.89,-0.45,10.7,82.55},0.7"}},"frameNumber":112},{"state":{"Z5":{"st":"0,{0.7,0,0,0.7,70,70.3},1"},"Z9":{"st":"4,{-0.78,0.49,-0.49,-0.78,80.6,127.45},0.8"},"Z12":{"st":"7,{-0.55,-0.34,0.34,-0.55,24.6,92.3},0.67"},"Z8":{"st":"3,{-0.34,0.55,-0.55,-0.34,91.1,113.4},0.67"},"Z11":{"st":"6,{0.49,0.78,-0.78,0.49,126.25,57.5},0.8"},"Z10":{"st":"5,{0.55,0.34,-0.34,0.55,112.2,47},0.67"},"Z7":{"st":"2,{0.78,-0.49,0.49,0.78,56.35,11.8},0.8"},"Z6":{"st":"1,{0.34,-0.55,0.55,0.34,45.85,25.85},0.67"},"Z13":{"st":"8,{-0.49,-0.78,0.78,-0.49,10.55,81.8},0.8"}},"frameNumber":113},{"state":{"Z5":{"st":"0,{0.73,0,0,0.73,70,70.3},0.83"},"Z9":{"st":"4,{-0.67,0.52,-0.52,-0.67,79.65,127.9},0.9"},"Z12":{"st":"7,{-0.54,-0.27,0.27,-0.54,24.35,91.3},0.55"},"Z8":{"st":"3,{-0.27,0.54,-0.54,-0.27,90.1,113.65},0.55"},"Z11":{"st":"6,{0.52,0.67,-0.67,0.52,126.7,58.5},0.9"},"Z10":{"st":"5,{0.54,0.27,-0.27,0.54,112.45,48},0.55"},"Z7":{"st":"2,{0.67,-0.52,0.52,0.67,57.3,11.35},0.9"},"Z6":{"st":"1,{0.27,-0.54,0.54,0.27,46.85,25.6},0.55"},"Z13":{"st":"8,{-0.52,-0.67,0.67,-0.52,10.1,80.8},0.9"}},"frameNumber":114},{"state":{"Z5":{"st":"0,{0.75,0,0,0.75,70,70.3},0.67"},"Z9":{"st":"4,{-0.57,0.53,-0.53,-0.57,78.55,128.35},1"},"Z12":{"st":"7,{-0.53,-0.2,0.2,-0.53,23.95,90.45},0.45"},"Z8":{"st":"3,{-0.2,0.53,-0.53,-0.2,89.25,114.05},0.45"},"Z11":{"st":"6,{0.53,0.57,-0.57,0.53,127.15,59.55},1"},"Z10":{"st":"5,{0.53,0.2,-0.2,0.53,112.85,48.85},0.45"},"Z7":{"st":"2,{0.57,-0.53,0.53,0.57,58.4,10.9},1"},"Z6":{"st":"1,{0.2,-0.53,0.53,0.2,47.7,25.2},0.45"},"Z13":{"st":"8,{-0.53,-0.57,0.57,-0.53,9.65,79.75},1"}},"frameNumber":115},{"state":{"Z5":{"st":"0,{0.77,0,0,0.77,69.95,70.3},0.53"},"Z9":{"st":"4,{-0.49,0.55,-0.55,-0.49,77.8,128.2},0.89"},"Z12":{"st":"7,{-0.5,-0.14,0.14,-0.5,23.35,89.4},0.33"},"Z8":{"st":"3,{-0.14,0.5,-0.5,-0.14,88.2,114.65},0.33"},"Z11":{"st":"6,{0.55,0.49,-0.49,0.55,127,60.3},0.89"},"Z10":{"st":"5,{0.5,0.14,-0.14,0.5,113.45,49.9},0.33"},"Z7":{"st":"2,{0.49,-0.55,0.55,0.49,59.15,11.05},0.89"},"Z6":{"st":"1,{0.14,-0.5,0.5,0.14,48.75,24.6},0.33"},"Z13":{"st":"8,{-0.55,-0.49,0.49,-0.55,9.8,79},0.89"}},"frameNumber":116},{"state":{"Z5":{"st":"0,{0.79,0,0,0.79,70,70.35},0.41"},"Z9":{"st":"4,{-0.41,0.56,-0.56,-0.41,76.95,128.2},0.78"},"Z12":{"st":"7,{-0.47,-0.09,0.09,-0.47,22.6,88.4},0.22"},"Z8":{"st":"3,{-0.09,0.47,-0.47,-0.09,87.2,115.4},0.22"},"Z11":{"st":"6,{0.56,0.41,-0.41,0.56,127,61.15},0.78"},"Z10":{"st":"5,{0.47,0.09,-0.09,0.47,114.2,50.9},0.22"},"Z7":{"st":"2,{0.41,-0.56,0.56,0.41,60,11.05},0.78"},"Z6":{"st":"1,{0.09,-0.47,0.47,0.09,49.75,23.85},0.22"},"Z13":{"st":"8,{-0.56,-0.41,0.41,-0.56,9.8,78.15},0.78"}},"frameNumber":117},{"state":{"Z5":{"st":"0,{0.81,0,0,0.81,70,70.3},0.3"},"Z9":{"st":"4,{-0.34,0.55,-0.55,-0.34,76.15,128.4},0.67"},"Z12":{"st":"7,{-0.43,-0.04,0.04,-0.43,21.8,87.45},0.11"},"Z8":{"st":"3,{-0.04,0.43,-0.43,-0.04,86.25,116.2},0.11"},"Z11":{"st":"6,{0.55,0.34,-0.34,0.55,127.2,61.95},0.67"},"Z10":{"st":"5,{0.43,0.04,-0.04,0.43,115,51.85},0.11"},"Z7":{"st":"2,{0.34,-0.55,0.55,0.34,60.8,10.85},0.67"},"Z6":{"st":"1,{0.04,-0.43,0.43,0.04,50.7,23.05},0.11"},"Z13":{"st":"8,{-0.55,-0.34,0.34,-0.55,9.6,77.35},0.67"}},"frameNumber":118},{"state":{"Z5":{"st":"0,{0.82,0,0,0.82,70.05,70.3},0.21"},"Z9":{"st":"4,{-0.27,0.54,-0.54,-0.27,75.15,128.65},0.55"},"Z12":{"st":"7,{-0.39,0,0,-0.39,20.7,86.65},0"},"Z8":{"st":"3,{0,0.39,-0.39,0,85.45,117.3},0"},"Z11":{"st":"6,{0.54,0.27,-0.27,0.54,127.45,62.95},0.55"},"Z10":{"st":"5,{0.39,0,0,0.39,116.1,52.65},0"},"Z7":{"st":"2,{0.27,-0.54,0.54,0.27,61.8,10.6},0.55"},"Z6":{"st":"1,{0,-0.39,0.39,0,51.5,21.95},0"},"Z13":{"st":"8,{-0.54,-0.27,0.27,-0.54,9.35,76.35},0.55"}},"frameNumber":119},{"state":{"Z5":{"st":"0,{0.83,0,0,0.83,69.95,70.35},0.13"},"Z9":{"st":"4,{-0.53,-0.2,0.2,-0.53,8.95,75.4},0.45"},"Z12":{"st":"7,{-0.39,0,0,-0.39,20.7,86.65},0"},"Z8":{"st":"3,{0.53,0.2,-0.2,0.53,127.85,63.9},0.45"},"Z11":{"st":"6,{0.54,0.27,-0.27,0.54,127.45,62.95},0"},"Z10":{"st":"5,{0.39,0,0,0.39,116.1,52.65},0"},"Z7":{"st":"2,{-0.2,0.53,-0.53,-0.2,74.2,129.05},0.45"},"Z6":{"st":"1,{0.2,-0.53,0.53,0.2,62.75,10.2},0.45"},"Z13":{"st":"8,{-0.54,-0.27,0.27,-0.54,9.35,76.35},0"}},"frameNumber":120},{"state":{"Z5":{"st":"0,{0.84,0,0,0.84,70,70.3},0.07"},"Z7":{"st":"2,{-0.14,0.5,-0.5,-0.14,73.25,129.65},0.33"},"Z9":{"st":"4,{-0.5,-0.14,0.14,-0.5,8.35,74.45},0.33"},"Z6":{"st":"1,{0.14,-0.5,0.5,0.14,63.7,9.6},0.33"},"Z8":{"st":"3,{0.5,0.14,-0.14,0.5,128.45,64.85},0.33"}},"frameNumber":121},{"state":{"Z5":{"st":"0,{0.85,0,0,0.85,70,70.35},0.03"},"Z7":{"st":"2,{-0.09,0.47,-0.47,-0.09,72.3,130.45},0.22"},"Z9":{"st":"4,{-0.47,-0.09,0.09,-0.47,7.6,73.5},0.22"},"Z6":{"st":"1,{0.09,-0.47,0.47,0.09,64.65,8.8},0.22"},"Z8":{"st":"3,{0.47,0.09,-0.09,0.47,129.2,65.8},0.22"}},"frameNumber":122},{"state":{"Z5":{"st":"0,{0.85,0,0,0.85,70,70.3},0"},"Z7":{"st":"2,{-0.04,0.43,-0.43,-0.04,71.25,131.2},0.11"},"Z9":{"st":"4,{-0.43,-0.04,0.04,-0.43,6.8,72.45},0.11"},"Z6":{"st":"1,{0.04,-0.43,0.43,0.04,65.7,8.05},0.11"},"Z8":{"st":"3,{0.43,0.04,-0.04,0.43,130,66.85},0.11"}},"frameNumber":123},{"state":{"Z5":{"st":"0,{0.85,0,0,0.85,70,70.35},0"},"Z7":{"st":"2,{0,0.39,-0.39,0,70.45,132.3},0"},"Z9":{"st":"4,{-0.39,0,0,-0.39,5.7,71.65},0"},"Z6":{"st":"1,{0,-0.39,0.39,0,66.5,6.95},0"},"Z8":{"st":"3,{0.39,0,0,0.39,131.1,67.65},0"}},"frameNumber":124},{"state":{"Z5":{"st":"0,{0.58,0,0,0.58,100,100},1"},"Z9":{"st":"4,{-0.39,0,0,-0.39,5.7,71.65},0"},"Z8":{"st":"3,{0.39,0,0,0.39,131.1,67.65},0"},"Z7":{"st":"3,{2.22,0,0,2.22,83.85,64.3},0.2"},"Z6":{"st":"2,{-2.22,0,0,2.22,112.1,52.2},0.2"},"Z22":{"st":"1,{1,0,0,1,100,100},1"}},"frameNumber":125},{"state":{"Z5":{"st":"0,{0.64,0,0,0.64,100,100},1"},"Z7":{"st":"3,{2.09,-0.19,0.19,2.09,83.05,64.75},0.3"},"Z6":{"st":"2,{-2.09,-0.19,-0.19,2.09,112.9,52.65},0.3"},"Z22":{"st":"1,{0.92,0,0,0.92,100,100},1"}},"frameNumber":126},{"state":{"Z5":{"st":"0,{0.69,0,0,0.69,100,100},1"},"Z7":{"st":"3,{1.94,-0.37,0.37,1.94,82.75,65.3},0.4"},"Z6":{"st":"2,{-1.94,-0.37,-0.37,1.94,113.2,53.2},0.4"},"Z22":{"st":"1,{0.84,0,0,0.84,100,100},1"}},"frameNumber":127},{"state":{"Z5":{"st":"0,{0.74,0,0,0.74,100,100},1"},"Z7":{"st":"3,{1.79,-0.51,0.51,1.79,82.95,65.6},0.5"},"Z6":{"st":"2,{-1.79,-0.51,-0.51,1.79,113,53.5},0.5"},"Z22":{"st":"1,{0.76,0,0,0.76,100,100},1"}},"frameNumber":128},{"state":{"Z5":{"st":"0,{0.79,0,0,0.79,100,100},1"},"Z9":{"st":"5,{-2.22,0,0,2.22,112.1,96.35},0.2"},"Z8":{"st":"4,{2.22,0,0,2.22,83.85,84.25},0.2"},"Z7":{"st":"3,{1.62,-0.64,0.64,1.62,83.35,65.9},0.6"},"Z6":{"st":"2,{-1.62,-0.64,-0.64,1.62,112.6,53.8},0.6"},"Z22":{"st":"1,{0.68,0,0,0.68,100,100},1"}},"frameNumber":129},{"state":{"Z5":{"st":"0,{0.84,0,0,0.84,100,100},0.75"},"Z9":{"st":"5,{2.22,0,0,2.22,108.2,39.95},0.2"},"Z8":{"st":"4,{1.44,-0.73,0.73,1.44,84.25,65.75},0.7"},"Z11":{"st":"7,{-2.09,-0.19,-0.19,2.09,112.9,96.8},0.3"},"Z10":{"st":"6,{2.09,-0.19,0.19,2.09,83.05,84.7},0.3"},"Z7":{"st":"3,{-2.22,0,0,2.22,87.75,27.85},0.2"},"Z6":{"st":"2,{-1.44,-0.73,-0.73,1.44,111.7,53.65},0.7"},"Z22":{"st":"1,{0.64,0,0,0.64,100,100},0.75"}},"frameNumber":130},{"state":{"Z5":{"st":"0,{0.9,0,0,0.9,100,100},0.5"},"Z9":{"st":"5,{2.09,-0.19,0.19,2.09,107.45,40.5},0.3"},"Z8":{"st":"4,{1.27,-0.8,0.8,1.27,85.55,65.45},0.8"},"Z11":{"st":"7,{-1.94,-0.37,-0.37,1.94,113.2,97.35},0.4"},"Z10":{"st":"6,{1.94,-0.37,0.37,1.94,82.75,85.25},0.4"},"Z7":{"st":"3,{-2.09,-0.19,-0.19,2.09,88.5,28.4},0.3"},"Z6":{"st":"2,{-1.27,-0.8,-0.8,1.27,110.4,53.35},0.8"},"Z22":{"st":"1,{0.6,0,0,0.6,100,100},0.5"}},"frameNumber":131},{"state":{"Z5":{"st":"0,{0.95,0,0,0.95,100,100},0.25"},"Z9":{"st":"5,{1.94,-0.37,0.37,1.94,107.1,41},0.4"},"Z8":{"st":"4,{1.09,-0.84,0.84,1.09,87,64.7},0.9"},"Z11":{"st":"7,{-1.79,-0.51,-0.51,1.79,113,97.65},0.5"},"Z10":{"st":"6,{1.79,-0.51,0.51,1.79,82.95,85.55},0.5"},"Z7":{"st":"3,{-1.94,-0.37,-0.37,1.94,88.85,28.9},0.4"},"Z6":{"st":"2,{-1.09,-0.84,-0.84,1.09,108.95,52.6},0.9"},"Z22":{"st":"1,{0.56,0,0,0.56,100,100},0.25"}},"frameNumber":132},{"state":{"Z5":{"st":"0,{1,0,0,1,100,100},0"},"Z9":{"st":"5,{1.79,-0.51,0.51,1.79,107.2,41.3},0.5"},"Z8":{"st":"4,{0.92,-0.86,0.86,0.92,88.9,64.05},1"},"Z11":{"st":"7,{-1.62,-0.64,-0.64,1.62,112.6,97.95},0.6"},"Z10":{"st":"6,{1.62,-0.64,0.64,1.62,83.35,85.85},0.6"},"Z7":{"st":"3,{-1.79,-0.51,-0.51,1.79,88.75,29.2},0.5"},"Z6":{"st":"2,{-0.92,-0.86,-0.86,0.92,107.05,51.95},1"},"Z22":{"st":"1,{0.53,0,0,0.53,100,100},0"}},"frameNumber":133},{"state":{"Z5":{"st":"0,{1,0,0,1,100,100},0"},"Z9":{"st":"3,{1.62,-0.64,0.64,1.62,107.8,41.6},0.6"},"Z12":{"st":"6,{-1.44,-0.73,-0.73,1.44,111.7,97.8},0.7"},"Z8":{"st":"2,{0.79,-0.89,0.89,0.79,90.15,64.3},0.89"},"Z11":{"st":"5,{2.22,0,0,2.22,108.2,59.9},0.2"},"Z10":{"st":"4,{1.44,-0.73,0.73,1.44,84.25,85.7},0.7"},"Z7":{"st":"1,{-1.62,-0.64,-0.64,1.62,88.15,29.5},0.6"},"Z6":{"st":"0,{-0.79,-0.89,-0.89,0.79,105.8,52.2},0.89"},"Z13":{"st":"7,{-2.22,0,0,2.22,87.75,72},0.2"},"Z22":{"st":"1,{0.53,0,0,0.53,100,100},0"}},"frameNumber":134},{"state":{"Z9":{"st":"3,{1.44,-0.73,0.73,1.44,108.65,41.4},0.7"},"Z12":{"st":"6,{-1.27,-0.8,-0.8,1.27,110.4,97.5},0.8"},"Z8":{"st":"2,{0.67,-0.9,0.9,0.67,91.5,64.3},0.78"},"Z11":{"st":"5,{2.09,-0.19,0.19,2.09,107.45,60.45},0.3"},"Z10":{"st":"4,{1.27,-0.8,0.8,1.27,85.55,85.4},0.8"},"Z7":{"st":"1,{-1.44,-0.73,-0.73,1.44,87.3,29.3},0.7"},"Z6":{"st":"0,{-0.67,-0.9,-0.9,0.67,104.45,52.2},0.78"},"Z13":{"st":"7,{-2.09,-0.19,-0.19,2.09,88.5,72.55},0.3"}},"frameNumber":135},{"state":{"Z9":{"st":"3,{1.27,-0.8,0.8,1.27,109.85,41.1},0.8"},"Z12":{"st":"6,{-1.09,-0.84,-0.84,1.09,108.95,96.75},0.9"},"Z8":{"st":"2,{0.55,-0.9,0.9,0.55,92.8,63.9},0.67"},"Z11":{"st":"5,{1.94,-0.37,0.37,1.94,107.1,60.95},0.4"},"Z10":{"st":"4,{1.09,-0.84,0.84,1.09,87,84.65},0.9"},"Z7":{"st":"1,{-1.27,-0.8,-0.8,1.27,86.1,29},0.8"},"Z6":{"st":"0,{-0.55,-0.9,-0.9,0.55,103.15,51.8},0.67"},"Z13":{"st":"7,{-1.94,-0.37,-0.37,1.94,88.85,73.05},0.4"}},"frameNumber":136},{"state":{"Z9":{"st":"3,{1.09,-0.84,0.84,1.09,111.5,40.35},0.9"},"Z12":{"st":"6,{-0.92,-0.86,-0.86,0.92,107.05,96.1},1"},"Z8":{"st":"2,{0.43,-0.88,0.88,0.43,94.4,63.55},0.55"},"Z11":{"st":"5,{1.79,-0.51,0.51,1.79,107.2,61.25},0.5"},"Z10":{"st":"4,{0.92,-0.86,0.86,0.92,88.9,84},1"},"Z7":{"st":"1,{-1.09,-0.84,-0.84,1.09,84.45,28.25},0.9"},"Z6":{"st":"0,{-0.43,-0.88,-0.88,0.43,101.55,51.45},0.55"},"Z13":{"st":"7,{-1.79,-0.51,-0.51,1.79,88.75,73.35},0.5"}},"frameNumber":137},{"state":{"Z9":{"st":"3,{0.92,-0.86,0.86,0.92,113.25,39.7},1"},"Z12":{"st":"6,{-0.79,-0.89,-0.89,0.79,105.8,96.35},0.89"},"Z8":{"st":"2,{0.32,-0.85,0.85,0.32,95.95,62.9},0.45"},"Z11":{"st":"5,{1.62,-0.64,0.64,1.62,107.8,61.55},0.6"},"Z10":{"st":"4,{0.79,-0.89,0.89,0.79,90.15,84.25},0.89"},"Z7":{"st":"1,{-0.92,-0.86,-0.86,0.92,82.7,27.6},1"},"Z6":{"st":"0,{-0.32,-0.85,-0.85,0.32,100,50.8},0.45"},"Z13":{"st":"7,{-1.62,-0.64,-0.64,1.62,88.15,73.65},0.6"}},"frameNumber":138},{"state":{"Z9":{"st":"3,{0.79,-0.89,0.89,0.79,114.5,39.85},0.89"},"Z12":{"st":"6,{-0.67,-0.9,-0.9,0.67,104.45,96.35},0.78"},"Z8":{"st":"2,{0.23,-0.81,0.81,0.23,97.6,61.9},0.33"},"Z11":{"st":"5,{1.44,-0.73,0.73,1.44,108.65,61.35},0.7"},"Z10":{"st":"4,{0.67,-0.9,0.9,0.67,91.5,84.25},0.78"},"Z7":{"st":"1,{-0.79,-0.89,-0.89,0.79,81.45,27.75},0.89"},"Z6":{"st":"0,{-0.23,-0.81,-0.81,0.23,98.35,49.8},0.33"},"Z13":{"st":"7,{-1.44,-0.73,-0.73,1.44,87.3,73.45},0.7"}},"frameNumber":139},{"state":{"Z9":{"st":"3,{0.67,-0.9,0.9,0.67,115.75,39.9},0.78"},"Z12":{"st":"6,{-0.55,-0.9,-0.9,0.55,103.15,95.95},0.67"},"Z8":{"st":"2,{0.14,-0.76,0.76,0.14,99.15,60.7},0.22"},"Z11":{"st":"5,{1.27,-0.8,0.8,1.27,109.85,61.05},0.8"},"Z10":{"st":"4,{0.55,-0.9,0.9,0.55,92.8,83.85},0.67"},"Z7":{"st":"1,{-0.67,-0.9,-0.9,0.67,80.2,27.8},0.78"},"Z6":{"st":"0,{-0.14,-0.76,-0.76,0.14,96.8,48.6},0.22"},"Z13":{"st":"7,{-1.27,-0.8,-0.8,1.27,86.1,73.15},0.8"}},"frameNumber":140},{"state":{"Z9":{"st":"3,{0.55,-0.9,0.9,0.55,117.15,39.6},0.67"},"Z12":{"st":"6,{-0.43,-0.88,-0.88,0.43,101.55,95.6},0.55"},"Z8":{"st":"2,{0.06,-0.7,0.7,0.06,100.7,59.4},0.11"},"Z11":{"st":"5,{1.09,-0.84,0.84,1.09,111.5,60.3},0.9"},"Z10":{"st":"4,{0.43,-0.88,0.88,0.43,94.4,83.5},0.55"},"Z7":{"st":"1,{-0.55,-0.9,-0.9,0.55,78.8,27.5},0.67"},"Z6":{"st":"0,{-0.06,-0.7,-0.7,0.06,95.25,47.3},0.11"},"Z13":{"st":"7,{-1.09,-0.84,-0.84,1.09,84.45,72.4},0.9"}},"frameNumber":141},{"state":{"Z9":{"st":"3,{0.43,-0.88,0.88,0.43,118.7,39.2},0.55"},"Z12":{"st":"6,{-0.32,-0.85,-0.85,0.32,100,94.95},0.45"},"Z8":{"st":"2,{0,-0.63,0.63,0,102.05,57.6},0"},"Z11":{"st":"5,{0.92,-0.86,0.86,0.92,113.25,59.65},1"},"Z10":{"st":"4,{0.32,-0.85,0.85,0.32,95.95,82.85},0.45"},"Z7":{"st":"1,{-0.43,-0.88,-0.88,0.43,77.25,27.1},0.55"},"Z6":{"st":"0,{0,-0.63,-0.63,0,93.9,45.5},0"},"Z13":{"st":"7,{-0.92,-0.86,-0.86,0.92,82.7,71.75},1"}},"frameNumber":142},{"state":{"Z9":{"st":"3,{0.79,-0.89,0.89,0.79,114.5,59.8},0.89"},"Z12":{"st":"6,{-0.32,-0.85,-0.85,0.32,100,94.95},0"},"Z8":{"st":"2,{0.23,-0.81,0.81,0.23,97.6,81.85},0.33"},"Z11":{"st":"5,{-0.79,-0.89,-0.89,0.79,81.45,71.9},0.89"},"Z10":{"st":"4,{-0.23,-0.81,-0.81,0.23,98.35,93.95},0.33"},"Z7":{"st":"1,{0.32,-0.85,0.85,0.32,120.3,38.55},0.45"},"Z6":{"st":"0,{-0.32,-0.85,-0.85,0.32,75.65,26.45},0.45"},"Z13":{"st":"7,{-0.92,-0.86,-0.86,0.92,82.7,71.75},0"}},"frameNumber":143},{"state":{"Z9":{"st":"3,{0.67,-0.9,0.9,0.67,115.75,59.85},0.78"},"Z8":{"st":"2,{0.14,-0.76,0.76,0.14,99.15,80.65},0.22"},"Z11":{"st":"5,{-0.67,-0.9,-0.9,0.67,80.2,71.95},0.78"},"Z10":{"st":"4,{-0.14,-0.76,-0.76,0.14,96.8,92.75},0.22"},"Z7":{"st":"1,{0.23,-0.81,0.81,0.23,121.8,37.6},0.33"},"Z6":{"st":"0,{-0.23,-0.81,-0.81,0.23,74.15,25.5},0.33"}},"frameNumber":144},{"state":{"Z9":{"st":"3,{0.55,-0.9,0.9,0.55,117.15,59.55},0.67"},"Z8":{"st":"2,{0.06,-0.7,0.7,0.06,100.7,79.35},0.11"},"Z11":{"st":"5,{-0.55,-0.9,-0.9,0.55,78.8,71.65},0.67"},"Z10":{"st":"4,{-0.06,-0.7,-0.7,0.06,95.25,91.45},0.11"},"Z7":{"st":"1,{0.14,-0.76,0.76,0.14,123.4,36.35},0.22"},"Z6":{"st":"0,{-0.14,-0.76,-0.76,0.14,72.55,24.25},0.22"}},"frameNumber":145},{"state":{"Z9":{"st":"3,{0.43,-0.88,0.88,0.43,118.7,59.15},0.55"},"Z8":{"st":"2,{0,-0.63,0.63,0,102.05,77.55},0"},"Z11":{"st":"5,{-0.43,-0.88,-0.88,0.43,77.25,71.25},0.55"},"Z10":{"st":"4,{0,-0.63,-0.63,0,93.9,89.65},0"},"Z7":{"st":"1,{0.06,-0.7,0.7,0.06,125.05,35.05},0.11"},"Z6":{"st":"0,{-0.06,-0.7,-0.7,0.06,70.9,22.95},0.11"}},"frameNumber":146},{"state":{"Z9":{"st":"3,{-0.32,-0.85,-0.85,0.32,75.65,70.6},0.45"},"Z8":{"st":"2,{0.32,-0.85,0.85,0.32,120.3,58.5},0.45"},"Z11":{"st":"5,{-0.43,-0.88,-0.88,0.43,77.25,71.25},0"},"Z10":{"st":"4,{0,-0.63,-0.63,0,93.9,89.65},0"},"Z7":{"st":"1,{0,-0.63,0.63,0,126.35,33.3},0"},"Z6":{"st":"0,{0,-0.63,-0.63,0,69.6,21.2},0"}},"frameNumber":147},{"state":{"Z9":{"st":"3,{-0.23,-0.81,-0.81,0.23,74.15,69.65},0.33"},"Z8":{"st":"2,{0.23,-0.81,0.81,0.23,121.8,57.55},0.33"}},"frameNumber":148},{"state":{"Z9":{"st":"3,{-0.14,-0.76,-0.76,0.14,72.55,68.4},0.22"},"Z8":{"st":"2,{0.14,-0.76,0.76,0.14,123.4,56.3},0.22"}},"frameNumber":149},{"state":{"Z9":{"st":"3,{-0.06,-0.7,-0.7,0.06,70.9,67.1},0.11"},"Z8":{"st":"2,{0.06,-0.7,0.7,0.06,125.05,55},0.11"}},"frameNumber":150},{"state":{"Z9":{"st":"3,{0,-0.63,-0.63,0,69.6,65.35},0"},"Z8":{"st":"2,{0,-0.63,0.63,0,126.35,53.25},0"}},"frameNumber":151},{"state":{"Z7":{"st":"1,{0,-0.63,0.63,0,126.35,33.3},0"},"Z9":{"st":"3,{0,-0.63,-0.63,0,69.6,65.35},0"},"Z6":{"st":"0,{0,-0.63,-0.63,0,69.6,21.2},0"},"Z3":{"st":"0,{0.39,0,0,0.77,34.45,33.95},1","e":[{"y":"5","t":"Fblur","x":"5"}]},"Z8":{"st":"2,{0,-0.63,0.63,0,126.35,53.25},0"}},"frameNumber":152},{"state":{"Z2":{"st":"0,{0.77,0,0,0.77,60,59.45},1","e":[{"y":"5","t":"Fblur","x":"5"}]},"Z3":{"st":"0,{0.39,0,0,0.77,34.45,33.95},0","e":[{"y":"5","t":"Fblur","x":"5"}]}},"frameNumber":153},{"state":{"Z1":{"c":"0,0,0.85,0,1,0,0.75","st":"0,{0.56,0.53,-0.53,0.56,58.3,0.5},1","e":[{"y":"10","t":"Fblur","x":"10"}]},"Z2":{"st":"0,{0.77,0,0,0.77,60,59.45},0","e":[{"y":"5","t":"Fblur","x":"5"}]}},"frameNumber":154}],"animationSequences":[{"endFrameNo":50,"id":"cross","startFrameNo":26},{"endFrameNo":78,"id":"idle","startFrameNo":51},{"endFrameNo":101,"id":"move","startFrameNo":79},{"endFrameNo":124,"id":"show","startFrameNo":102},{"endFrameNo":151,"id":"vanish","startFrameNo":125},{"endFrameNo":152,"id":"line_remover","startFrameNo":152},{"endFrameNo":153,"id":"burst01","startFrameNo":153},{"endFrameNo":153,"id":"burst02","startFrameNo":154}],"animationMasks":{}}